id,selector,riskGate,targetPct,stopPct,maxHoldTradingDays,capacityTWD,2023_24_netReturnPct,2025_netReturnPct,2026_authorPeriod_netReturnPct,2026_authorPeriod_endingTWD,2026_authorPeriod_closedTrades,2026_authorPeriod_winPct,2026_authorPeriod_maxDDPct,2026_authorPeriod_unclosedPositions
G__SCORE50__TP3__SL5__H3__CAP200K,G,SCORE50,3.0,5.0,3,200000.0,-66.619,-42.93,-40.925,295376.41,63,52.38,-43.434,1
G__SCORE50__TP3__SL5__H3__CAP500K,G,SCORE50,3.0,5.0,3,500000.0,-75.483,-55.499,-66.783,166085.04,52,48.08,-67.994,1
G__SCORE50__TP3__SL5__H3__CAPALL,G,SCORE50,3.0,5.0,3,,-75.483,-55.837,-66.835,165825.65,52,48.08,-68.047,1
G__SCORE50__TP3__SL5__H5__CAP200K,G,SCORE50,3.0,5.0,5,200000.0,-68.598,-44.881,-40.33,298351.4,63,52.38,-43.215,1
G__SCORE50__TP3__SL5__H5__CAP500K,G,SCORE50,3.0,5.0,5,500000.0,-77.163,-57.79,-66.263,168682.6,52,48.08,-67.997,1
G__SCORE50__TP3__SL5__H5__CAPALL,G,SCORE50,3.0,5.0,5,,-77.163,-58.098,-66.355,168223.4,52,48.08,-68.098,1
G__SCORE50__TP3__SL5__H10__CAP200K,G,SCORE50,3.0,5.0,10,200000.0,-65.79,-44.881,-40.33,298351.4,63,52.38,-43.215,1
G__SCORE50__TP3__SL5__H10__CAP500K,G,SCORE50,3.0,5.0,10,500000.0,-77.091,-57.79,-66.263,168682.6,52,48.08,-67.997,1
G__SCORE50__TP3__SL5__H10__CAPALL,G,SCORE50,3.0,5.0,10,,-77.091,-58.098,-66.355,168223.4,52,48.08,-68.098,1
G__SCORE50__TP3__SL8__H3__CAP200K,G,SCORE50,3.0,8.0,3,200000.0,-67.285,-20.281,-28.459,357703.0,61,68.85,-33.15,2
G__SCORE50__TP3__SL8__H3__CAP500K,G,SCORE50,3.0,8.0,3,500000.0,-75.526,-37.267,-50.022,249891.68,44,65.91,-53.694,1
G__SCORE50__TP3__SL8__H3__CAPALL,G,SCORE50,3.0,8.0,3,,-75.526,-37.998,-50.137,249317.39,44,65.91,-53.806,1
G__SCORE50__TP3__SL8__H5__CAP200K,G,SCORE50,3.0,8.0,5,200000.0,-61.983,-21.689,-28.278,358610.51,61,68.85,-33.392,2
G__SCORE50__TP3__SL8__H5__CAP500K,G,SCORE50,3.0,8.0,5,500000.0,-75.162,-50.665,-46.272,268639.97,42,66.67,-50.991,1
G__SCORE50__TP3__SL8__H5__CAPALL,G,SCORE50,3.0,8.0,5,,-75.162,-51.276,-46.663,266685.29,42,66.67,-51.37,1
G__SCORE50__TP3__SL8__H10__CAP200K,G,SCORE50,3.0,8.0,10,200000.0,-59.499,-18.834,-25.281,373594.11,61,70.49,-31.333,2
G__SCORE50__TP3__SL8__H10__CAP500K,G,SCORE50,3.0,8.0,10,500000.0,-74.366,-45.587,-40.511,297445.51,42,69.05,-48.257,1
G__SCORE50__TP3__SL8__H10__CAPALL,G,SCORE50,3.0,8.0,10,,-74.366,-46.25,-40.945,295273.59,42,69.05,-48.656,1
G__SCORE50__TP3__SL12__H3__CAP200K,G,SCORE50,3.0,12.0,3,200000.0,-55.868,-18.156,-18.557,407215.21,62,75.81,-23.695,2
G__SCORE50__TP3__SL12__H3__CAP500K,G,SCORE50,3.0,12.0,3,500000.0,-66.815,-27.258,-56.836,215818.52,37,67.57,-58.404,0
G__SCORE50__TP3__SL12__H3__CAPALL,G,SCORE50,3.0,12.0,3,,-66.815,-28.438,-57.011,214945.63,37,67.57,-58.579,0
G__SCORE50__TP3__SL12__H5__CAP200K,G,SCORE50,3.0,12.0,5,200000.0,-55.722,-12.594,-13.944,430279.26,60,80.0,-19.013,3
G__SCORE50__TP3__SL12__H5__CAP500K,G,SCORE50,3.0,12.0,5,500000.0,-73.444,-23.744,-45.846,270769.42,35,71.43,-50.604,1
G__SCORE50__TP3__SL12__H5__CAPALL,G,SCORE50,3.0,12.0,5,,-73.444,-24.778,-46.121,269392.54,34,73.53,-50.875,1
G__SCORE50__TP3__SL12__H10__CAP200K,G,SCORE50,3.0,12.0,10,200000.0,-61.133,0.061,-12.647,436767.0,60,81.67,-17.442,3
G__SCORE50__TP3__SL12__H10__CAP500K,G,SCORE50,3.0,12.0,10,500000.0,-72.666,-9.367,-43.875,280627.03,35,74.29,-50.404,1
G__SCORE50__TP3__SL12__H10__CAPALL,G,SCORE50,3.0,12.0,10,,-72.666,-11.084,-44.158,279211.53,34,76.47,-50.675,1
G__SCORE50__TP3__SL0__H3__CAP200K,G,SCORE50,3.0,,3,200000.0,-36.958,-10.397,-8.569,457156.21,61,77.05,-17.624,2
G__SCORE50__TP3__SL0__H3__CAP500K,G,SCORE50,3.0,,3,500000.0,-60.287,-10.474,-33.16,334200.14,36,72.22,-38.835,0
G__SCORE50__TP3__SL0__H3__CAPALL,G,SCORE50,3.0,,3,,-60.287,-11.696,-34.6,327001.26,34,70.59,-40.045,0
G__SCORE50__TP3__SL0__H5__CAP200K,G,SCORE50,3.0,,5,200000.0,-33.804,3.58,-5.671,471646.96,58,82.76,-19.946,3
G__SCORE50__TP3__SL0__H5__CAP500K,G,SCORE50,3.0,,5,500000.0,-59.69,18.644,-40.927,295366.14,34,76.47,-46.115,1
G__SCORE50__TP3__SL0__H5__CAPALL,G,SCORE50,3.0,,5,,-59.69,22.352,-42.321,288392.64,30,76.67,-47.411,1
G__SCORE50__TP3__SL0__H10__CAP200K,G,SCORE50,3.0,,10,200000.0,-39.375,7.941,-7.47,462651.39,52,86.54,-23.322,3
G__SCORE50__TP3__SL0__H10__CAP500K,G,SCORE50,3.0,,10,500000.0,-59.259,41.89,-10.758,446208.25,32,84.38,-32.756,1
G__SCORE50__TP3__SL0__H10__CAPALL,G,SCORE50,3.0,,10,,-59.259,57.071,-19.899,400503.33,26,84.62,-40.001,1
G__SCORE50__TP5__SL5__H3__CAP200K,G,SCORE50,5.0,5.0,3,200000.0,-53.144,-38.612,-19.185,404073.17,59,47.46,-22.385,1
G__SCORE50__TP5__SL5__H3__CAP500K,G,SCORE50,5.0,5.0,3,500000.0,-61.618,-45.139,-43.435,282825.52,48,45.83,-50.648,1
G__SCORE50__TP5__SL5__H3__CAPALL,G,SCORE50,5.0,5.0,3,,-61.714,-46.085,-43.562,282191.09,48,45.83,-50.77,1
G__SCORE50__TP5__SL5__H5__CAP200K,G,SCORE50,5.0,5.0,5,200000.0,-52.022,-44.268,-17.884,410578.68,59,47.46,-21.989,1
G__SCORE50__TP5__SL5__H5__CAP500K,G,SCORE50,5.0,5.0,5,500000.0,-69.435,-40.901,-40.536,297319.85,46,45.65,-47.657,1
G__SCORE50__TP5__SL5__H5__CAPALL,G,SCORE50,5.0,5.0,5,,-69.483,-41.909,-40.778,296111.62,46,45.65,-47.868,1
G__SCORE50__TP5__SL5__H10__CAP200K,G,SCORE50,5.0,5.0,10,200000.0,-52.075,-44.268,-21.756,391219.53,59,45.76,-25.29,1
G__SCORE50__TP5__SL5__H10__CAP500K,G,SCORE50,5.0,5.0,10,500000.0,-67.395,-40.901,-46.186,269071.5,46,43.48,-51.801,1
G__SCORE50__TP5__SL5__H10__CAPALL,G,SCORE50,5.0,5.0,10,,-67.43,-41.909,-46.186,269071.5,46,43.48,-51.801,1
G__SCORE50__TP5__SL8__H3__CAP200K,G,SCORE50,5.0,8.0,3,200000.0,-60.668,-10.163,-9.217,453913.79,57,61.4,-19.692,2
G__SCORE50__TP5__SL8__H3__CAP500K,G,SCORE50,5.0,8.0,3,500000.0,-69.296,15.302,-19.497,402513.54,41,63.41,-40.516,1
G__SCORE50__TP5__SL8__H3__CAPALL,G,SCORE50,5.0,8.0,3,,-69.421,27.08,-23.772,381142.28,40,62.5,-43.059,1
G__SCORE50__TP5__SL8__H5__CAP200K,G,SCORE50,5.0,8.0,5,200000.0,-60.11,-9.855,-6.406,467967.61,57,61.4,-18.109,2
G__SCORE50__TP5__SL8__H5__CAP500K,G,SCORE50,5.0,8.0,5,500000.0,-73.051,25.853,-14.882,425592.5,44,68.18,-39.351,1
G__SCORE50__TP5__SL8__H5__CAPALL,G,SCORE50,5.0,8.0,5,,-73.23,20.746,-22.878,385610.74,37,62.16,-44.834,1
G__SCORE50__TP5__SL8__H10__CAP200K,G,SCORE50,5.0,8.0,10,200000.0,-63.918,-22.688,-2.734,486328.1,57,63.16,-17.483,2
G__SCORE50__TP5__SL8__H10__CAP500K,G,SCORE50,5.0,8.0,10,500000.0,-72.454,-2.988,-3.559,482204.17,44,70.45,-36.933,1
G__SCORE50__TP5__SL8__H10__CAPALL,G,SCORE50,5.0,8.0,10,,-72.608,-14.929,-12.715,436426.05,37,64.86,-42.701,1
G__SCORE50__TP5__SL12__H3__CAP200K,G,SCORE50,5.0,12.0,3,200000.0,-41.037,-2.281,-2.028,489860.21,57,68.42,-21.415,2
G__SCORE50__TP5__SL12__H3__CAP500K,G,SCORE50,5.0,12.0,3,500000.0,-60.77,34.1,-36.747,316265.24,37,64.86,-45.573,1
G__SCORE50__TP5__SL12__H3__CAPALL,G,SCORE50,5.0,12.0,3,,-60.77,53.616,-38.805,305977.22,33,63.64,-46.245,1
G__SCORE50__TP5__SL12__H5__CAP200K,G,SCORE50,5.0,12.0,5,200000.0,-54.065,-2.652,10.899,554494.38,56,73.21,-16.237,2
G__SCORE50__TP5__SL12__H5__CAP500K,G,SCORE50,5.0,12.0,5,500000.0,-64.118,68.832,24.975,624875.11,47,76.6,-21.637,2
G__SCORE50__TP5__SL12__H5__CAPALL,G,SCORE50,5.0,12.0,5,,-64.118,160.332,0.702,503508.57,31,74.19,-35.374,1
G__SCORE50__TP5__SL12__H10__CAP200K,G,SCORE50,5.0,12.0,10,200000.0,-54.058,3.639,12.395,561975.09,56,75.0,-16.146,2
G__SCORE50__TP5__SL12__H10__CAP500K,G,SCORE50,5.0,12.0,10,500000.0,-55.536,51.862,33.266,666331.61,47,78.72,-21.292,2
G__SCORE50__TP5__SL12__H10__CAPALL,G,SCORE50,5.0,12.0,10,,-54.097,90.761,13.818,569088.53,31,77.42,-30.723,1
G__SCORE50__TP5__SL0__H3__CAP200K,G,SCORE50,5.0,,3,200000.0,-30.58,-1.518,-0.785,496075.5,56,67.86,-19.428,2
G__SCORE50__TP5__SL0__H3__CAP500K,G,SCORE50,5.0,,3,500000.0,-64.439,38.281,-20.721,396393.67,39,66.67,-39.296,1
G__SCORE50__TP5__SL0__H3__CAPALL,G,SCORE50,5.0,,3,,-64.439,56.894,-25.821,370893.75,30,63.33,-42.904,1
G__SCORE50__TP5__SL0__H5__CAP200K,G,SCORE50,5.0,,5,200000.0,-37.424,1.451,15.174,575871.22,54,75.93,-15.74,2
G__SCORE50__TP5__SL0__H5__CAP500K,G,SCORE50,5.0,,5,500000.0,-58.126,58.185,47.632,738158.34,46,78.26,-23.576,2
G__SCORE50__TP5__SL0__H5__CAPALL,G,SCORE50,5.0,,5,,-58.126,110.488,47.736,738680.91,28,78.57,-36.094,1
G__SCORE50__TP5__SL0__H10__CAP200K,G,SCORE50,5.0,,10,200000.0,-41.141,-1.086,6.951,534755.29,47,80.85,-25.413,3
G__SCORE50__TP5__SL0__H10__CAP500K,G,SCORE50,5.0,,10,500000.0,-63.344,42.125,-7.958,460208.28,30,73.33,-36.356,1
G__SCORE50__TP5__SL0__H10__CAPALL,G,SCORE50,5.0,,10,,-63.344,64.521,-5.856,470719.04,19,78.95,-35.151,1
G__SCORE50__TP8__SL5__H3__CAP200K,G,SCORE50,8.0,5.0,3,200000.0,-34.06,10.19,-5.604,471979.08,57,43.86,-18.081,1
G__SCORE50__TP8__SL5__H3__CAP500K,G,SCORE50,8.0,5.0,3,500000.0,-45.318,21.804,-26.367,368165.11,43,41.86,-46.123,1
G__SCORE50__TP8__SL5__H3__CAPALL,G,SCORE50,8.0,5.0,3,,-49.711,8.018,-26.839,365805.49,43,41.86,-46.498,1
G__SCORE50__TP8__SL5__H5__CAP200K,G,SCORE50,8.0,5.0,5,200000.0,-39.065,-1.798,-5.644,471781.41,57,42.11,-20.855,1
G__SCORE50__TP8__SL5__H5__CAP500K,G,SCORE50,8.0,5.0,5,500000.0,-55.949,9.462,-22.077,389613.36,41,41.46,-44.132,1
G__SCORE50__TP8__SL5__H5__CAPALL,G,SCORE50,8.0,5.0,5,,-56.134,-3.862,-23.063,384684.68,41,41.46,-44.702,1
G__SCORE50__TP8__SL5__H10__CAP200K,G,SCORE50,8.0,5.0,10,200000.0,-35.876,-1.155,-9.516,452422.26,57,40.35,-21.558,1
G__SCORE50__TP8__SL5__H10__CAP500K,G,SCORE50,8.0,5.0,10,500000.0,-55.469,25.573,-30.07,349648.14,41,39.02,-45.985,1
G__SCORE50__TP8__SL5__H10__CAPALL,G,SCORE50,8.0,5.0,10,,-57.412,15.694,-30.07,349648.14,41,39.02,-45.985,1
G__SCORE50__TP8__SL8__H3__CAP200K,G,SCORE50,8.0,8.0,3,200000.0,-36.574,16.878,3.475,517377.26,53,56.6,-17.761,2
G__SCORE50__TP8__SL8__H3__CAP500K,G,SCORE50,8.0,8.0,3,500000.0,-58.326,57.526,24.61,623052.45,45,60.0,-28.496,2
G__SCORE50__TP8__SL8__H3__CAPALL,G,SCORE50,8.0,8.0,3,,-60.052,87.723,-1.94,490299.41,36,58.33,-45.626,1
G__SCORE50__TP8__SL8__H5__CAP200K,G,SCORE50,8.0,8.0,5,200000.0,-37.131,-6.89,9.183,545917.03,53,56.6,-16.49,2
G__SCORE50__TP8__SL8__H5__CAP500K,G,SCORE50,8.0,8.0,5,500000.0,-69.429,53.301,30.02,650100.93,42,59.52,-26.287,2
G__SCORE50__TP8__SL8__H5__CAPALL,G,SCORE50,8.0,8.0,5,,-69.429,59.843,0.526,502629.55,33,57.58,-43.727,1
G__SCORE50__TP8__SL8__H10__CAP200K,G,SCORE50,8.0,8.0,10,200000.0,-50.432,-8.059,15.38,576898.76,52,57.69,-14.379,2
G__SCORE50__TP8__SL8__H10__CAP500K,G,SCORE50,8.0,8.0,10,500000.0,-66.525,44.675,45.085,725426.36,43,60.47,-27.107,2
G__SCORE50__TP8__SL8__H10__CAPALL,G,SCORE50,8.0,8.0,10,,-66.525,45.498,21.376,606877.91,33,60.61,-43.738,1
G__SCORE50__TP8__SL12__H3__CAP200K,G,SCORE50,8.0,12.0,3,200000.0,-22.235,23.267,5.208,526038.96,53,62.26,-17.683,2
G__SCORE50__TP8__SL12__H3__CAP500K,G,SCORE50,8.0,12.0,3,500000.0,-34.404,58.664,33.003,665016.78,45,62.22,-27.517,2
G__SCORE50__TP8__SL12__H3__CAPALL,G,SCORE50,8.0,12.0,3,,-45.919,86.341,18.284,591421.66,32,65.62,-43.802,1
G__SCORE50__TP8__SL12__H5__CAP200K,G,SCORE50,8.0,12.0,5,200000.0,-36.42,7.46,20.305,601522.68,52,65.38,-15.874,3
G__SCORE50__TP8__SL12__H5__CAP500K,G,SCORE50,8.0,12.0,5,500000.0,-42.693,63.171,57.324,786618.74,40,70.0,-24.118,2
G__SCORE50__TP8__SL12__H5__CAPALL,G,SCORE50,8.0,12.0,5,,-44.859,79.005,56.424,782122.36,28,71.43,-35.026,1
G__SCORE50__TP8__SL12__H10__CAP200K,G,SCORE50,8.0,12.0,10,200000.0,-29.887,19.393,16.376,581878.08,51,66.67,-14.95,3
G__SCORE50__TP8__SL12__H10__CAP500K,G,SCORE50,8.0,12.0,10,500000.0,-58.958,82.231,53.258,766287.59,39,71.79,-23.51,2
G__SCORE50__TP8__SL12__H10__CAPALL,G,SCORE50,8.0,12.0,10,,-69.623,101.212,59.726,798630.48,27,74.07,-35.037,1
G__SCORE50__TP8__SL0__H3__CAP200K,G,SCORE50,8.0,,3,200000.0,-8.407,23.422,0.464,502319.61,52,61.54,-16.358,2
G__SCORE50__TP8__SL0__H3__CAP500K,G,SCORE50,8.0,,3,500000.0,-9.232,56.681,14.366,571829.46,44,63.64,-30.899,2
G__SCORE50__TP8__SL0__H3__CAPALL,G,SCORE50,8.0,,3,,-40.64,91.942,-0.624,496878.39,28,60.71,-46.643,1
G__SCORE50__TP8__SL0__H5__CAP200K,G,SCORE50,8.0,,5,200000.0,-20.933,8.15,20.968,604839.49,50,68.0,-13.595,3
G__SCORE50__TP8__SL0__H5__CAP500K,G,SCORE50,8.0,,5,500000.0,-60.877,36.331,54.813,774063.24,37,67.57,-25.318,2
G__SCORE50__TP8__SL0__H5__CAPALL,G,SCORE50,8.0,,5,,-60.877,44.246,52.391,761953.91,23,69.57,-39.43,1
G__SCORE50__TP8__SL0__H10__CAP200K,G,SCORE50,8.0,,10,200000.0,-15.604,37.072,18.257,591287.07,42,71.43,-27.308,2
G__SCORE50__TP8__SL0__H10__CAP500K,G,SCORE50,8.0,,10,500000.0,-37.241,121.201,1.467,507334.19,30,73.33,-48.64,2
G__SCORE50__TP8__SL0__H10__CAPALL,G,SCORE50,8.0,,10,,-43.261,171.614,7.409,537046.03,15,73.33,-47.109,1
G__SCORE50__TP10__SL5__H3__CAP200K,G,SCORE50,10.0,5.0,3,200000.0,-28.792,22.755,-9.745,451275.09,55,38.18,-19.1,1
G__SCORE50__TP10__SL5__H3__CAP500K,G,SCORE50,10.0,5.0,3,500000.0,-50.937,1.78,-32.847,335767.12,39,35.9,-53.227,1
G__SCORE50__TP10__SL5__H3__CAPALL,G,SCORE50,10.0,5.0,3,,-55.011,-5.487,-32.863,335682.52,39,35.9,-53.25,1
G__SCORE50__TP10__SL5__H5__CAP200K,G,SCORE50,10.0,5.0,5,200000.0,-31.479,10.345,-16.09,419548.58,55,34.55,-25.789,1
G__SCORE50__TP10__SL5__H5__CAP500K,G,SCORE50,10.0,5.0,5,500000.0,-51.404,11.122,-31.864,340681.18,37,35.14,-52.807,1
G__SCORE50__TP10__SL5__H5__CAPALL,G,SCORE50,10.0,5.0,5,,-52.003,-0.653,-31.97,340148.79,37,35.14,-52.879,1
G__SCORE50__TP10__SL5__H10__CAP200K,G,SCORE50,10.0,5.0,10,200000.0,-34.912,21.921,-19.617,401916.79,55,32.73,-26.525,1
G__SCORE50__TP10__SL5__H10__CAP500K,G,SCORE50,10.0,5.0,10,500000.0,-50.291,16.272,-38.334,308331.67,37,32.43,-56.545,1
G__SCORE50__TP10__SL5__H10__CAPALL,G,SCORE50,10.0,5.0,10,,-53.03,-0.557,-38.334,308331.67,37,32.43,-56.545,1
G__SCORE50__TP10__SL8__H3__CAP200K,G,SCORE50,10.0,8.0,3,200000.0,-21.114,38.278,1.396,506982.1,51,50.98,-18.239,2
G__SCORE50__TP10__SL8__H3__CAP500K,G,SCORE50,10.0,8.0,3,500000.0,-46.276,73.861,36.609,683044.39,43,53.49,-28.689,2
G__SCORE50__TP10__SL8__H3__CAPALL,G,SCORE50,10.0,8.0,3,,-49.071,42.502,20.298,601488.99,33,57.58,-42.526,1
G__SCORE50__TP10__SL8__H5__CAP200K,G,SCORE50,10.0,8.0,5,200000.0,-23.557,5.099,4.437,522184.68,51,49.02,-21.908,2
G__SCORE50__TP10__SL8__H5__CAP500K,G,SCORE50,10.0,8.0,5,500000.0,-57.233,50.396,50.529,752645.09,40,57.5,-27.76,2
G__SCORE50__TP10__SL8__H5__CAPALL,G,SCORE50,10.0,8.0,5,,-57.233,37.809,43.774,718870.06,29,58.62,-35.373,1
G__SCORE50__TP10__SL8__H10__CAP200K,G,SCORE50,10.0,8.0,10,200000.0,-36.931,-7.748,10.393,551966.35,50,50.0,-22.983,2
G__SCORE50__TP10__SL8__H10__CAP500K,G,SCORE50,10.0,8.0,10,500000.0,-35.223,47.361,62.423,812116.7,41,56.1,-29.492,1
G__SCORE50__TP10__SL8__H10__CAPALL,G,SCORE50,10.0,8.0,10,,-47.875,28.504,76.924,884618.11,29,62.07,-37.878,0
G__SCORE50__TP10__SL12__H3__CAP200K,G,SCORE50,10.0,12.0,3,200000.0,-19.993,45.739,4.946,524731.5,51,56.86,-16.967,2
G__SCORE50__TP10__SL12__H3__CAP500K,G,SCORE50,10.0,12.0,3,500000.0,-1.286,65.631,62.709,813544.86,42,59.52,-22.419,2
G__SCORE50__TP10__SL12__H3__CAPALL,G,SCORE50,10.0,12.0,3,,-23.582,87.295,75.532,877661.74,29,65.52,-41.717,1
G__SCORE50__TP10__SL12__H5__CAP200K,G,SCORE50,10.0,12.0,5,200000.0,-24.921,19.693,10.855,554275.5,49,59.18,-16.567,2
G__SCORE50__TP10__SL12__H5__CAP500K,G,SCORE50,10.0,12.0,5,500000.0,-12.233,58.874,42.74,713698.76,39,61.54,-30.994,2
G__SCORE50__TP10__SL12__H5__CAPALL,G,SCORE50,10.0,12.0,5,,-21.638,69.814,32.885,664426.59,26,65.38,-35.228,1
G__SCORE50__TP10__SL12__H10__CAP200K,G,SCORE50,10.0,12.0,10,200000.0,-10.452,9.235,10.932,554659.23,46,60.87,-18.922,2
G__SCORE50__TP10__SL12__H10__CAP500K,G,SCORE50,10.0,12.0,10,500000.0,56.219,55.93,39.873,699365.17,37,64.86,-35.979,1
G__SCORE50__TP10__SL12__H10__CAPALL,G,SCORE50,10.0,12.0,10,,-9.05,65.259,64.185,820927.3,26,69.23,-40.428,0
G__SCORE50__TP10__SL0__H3__CAP200K,G,SCORE50,10.0,,3,200000.0,-5.081,44.054,1.321,506606.66,50,56.0,-16.139,2
G__SCORE50__TP10__SL0__H3__CAP500K,G,SCORE50,10.0,,3,500000.0,8.814,53.212,52.948,764740.29,41,60.98,-22.546,2
G__SCORE50__TP10__SL0__H3__CAPALL,G,SCORE50,10.0,,3,,-27.924,77.113,32.333,661665.92,27,59.26,-45.627,1
G__SCORE50__TP10__SL0__H5__CAP200K,G,SCORE50,10.0,,5,200000.0,-21.656,23.116,16.558,582790.13,48,62.5,-14.683,2
G__SCORE50__TP10__SL0__H5__CAP500K,G,SCORE50,10.0,,5,500000.0,-37.871,46.318,8.909,544547.2,34,67.65,-34.202,2
G__SCORE50__TP10__SL0__H5__CAPALL,G,SCORE50,10.0,,5,,-39.253,47.88,-27.057,364714.54,20,55.0,-57.393,1
G__SCORE50__TP10__SL0__H10__CAP200K,G,SCORE50,10.0,,10,200000.0,-4.144,22.67,43.475,717376.74,44,75.0,-21.819,3
G__SCORE50__TP10__SL0__H10__CAP500K,G,SCORE50,10.0,,10,500000.0,9.778,49.145,-2.144,489280.64,21,76.19,-48.202,0
G__SCORE50__TP10__SL0__H10__CAPALL,G,SCORE50,10.0,,10,,-24.159,52.869,9.532,547660.8,12,66.67,-37.764,0
G__SCORE60__TP3__SL5__H3__CAP200K,G,SCORE60,3.0,5.0,3,200000.0,-50.823,-44.247,-25.672,371640.28,51,56.86,-28.731,1
G__SCORE60__TP3__SL5__H3__CAP500K,G,SCORE60,3.0,5.0,3,500000.0,-62.899,-62.025,-50.323,248386.9,43,53.49,-52.133,1
G__SCORE60__TP3__SL5__H3__CAPALL,G,SCORE60,3.0,5.0,3,,-62.959,-62.133,-50.404,247979.1,43,53.49,-52.217,1
G__SCORE60__TP3__SL5__H5__CAP200K,G,SCORE60,3.0,5.0,5,200000.0,-51.886,-46.102,-25.024,374877.62,51,56.86,-28.553,1
G__SCORE60__TP3__SL5__H5__CAP500K,G,SCORE60,3.0,5.0,5,500000.0,-64.551,-63.966,-49.541,252293.09,43,53.49,-52.134,1
G__SCORE60__TP3__SL5__H5__CAPALL,G,SCORE60,3.0,5.0,5,,-64.63,-64.076,-49.641,251793.04,43,53.49,-52.25,1
G__SCORE60__TP3__SL5__H10__CAP200K,G,SCORE60,3.0,5.0,10,200000.0,-50.283,-46.102,-25.024,374877.62,51,56.86,-28.553,1
G__SCORE60__TP3__SL5__H10__CAP500K,G,SCORE60,3.0,5.0,10,500000.0,-64.576,-63.966,-49.541,252293.09,43,53.49,-52.134,1
G__SCORE60__TP3__SL5__H10__CAPALL,G,SCORE60,3.0,5.0,10,,-64.661,-64.076,-49.641,251793.04,43,53.49,-52.25,1
G__SCORE60__TP3__SL8__H3__CAP200K,G,SCORE60,3.0,8.0,3,200000.0,-46.688,-28.073,-3.443,482783.74,50,76.0,-12.479,2
G__SCORE60__TP3__SL8__H3__CAP500K,G,SCORE60,3.0,8.0,3,500000.0,-52.692,-38.101,-32.619,336905.17,38,71.05,-37.569,1
G__SCORE60__TP3__SL8__H3__CAPALL,G,SCORE60,3.0,8.0,3,,-53.071,-38.53,-32.762,336190.81,38,71.05,-37.708,1
G__SCORE60__TP3__SL8__H5__CAP200K,G,SCORE60,3.0,8.0,5,200000.0,-38.565,-32.392,-3.493,482534.77,50,76.0,-12.454,2
G__SCORE60__TP3__SL8__H5__CAP500K,G,SCORE60,3.0,8.0,5,500000.0,-48.806,-42.718,-34.101,329495.85,37,70.27,-39.89,1
G__SCORE60__TP3__SL8__H5__CAPALL,G,SCORE60,3.0,8.0,5,,-49.213,-43.166,-34.267,328666.39,37,70.27,-40.067,1
G__SCORE60__TP3__SL8__H10__CAP200K,G,SCORE60,3.0,8.0,10,200000.0,-38.544,-23.743,-0.695,496526.35,50,78.0,-12.454,2
G__SCORE60__TP3__SL8__H10__CAP500K,G,SCORE60,3.0,8.0,10,500000.0,-49.309,-38.801,-27.034,364829.02,37,72.97,-35.524,1
G__SCORE60__TP3__SL8__H10__CAPALL,G,SCORE60,3.0,8.0,10,,-49.709,-39.192,-27.219,363903.92,37,72.97,-35.715,1
G__SCORE60__TP3__SL12__H3__CAP200K,G,SCORE60,3.0,12.0,3,200000.0,-40.84,-26.588,-2.369,488153.84,50,80.0,-14.989,2
G__SCORE60__TP3__SL12__H3__CAP500K,G,SCORE60,3.0,12.0,3,500000.0,-39.317,-36.061,-36.545,317277.45,36,75.0,-42.104,1
G__SCORE60__TP3__SL12__H3__CAPALL,G,SCORE60,3.0,12.0,3,,-39.92,-36.62,-37.019,314905.52,34,73.53,-42.398,1
G__SCORE60__TP3__SL12__H5__CAP200K,G,SCORE60,3.0,12.0,5,200000.0,-41.358,-25.23,-2.226,488870.17,50,82.0,-15.17,2
G__SCORE60__TP3__SL12__H5__CAP500K,G,SCORE60,3.0,12.0,5,500000.0,-44.444,-26.706,-26.296,368522.13,32,78.12,-32.769,1
G__SCORE60__TP3__SL12__H5__CAPALL,G,SCORE60,3.0,12.0,5,,-44.618,-27.431,-26.777,366116.16,32,78.12,-33.239,1
G__SCORE60__TP3__SL12__H10__CAP200K,G,SCORE60,3.0,12.0,10,200000.0,-44.665,-11.466,-1.815,490923.67,50,84.0,-17.222,2
G__SCORE60__TP3__SL12__H10__CAP500K,G,SCORE60,3.0,12.0,10,500000.0,-42.508,-21.614,-23.489,382554.74,32,81.25,-32.389,1
G__SCORE60__TP3__SL12__H10__CAPALL,G,SCORE60,3.0,12.0,10,,-42.697,-22.461,-24.124,379382.02,32,81.25,-32.981,1
G__SCORE60__TP3__SL0__H3__CAP200K,G,SCORE60,3.0,,3,200000.0,-19.994,-24.612,6.028,530141.94,50,82.0,-11.261,2
G__SCORE60__TP3__SL0__H3__CAP500K,G,SCORE60,3.0,,3,500000.0,-33.061,-24.122,-2.214,488931.07,40,82.5,-30.154,1
G__SCORE60__TP3__SL0__H3__CAPALL,G,SCORE60,3.0,,3,,-33.637,-24.616,-9.742,451288.67,32,78.12,-37.178,1
G__SCORE60__TP3__SL0__H5__CAP200K,G,SCORE60,3.0,,5,200000.0,-29.89,-11.42,10.868,554341.36,49,85.71,-13.636,2
G__SCORE60__TP3__SL0__H5__CAP500K,G,SCORE60,3.0,,5,500000.0,-25.863,12.532,-3.825,480874.78,38,84.21,-33.022,1
G__SCORE60__TP3__SL0__H5__CAPALL,G,SCORE60,3.0,,5,,-28.167,16.322,-13.164,434180.74,30,83.33,-40.449,1
G__SCORE60__TP3__SL0__H10__CAP200K,G,SCORE60,3.0,,10,200000.0,-26.307,-7.51,12.89,564448.22,47,87.23,-17.459,2
G__SCORE60__TP3__SL0__H10__CAP500K,G,SCORE60,3.0,,10,500000.0,-16.551,20.843,22.909,614544.34,38,89.47,-16.44,2
G__SCORE60__TP3__SL0__H10__CAPALL,G,SCORE60,3.0,,10,,-17.19,26.431,24.509,622545.54,22,86.36,-16.714,1
G__SCORE60__TP5__SL5__H3__CAP200K,G,SCORE60,5.0,5.0,3,200000.0,-39.84,-39.184,-1.887,490565.3,47,53.19,-9.307,1
G__SCORE60__TP5__SL5__H3__CAP500K,G,SCORE60,5.0,5.0,3,500000.0,-49.555,-44.664,-14.429,427856.73,40,52.5,-26.704,1
G__SCORE60__TP5__SL5__H3__CAPALL,G,SCORE60,5.0,5.0,3,,-50.339,-45.24,-15.405,422975.5,40,52.5,-27.428,1
G__SCORE60__TP5__SL5__H5__CAP200K,G,SCORE60,5.0,5.0,5,200000.0,-35.065,-42.94,-0.586,497070.81,47,53.19,-9.196,1
G__SCORE60__TP5__SL5__H5__CAP500K,G,SCORE60,5.0,5.0,5,500000.0,-56.515,-45.703,-9.507,452466.22,38,52.63,-26.177,1
G__SCORE60__TP5__SL5__H5__CAPALL,G,SCORE60,5.0,5.0,5,,-56.861,-46.266,-11.019,444906.42,38,52.63,-27.379,1
G__SCORE60__TP5__SL5__H10__CAP200K,G,SCORE60,5.0,5.0,10,200000.0,-37.191,-42.94,-4.458,477711.66,47,51.06,-10.931,1
G__SCORE60__TP5__SL5__H10__CAP500K,G,SCORE60,5.0,5.0,10,500000.0,-52.798,-45.703,-19.249,403755.35,38,50.0,-27.678,1
G__SCORE60__TP5__SL5__H10__CAPALL,G,SCORE60,5.0,5.0,10,,-53.178,-46.266,-19.346,403270.77,38,50.0,-27.766,1
G__SCORE60__TP5__SL8__H3__CAP200K,G,SCORE60,5.0,8.0,3,200000.0,-31.361,-9.675,16.035,580173.23,45,71.11,-10.097,2
G__SCORE60__TP5__SL8__H3__CAP500K,G,SCORE60,5.0,8.0,3,500000.0,-41.379,1.465,18.006,590029.27,40,72.5,-21.47,2
G__SCORE60__TP5__SL8__H3__CAPALL,G,SCORE60,5.0,8.0,3,,-43.557,10.253,5.084,525419.44,35,68.57,-28.972,1
G__SCORE60__TP5__SL8__H5__CAP200K,G,SCORE60,5.0,8.0,5,200000.0,-25.981,-22.4,16.794,583968.62,45,71.11,-9.355,2
G__SCORE60__TP5__SL8__H5__CAP500K,G,SCORE60,5.0,8.0,5,500000.0,-47.454,-5.469,24.574,622871.11,39,74.36,-16.681,2
G__SCORE60__TP5__SL8__H5__CAPALL,G,SCORE60,5.0,8.0,5,,-46.607,-11.007,6.417,532084.09,32,68.75,-31.182,1
G__SCORE60__TP5__SL8__H10__CAP200K,G,SCORE60,5.0,8.0,10,200000.0,-36.213,-27.231,20.472,602359.08,45,73.33,-9.265,2
G__SCORE60__TP5__SL8__H10__CAP500K,G,SCORE60,5.0,8.0,10,500000.0,-43.241,-25.445,36.279,681396.34,40,77.5,-16.423,2
G__SCORE60__TP5__SL8__H10__CAPALL,G,SCORE60,5.0,8.0,10,,-44.448,-28.913,20.372,601861.93,32,71.88,-28.551,1
G__SCORE60__TP5__SL12__H3__CAP200K,G,SCORE60,5.0,12.0,3,200000.0,-18.385,-9.947,11.307,556534.97,45,73.33,-12.893,2
G__SCORE60__TP5__SL12__H3__CAP500K,G,SCORE60,5.0,12.0,3,500000.0,-19.364,34.676,-10.959,445202.79,38,73.68,-33.939,1
G__SCORE60__TP5__SL12__H3__CAPALL,G,SCORE60,5.0,12.0,3,,-19.557,45.372,-20.843,395787.34,31,67.74,-39.41,1
G__SCORE60__TP5__SL12__H5__CAP200K,G,SCORE60,5.0,12.0,5,200000.0,-28.207,-11.203,13.621,568102.82,45,75.56,-13.416,2
G__SCORE60__TP5__SL12__H5__CAP500K,G,SCORE60,5.0,12.0,5,500000.0,-33.45,46.991,16.923,584617.18,38,76.32,-23.255,2
G__SCORE60__TP5__SL12__H5__CAPALL,G,SCORE60,5.0,12.0,5,,-34.57,89.614,1.036,505179.21,28,75.0,-34.554,1
G__SCORE60__TP5__SL12__H10__CAP200K,G,SCORE60,5.0,12.0,10,200000.0,-35.305,-12.652,15.212,576062.09,45,77.78,-13.439,2
G__SCORE60__TP5__SL12__H10__CAP500K,G,SCORE60,5.0,12.0,10,500000.0,-29.018,38.799,26.113,630567.41,39,79.49,-21.958,2
G__SCORE60__TP5__SL12__H10__CAPALL,G,SCORE60,5.0,12.0,10,,-26.762,52.822,14.278,571387.57,28,78.57,-29.813,1
G__SCORE60__TP5__SL0__H3__CAP200K,G,SCORE60,5.0,,3,200000.0,-6.539,-7.489,10.629,553145.13,45,73.33,-11.743,2
G__SCORE60__TP5__SL0__H3__CAP500K,G,SCORE60,5.0,,3,500000.0,-20.713,42.837,10.476,552380.7,40,75.0,-24.801,2
G__SCORE60__TP5__SL0__H3__CAPALL,G,SCORE60,5.0,,3,,-21.546,66.407,-7.736,461322.37,29,68.97,-35.151,1
G__SCORE60__TP5__SL0__H5__CAP200K,G,SCORE60,5.0,,5,200000.0,-19.672,0.53,22.596,612979.51,44,79.55,-13.287,2
G__SCORE60__TP5__SL0__H5__CAP500K,G,SCORE60,5.0,,5,500000.0,-17.011,64.407,51.073,755362.73,36,80.56,-16.293,2
G__SCORE60__TP5__SL0__H5__CAPALL,G,SCORE60,5.0,,5,,-21.574,110.021,66.744,833719.84,24,83.33,-22.988,1
G__SCORE60__TP5__SL0__H10__CAP200K,G,SCORE60,5.0,,10,200000.0,-20.839,-6.17,18.6,592998.55,41,82.93,-17.338,3
G__SCORE60__TP5__SL0__H10__CAP500K,G,SCORE60,5.0,,10,500000.0,-44.912,51.876,41.634,708169.8,36,83.33,-22.843,2
G__SCORE60__TP5__SL0__H10__CAPALL,G,SCORE60,5.0,,10,,-45.833,84.793,27.275,636376.12,20,85.0,-35.153,1
G__SCORE60__TP8__SL5__H3__CAP200K,G,SCORE60,8.0,5.0,3,200000.0,-33.412,-1.308,5.365,526825.97,46,47.83,-11.506,1
G__SCORE60__TP8__SL5__H3__CAP500K,G,SCORE60,8.0,5.0,3,500000.0,-46.595,6.285,9.487,547436.7,39,46.15,-27.991,1
G__SCORE60__TP8__SL5__H3__CAPALL,G,SCORE60,8.0,5.0,3,,-48.962,1.168,6.759,533796.35,35,48.57,-30.033,1
G__SCORE60__TP8__SL5__H5__CAP200K,G,SCORE60,8.0,5.0,5,200000.0,-35.532,-9.835,5.326,526628.31,46,45.65,-14.483,1
G__SCORE60__TP8__SL5__H5__CAP500K,G,SCORE60,8.0,5.0,5,500000.0,-54.818,-11.589,15.258,576290.08,39,43.59,-28.671,1
G__SCORE60__TP8__SL5__H5__CAPALL,G,SCORE60,8.0,5.0,5,,-55.418,-11.695,12.171,560856.24,33,48.48,-32.518,1
G__SCORE60__TP8__SL5__H10__CAP200K,G,SCORE60,8.0,5.0,10,200000.0,-34.317,-7.873,1.454,507269.15,46,43.48,-14.968,1
G__SCORE60__TP8__SL5__H10__CAP500K,G,SCORE60,8.0,5.0,10,500000.0,-57.71,-11.635,3.756,518779.54,35,45.71,-30.893,1
G__SCORE60__TP8__SL5__H10__CAPALL,G,SCORE60,8.0,5.0,10,,-59.215,-13.834,1.793,508963.94,33,45.45,-32.492,1
G__SCORE60__TP8__SL8__H3__CAP200K,G,SCORE60,8.0,8.0,3,200000.0,-23.782,9.294,20.57,602850.16,42,64.29,-9.87,2
G__SCORE60__TP8__SL8__H3__CAP500K,G,SCORE60,8.0,8.0,3,500000.0,-20.846,41.01,48.207,741033.88,36,63.89,-21.265,2
G__SCORE60__TP8__SL8__H3__CAPALL,G,SCORE60,8.0,8.0,3,,-33.266,40.958,27.605,638025.3,30,63.33,-31.413,1
G__SCORE60__TP8__SL8__H5__CAP200K,G,SCORE60,8.0,8.0,5,200000.0,-17.936,-16.323,26.827,634133.89,42,64.29,-10.209,2
G__SCORE60__TP8__SL8__H5__CAP500K,G,SCORE60,8.0,8.0,5,500000.0,-59.016,-16.201,52.013,760063.35,34,64.71,-14.025,2
G__SCORE60__TP8__SL8__H5__CAPALL,G,SCORE60,8.0,8.0,5,,-59.016,-27.009,30.684,653420.07,27,62.96,-29.043,1
G__SCORE60__TP8__SL8__H10__CAP200K,G,SCORE60,8.0,8.0,10,200000.0,-31.889,-12.314,32.254,661267.81,42,64.29,-10.075,2
G__SCORE60__TP8__SL8__H10__CAP500K,G,SCORE60,8.0,8.0,10,500000.0,-42.51,-9.846,68.164,840818.65,34,67.65,-13.628,2
G__SCORE60__TP8__SL8__H10__CAPALL,G,SCORE60,8.0,8.0,10,,-44.43,-20.888,56.478,782389.81,27,66.67,-29.043,1
G__SCORE60__TP8__SL12__H3__CAP200K,G,SCORE60,8.0,12.0,3,200000.0,-14.412,13.034,15.067,575333.92,42,66.67,-11.862,2
G__SCORE60__TP8__SL12__H3__CAP500K,G,SCORE60,8.0,12.0,3,500000.0,5.77,61.684,29.767,648834.51,34,64.71,-25.577,2
G__SCORE60__TP8__SL12__H3__CAPALL,G,SCORE60,8.0,12.0,3,,-8.553,85.464,11.73,558651.28,28,64.29,-34.054,1
G__SCORE60__TP8__SL12__H5__CAP200K,G,SCORE60,8.0,12.0,5,200000.0,-11.616,-4.402,25.514,627571.1,42,69.05,-11.127,2
G__SCORE60__TP8__SL12__H5__CAP500K,G,SCORE60,8.0,12.0,5,500000.0,-4.85,46.69,48.379,741896.38,31,70.97,-18.026,2
G__SCORE60__TP8__SL12__H5__CAPALL,G,SCORE60,8.0,12.0,5,,-11.812,62.946,47.684,738418.09,24,70.83,-23.75,1
G__SCORE60__TP8__SL12__H10__CAP200K,G,SCORE60,8.0,12.0,10,200000.0,-20.65,0.242,23.003,615016.15,42,69.05,-13.392,2
G__SCORE60__TP8__SL12__H10__CAP500K,G,SCORE60,8.0,12.0,10,500000.0,-5.561,16.554,51.832,759160.47,31,74.19,-17.351,2
G__SCORE60__TP8__SL12__H10__CAPALL,G,SCORE60,8.0,12.0,10,,-41.792,16.755,50.984,754917.54,23,73.91,-23.745,1
G__SCORE60__TP8__SL0__H3__CAP200K,G,SCORE60,8.0,,3,200000.0,0.766,12.146,14.583,572916.52,42,66.67,-10.763,2
G__SCORE60__TP8__SL0__H3__CAP500K,G,SCORE60,8.0,,3,500000.0,34.884,59.726,19.112,595560.15,35,65.71,-23.305,2
G__SCORE60__TP8__SL0__H3__CAPALL,G,SCORE60,8.0,,3,,1.184,93.675,-0.638,496811.5,25,60.0,-38.127,1
G__SCORE60__TP8__SL0__H5__CAP200K,G,SCORE60,8.0,,5,200000.0,-5.0,4.357,32.748,663740.36,41,73.17,-10.904,2
G__SCORE60__TP8__SL0__H5__CAP500K,G,SCORE60,8.0,,5,500000.0,-23.624,52.41,61.486,807429.34,32,75.0,-21.25,2
G__SCORE60__TP8__SL0__H5__CAPALL,G,SCORE60,8.0,,5,,-23.786,67.896,59.603,798013.15,20,75.0,-35.329,1
G__SCORE60__TP8__SL0__H10__CAP200K,G,SCORE60,8.0,,10,200000.0,-6.297,16.527,21.453,607263.22,35,74.29,-18.156,3
G__SCORE60__TP8__SL0__H10__CAP500K,G,SCORE60,8.0,,10,500000.0,-1.078,41.328,19.319,596596.26,26,76.92,-33.965,2
G__SCORE60__TP8__SL0__H10__CAPALL,G,SCORE60,8.0,,10,,-19.832,77.957,-0.735,496323.07,14,71.43,-47.095,1
G__SCORE60__TP10__SL5__H3__CAP200K,G,SCORE60,10.0,5.0,3,200000.0,-20.953,5.275,4.723,523616.15,44,43.18,-10.709,1
G__SCORE60__TP10__SL5__H3__CAP500K,G,SCORE60,10.0,5.0,3,500000.0,-44.473,-6.561,-9.382,453091.89,32,40.62,-38.59,1
G__SCORE60__TP10__SL5__H3__CAPALL,G,SCORE60,10.0,5.0,3,,-47.265,-6.743,-9.384,453080.77,32,40.62,-38.599,1
G__SCORE60__TP10__SL5__H5__CAP200K,G,SCORE60,10.0,5.0,5,200000.0,-22.837,-1.785,-1.894,490530.4,44,38.64,-14.907,1
G__SCORE60__TP10__SL5__H5__CAP500K,G,SCORE60,10.0,5.0,5,500000.0,-46.69,-14.43,-13.398,433009.01,31,38.71,-40.017,1
G__SCORE60__TP10__SL5__H5__CAPALL,G,SCORE60,10.0,5.0,5,,-46.874,-4.45,-13.632,431837.68,31,38.71,-40.179,1
G__SCORE60__TP10__SL5__H10__CAP200K,G,SCORE60,10.0,5.0,10,200000.0,-31.068,4.389,-5.766,471171.25,44,36.36,-16.712,1
G__SCORE60__TP10__SL5__H10__CAP500K,G,SCORE60,10.0,5.0,10,500000.0,-46.18,-20.658,-21.583,392086.07,31,35.48,-44.739,1
G__SCORE60__TP10__SL5__H10__CAPALL,G,SCORE60,10.0,5.0,10,,-48.036,-7.687,-21.583,392086.07,31,35.48,-44.739,1
G__SCORE60__TP10__SL8__H3__CAP200K,G,SCORE60,10.0,8.0,3,200000.0,-7.907,16.385,20.894,604471.04,40,60.0,-10.067,2
G__SCORE60__TP10__SL8__H3__CAP500K,G,SCORE60,10.0,8.0,3,500000.0,18.386,68.501,55.142,775709.03,34,61.76,-23.771,2
G__SCORE60__TP10__SL8__H3__CAPALL,G,SCORE60,10.0,8.0,3,,-4.2,60.929,36.445,682226.82,28,60.71,-28.864,1
G__SCORE60__TP10__SL8__H5__CAP200K,G,SCORE60,10.0,8.0,5,200000.0,-1.109,-22.355,23.204,616022.19,40,57.5,-10.821,2
G__SCORE60__TP10__SL8__H5__CAP500K,G,SCORE60,10.0,8.0,5,500000.0,-35.066,-43.621,64.129,820642.88,33,63.64,-13.986,2
G__SCORE60__TP10__SL8__H5__CAPALL,G,SCORE60,10.0,8.0,5,,-35.066,-44.261,46.213,731067.4,25,60.0,-22.388,1
G__SCORE60__TP10__SL8__H10__CAP200K,G,SCORE60,10.0,8.0,10,200000.0,-17.435,-23.412,30.089,650445.43,40,57.5,-9.688,2
G__SCORE60__TP10__SL8__H10__CAP500K,G,SCORE60,10.0,8.0,10,500000.0,27.451,-35.984,77.9,889500.64,33,63.64,-15.431,1
G__SCORE60__TP10__SL8__H10__CAPALL,G,SCORE60,10.0,8.0,10,,1.103,-31.453,78.332,891660.79,25,64.0,-25.379,0
G__SCORE60__TP10__SL12__H3__CAP200K,G,SCORE60,10.0,12.0,3,200000.0,-6.032,22.643,17.602,588008.31,40,62.5,-12.098,2
G__SCORE60__TP10__SL12__H3__CAP500K,G,SCORE60,10.0,12.0,3,500000.0,39.19,87.75,64.528,822639.07,33,63.64,-15.935,2
G__SCORE60__TP10__SL12__H3__CAPALL,G,SCORE60,10.0,12.0,3,,17.534,148.566,59.718,798591.59,25,64.0,-31.615,1
G__SCORE60__TP10__SL12__H5__CAP200K,G,SCORE60,10.0,12.0,5,200000.0,-2.809,-0.755,21.466,607327.58,40,62.5,-11.347,2
G__SCORE60__TP10__SL12__H5__CAP500K,G,SCORE60,10.0,12.0,5,500000.0,23.042,63.593,47.864,739318.7,31,67.74,-19.126,2
G__SCORE60__TP10__SL12__H5__CAPALL,G,SCORE60,10.0,12.0,5,,40.264,101.326,31.026,655129.13,23,65.22,-24.525,1
G__SCORE60__TP10__SL12__H10__CAP200K,G,SCORE60,10.0,12.0,10,200000.0,-1.806,3.671,23.108,615542.44,37,64.86,-12.11,2
G__SCORE60__TP10__SL12__H10__CAP500K,G,SCORE60,10.0,12.0,10,500000.0,55.393,30.358,52.547,762734.95,31,67.74,-23.882,1
G__SCORE60__TP10__SL12__H10__CAPALL,G,SCORE60,10.0,12.0,10,,11.782,30.437,61.718,808591.56,23,69.57,-30.596,0
G__SCORE60__TP10__SL0__H3__CAP200K,G,SCORE60,10.0,,3,200000.0,9.656,22.822,17.343,586713.62,40,62.5,-10.921,2
G__SCORE60__TP10__SL0__H3__CAP500K,G,SCORE60,10.0,,3,500000.0,47.522,83.577,49.52,747597.76,33,63.64,-16.445,2
G__SCORE60__TP10__SL0__H3__CAPALL,G,SCORE60,10.0,,3,,19.195,159.555,18.876,594381.44,23,56.52,-37.017,1
G__SCORE60__TP10__SL0__H5__CAP200K,G,SCORE60,10.0,,5,200000.0,-0.288,7.804,26.288,631440.01,39,66.67,-11.959,2
G__SCORE60__TP10__SL0__H5__CAP500K,G,SCORE60,10.0,,5,500000.0,7.194,53.612,24.105,620526.73,30,70.0,-25.471,2
G__SCORE60__TP10__SL0__H5__CAPALL,G,SCORE60,10.0,,5,,12.369,57.981,-18.814,405932.31,18,61.11,-54.506,1
G__SCORE60__TP10__SL0__H10__CAP200K,G,SCORE60,10.0,,10,200000.0,2.339,16.251,48.534,742669.6,35,77.14,-12.692,3
G__SCORE60__TP10__SL0__H10__CAP500K,G,SCORE60,10.0,,10,500000.0,68.744,60.153,48.92,744598.65,27,81.48,-17.962,1
G__SCORE60__TP10__SL0__H10__CAPALL,G,SCORE60,10.0,,10,,47.448,106.994,9.532,547660.8,12,66.67,-37.764,0
G__SCORE70__TP3__SL5__H3__CAP200K,G,SCORE70,3.0,5.0,3,200000.0,-44.806,-30.853,-22.309,388454.46,44,56.82,-25.489,1
G__SCORE70__TP3__SL5__H3__CAP500K,G,SCORE70,3.0,5.0,3,500000.0,-58.527,-48.655,-44.408,277961.72,37,54.05,-46.434,1
G__SCORE70__TP3__SL5__H3__CAPALL,G,SCORE70,3.0,5.0,3,,-58.619,-48.655,-44.528,277358.7,37,54.05,-46.556,1
G__SCORE70__TP3__SL5__H5__CAP200K,G,SCORE70,3.0,5.0,5,200000.0,-46.952,-33.724,-21.662,391691.8,44,56.82,-25.331,1
G__SCORE70__TP3__SL5__H5__CAP500K,G,SCORE70,3.0,5.0,5,500000.0,-61.341,-52.509,-43.592,282040.59,37,54.05,-46.491,1
G__SCORE70__TP3__SL5__H5__CAPALL,G,SCORE70,3.0,5.0,5,,-61.422,-52.509,-43.686,281569.21,37,54.05,-46.604,1
G__SCORE70__TP3__SL5__H10__CAP200K,G,SCORE70,3.0,5.0,10,200000.0,-45.169,-33.724,-21.662,391691.8,44,56.82,-25.331,1
G__SCORE70__TP3__SL5__H10__CAP500K,G,SCORE70,3.0,5.0,10,500000.0,-61.373,-52.509,-43.592,282040.59,37,54.05,-46.491,1
G__SCORE70__TP3__SL5__H10__CAPALL,G,SCORE70,3.0,5.0,10,,-61.455,-52.509,-43.686,281569.21,37,54.05,-46.604,1
G__SCORE70__TP3__SL8__H3__CAP200K,G,SCORE70,3.0,8.0,3,200000.0,-39.964,-22.124,-7.323,463382.53,43,74.42,-14.408,2
G__SCORE70__TP3__SL8__H3__CAP500K,G,SCORE70,3.0,8.0,3,500000.0,-47.031,-44.38,-33.529,332354.97,32,68.75,-38.413,1
G__SCORE70__TP3__SL8__H3__CAPALL,G,SCORE70,3.0,8.0,3,,-47.49,-44.574,-33.958,330208.34,32,68.75,-38.817,1
G__SCORE70__TP3__SL8__H5__CAP200K,G,SCORE70,3.0,8.0,5,200000.0,-35.576,-27.316,-7.373,463133.56,43,74.42,-14.444,2
G__SCORE70__TP3__SL8__H5__CAP500K,G,SCORE70,3.0,8.0,5,500000.0,-47.301,-47.362,-34.695,326523.67,31,67.74,-40.432,1
G__SCORE70__TP3__SL8__H5__CAPALL,G,SCORE70,3.0,8.0,5,,-47.642,-47.506,-35.391,323043.18,31,67.74,-41.092,1
G__SCORE70__TP3__SL8__H10__CAP200K,G,SCORE70,3.0,8.0,10,200000.0,-34.01,-23.995,-4.575,477125.15,43,76.74,-14.371,2
G__SCORE70__TP3__SL8__H10__CAP500K,G,SCORE70,3.0,8.0,10,500000.0,-50.143,-45.536,-27.695,361527.0,31,70.97,-36.105,1
G__SCORE70__TP3__SL8__H10__CAPALL,G,SCORE70,3.0,8.0,10,,-50.484,-45.734,-28.466,357671.55,31,70.97,-36.815,1
G__SCORE70__TP3__SL12__H3__CAP200K,G,SCORE70,3.0,12.0,3,200000.0,-26.11,-22.392,-6.82,465901.22,43,79.07,-16.714,2
G__SCORE70__TP3__SL12__H3__CAP500K,G,SCORE70,3.0,12.0,3,500000.0,-22.475,-49.058,-36.015,319924.66,31,74.19,-42.128,1
G__SCORE70__TP3__SL12__H3__CAPALL,G,SCORE70,3.0,12.0,3,,-23.256,-49.243,-36.463,317685.94,30,73.33,-42.398,1
G__SCORE70__TP3__SL12__H5__CAP200K,G,SCORE70,3.0,12.0,5,200000.0,-33.551,-22.706,-4.603,476987.31,43,81.4,-16.006,2
G__SCORE70__TP3__SL12__H5__CAP500K,G,SCORE70,3.0,12.0,5,500000.0,-30.857,-42.227,-20.803,395985.58,31,77.42,-31.104,1
G__SCORE70__TP3__SL12__H5__CAPALL,G,SCORE70,3.0,12.0,5,,-31.091,-42.682,-21.429,392852.95,28,78.57,-31.407,1
G__SCORE70__TP3__SL12__H10__CAP200K,G,SCORE70,3.0,12.0,10,200000.0,-32.523,-13.817,-4.192,479040.81,43,83.72,-18.089,2
G__SCORE70__TP3__SL12__H10__CAP500K,G,SCORE70,3.0,12.0,10,500000.0,-37.669,-36.856,-18.131,409344.77,31,80.65,-31.005,1
G__SCORE70__TP3__SL12__H10__CAPALL,G,SCORE70,3.0,12.0,10,,-37.858,-37.289,-18.566,407170.05,28,82.14,-31.127,1
G__SCORE70__TP3__SL0__H3__CAP200K,G,SCORE70,3.0,,3,200000.0,-10.146,-19.185,2.862,514307.57,43,81.4,-12.765,2
G__SCORE70__TP3__SL0__H3__CAP500K,G,SCORE70,3.0,,3,500000.0,-13.64,-39.619,-2.489,487556.56,34,82.35,-30.806,1
G__SCORE70__TP3__SL0__H3__CAPALL,G,SCORE70,3.0,,3,,-14.476,-39.835,-8.921,455397.48,28,78.57,-37.17,1
G__SCORE70__TP3__SL0__H5__CAP200K,G,SCORE70,3.0,,5,200000.0,-18.452,-13.066,7.654,538268.98,43,86.05,-14.605,2
G__SCORE70__TP3__SL0__H5__CAP500K,G,SCORE70,3.0,,5,500000.0,-21.028,-12.957,-4.204,478979.96,33,84.85,-33.095,1
G__SCORE70__TP3__SL0__H5__CAPALL,G,SCORE70,3.0,,5,,-22.331,-13.731,-12.901,435496.82,26,84.62,-40.466,1
G__SCORE70__TP3__SL0__H10__CAP200K,G,SCORE70,3.0,,10,200000.0,-6.883,-5.723,10.91,554549.14,42,88.1,-17.288,2
G__SCORE70__TP3__SL0__H10__CAP500K,G,SCORE70,3.0,,10,500000.0,-12.971,-9.92,28.14,640702.0,33,90.91,-16.44,2
G__SCORE70__TP3__SL0__H10__CAPALL,G,SCORE70,3.0,,10,,-13.391,-13.29,33.05,665250.19,21,90.48,-16.714,1
G__SCORE70__TP5__SL5__H3__CAP200K,G,SCORE70,5.0,5.0,3,200000.0,-30.803,-24.576,-1.694,491530.43,40,52.5,-12.018,1
G__SCORE70__TP5__SL5__H3__CAP500K,G,SCORE70,5.0,5.0,3,500000.0,-50.419,-42.713,-7.257,463713.15,37,54.05,-26.902,1
G__SCORE70__TP5__SL5__H3__CAPALL,G,SCORE70,5.0,5.0,3,,-51.382,-42.811,-10.681,446594.64,34,52.94,-29.582,1
G__SCORE70__TP5__SL5__H5__CAP200K,G,SCORE70,5.0,5.0,5,200000.0,-27.462,-28.646,-0.393,498035.95,40,52.5,-11.879,1
G__SCORE70__TP5__SL5__H5__CAP500K,G,SCORE70,5.0,5.0,5,500000.0,-54.547,-47.398,-0.589,497055.88,35,54.29,-25.404,1
G__SCORE70__TP5__SL5__H5__CAPALL,G,SCORE70,5.0,5.0,5,,-54.88,-47.504,-6.153,469236.65,32,53.12,-29.572,1
G__SCORE70__TP5__SL5__H10__CAP200K,G,SCORE70,5.0,5.0,10,200000.0,-30.328,-28.646,-4.265,478676.79,40,50.0,-12.302,1
G__SCORE70__TP5__SL5__H10__CAP500K,G,SCORE70,5.0,5.0,10,500000.0,-52.187,-47.398,-13.279,433602.76,34,50.0,-28.201,1
G__SCORE70__TP5__SL5__H10__CAPALL,G,SCORE70,5.0,5.0,10,,-52.511,-47.504,-14.886,425567.51,32,50.0,-29.594,1
G__SCORE70__TP5__SL8__H3__CAP200K,G,SCORE70,5.0,8.0,3,200000.0,-28.4,-4.325,8.812,544058.8,38,68.42,-11.028,2
G__SCORE70__TP5__SL8__H3__CAP500K,G,SCORE70,5.0,8.0,3,500000.0,-35.668,-18.342,4.614,523068.69,34,70.59,-23.73,2
G__SCORE70__TP5__SL8__H3__CAPALL,G,SCORE70,5.0,8.0,3,,-37.961,-18.719,-6.133,469334.62,29,65.52,-32.492,1
G__SCORE70__TP5__SL8__H5__CAP200K,G,SCORE70,5.0,8.0,5,200000.0,-22.93,-9.814,9.449,547245.07,38,68.42,-11.638,2
G__SCORE70__TP5__SL8__H5__CAP500K,G,SCORE70,5.0,8.0,5,500000.0,-39.897,-0.449,10.198,550988.94,33,72.73,-24.284,2
G__SCORE70__TP5__SL8__H5__CAPALL,G,SCORE70,5.0,8.0,5,,-41.208,-1.366,-5.01,474949.39,26,65.38,-36.728,1
G__SCORE70__TP5__SL8__H10__CAP200K,G,SCORE70,5.0,8.0,10,200000.0,-29.707,-9.641,13.121,565605.55,38,71.05,-11.001,2
G__SCORE70__TP5__SL8__H10__CAP500K,G,SCORE70,5.0,8.0,10,500000.0,-40.466,-9.092,22.091,610457.11,33,75.76,-20.679,2
G__SCORE70__TP5__SL8__H10__CAPALL,G,SCORE70,5.0,8.0,10,,-41.444,-9.912,7.469,537343.56,26,69.23,-32.137,1
G__SCORE70__TP5__SL12__H3__CAP200K,G,SCORE70,5.0,12.0,3,200000.0,-10.944,-4.542,3.642,518211.15,38,71.05,-14.984,2
G__SCORE70__TP5__SL12__H3__CAP500K,G,SCORE70,5.0,12.0,3,500000.0,-16.107,12.897,-18.126,409369.27,32,71.88,-36.319,1
G__SCORE70__TP5__SL12__H3__CAPALL,G,SCORE70,5.0,12.0,3,,-20.177,2.417,-24.644,376779.83,27,66.67,-39.468,1
G__SCORE70__TP5__SL12__H5__CAP200K,G,SCORE70,5.0,12.0,5,200000.0,-20.712,-5.653,7.779,538897.1,38,73.68,-14.631,2
G__SCORE70__TP5__SL12__H5__CAP500K,G,SCORE70,5.0,12.0,5,500000.0,-26.465,51.814,15.806,579028.74,34,76.47,-24.321,2
G__SCORE70__TP5__SL12__H5__CAPALL,G,SCORE70,5.0,12.0,5,,-27.699,63.889,2.279,511394.62,24,75.0,-34.56,1
G__SCORE70__TP5__SL12__H10__CAP200K,G,SCORE70,5.0,12.0,10,200000.0,-18.594,-10.612,9.374,546867.84,38,76.32,-15.048,2
G__SCORE70__TP5__SL12__H10__CAP500K,G,SCORE70,5.0,12.0,10,500000.0,-32.604,37.803,24.898,624490.61,34,79.41,-22.935,2
G__SCORE70__TP5__SL12__H10__CAPALL,G,SCORE70,5.0,12.0,10,,-30.398,47.767,15.689,578446.28,24,79.17,-29.816,1
G__SCORE70__TP5__SL0__H3__CAP200K,G,SCORE70,5.0,,3,200000.0,-0.362,-2.63,4.843,524216.29,38,71.05,-13.381,2
G__SCORE70__TP5__SL0__H3__CAP500K,G,SCORE70,5.0,,3,500000.0,-7.256,-3.588,1.567,507835.8,34,73.53,-27.505,1
G__SCORE70__TP5__SL0__H3__CAPALL,G,SCORE70,5.0,,3,,-9.796,-14.572,-12.09,439549.34,25,68.0,-36.58,1
G__SCORE70__TP5__SL0__H5__CAP200K,G,SCORE70,5.0,,5,200000.0,-11.564,0.315,15.887,579436.92,38,78.95,-15.037,2
G__SCORE70__TP5__SL0__H5__CAP500K,G,SCORE70,5.0,,5,500000.0,-15.502,39.058,45.897,729485.41,32,81.25,-16.183,2
G__SCORE70__TP5__SL0__H5__CAPALL,G,SCORE70,5.0,,5,,-17.63,41.951,57.94,789701.17,20,85.0,-22.987,1
G__SCORE70__TP5__SL0__H10__CAP200K,G,SCORE70,5.0,,10,200000.0,-10.154,-0.511,14.89,574452.39,36,83.33,-16.875,3
G__SCORE70__TP5__SL0__H10__CAP500K,G,SCORE70,5.0,,10,500000.0,-43.521,26.648,46.274,731372.03,33,84.85,-21.697,2
G__SCORE70__TP5__SL0__H10__CAPALL,G,SCORE70,5.0,,10,,-46.226,45.47,35.923,679614.37,19,89.47,-35.153,1
G__SCORE70__TP8__SL5__H3__CAP200K,G,SCORE70,8.0,5.0,3,200000.0,-23.661,2.77,0.495,502476.57,39,46.15,-13.176,1
G__SCORE70__TP8__SL5__H3__CAP500K,G,SCORE70,8.0,5.0,3,500000.0,-35.087,15.152,2.8,513997.76,32,46.88,-31.326,1
G__SCORE70__TP8__SL5__H3__CAPALL,G,SCORE70,8.0,5.0,3,,-37.499,13.397,-2.182,489088.12,30,46.67,-34.715,1
G__SCORE70__TP8__SL5__H5__CAP200K,G,SCORE70,8.0,5.0,5,200000.0,-29.929,-4.281,0.456,502278.91,39,43.59,-16.133,1
G__SCORE70__TP8__SL5__H5__CAP500K,G,SCORE70,8.0,5.0,5,500000.0,-49.32,-8.168,9.584,547918.46,32,43.75,-31.455,1
G__SCORE70__TP8__SL5__H5__CAPALL,G,SCORE70,8.0,5.0,5,,-49.6,-8.284,2.888,514442.02,28,46.43,-37.016,1
G__SCORE70__TP8__SL5__H10__CAP200K,G,SCORE70,8.0,5.0,10,200000.0,-29.433,-3.725,-3.416,482919.75,39,41.03,-16.68,1
G__SCORE70__TP8__SL5__H10__CAP500K,G,SCORE70,8.0,5.0,10,500000.0,-54.989,-11.237,-3.093,484532.74,30,43.33,-33.864,1
G__SCORE70__TP8__SL5__H10__CAPALL,G,SCORE70,8.0,5.0,10,,-55.966,-12.899,-6.651,466743.34,28,42.86,-36.997,1
G__SCORE70__TP8__SL8__H3__CAP200K,G,SCORE70,8.0,8.0,3,200000.0,-19.28,19.817,10.883,554414.1,36,61.11,-11.665,2
G__SCORE70__TP8__SL8__H3__CAP500K,G,SCORE70,8.0,8.0,3,500000.0,-7.901,47.236,16.787,583934.94,30,63.33,-27.421,2
G__SCORE70__TP8__SL8__H3__CAPALL,G,SCORE70,8.0,8.0,3,,-16.245,29.062,5.279,526397.19,25,60.0,-35.971,1
G__SCORE70__TP8__SL8__H5__CAP200K,G,SCORE70,8.0,8.0,5,200000.0,-17.616,-3.319,15.506,577530.37,36,61.11,-11.105,2
G__SCORE70__TP8__SL8__H5__CAP500K,G,SCORE70,8.0,8.0,5,500000.0,-28.608,31.231,20.896,604479.02,30,63.33,-24.562,2
G__SCORE70__TP8__SL8__H5__CAPALL,G,SCORE70,8.0,8.0,5,,-29.218,31.075,7.889,539443.65,22,59.09,-33.746,1
G__SCORE70__TP8__SL8__H10__CAP200K,G,SCORE70,8.0,8.0,10,200000.0,-38.511,-2.46,21.578,607888.14,36,61.11,-10.485,2
G__SCORE70__TP8__SL8__H10__CAP500K,G,SCORE70,8.0,8.0,10,500000.0,-40.214,-16.34,39.018,695089.31,29,65.52,-23.201,2
G__SCORE70__TP8__SL8__H10__CAPALL,G,SCORE70,8.0,8.0,10,,-41.529,-16.376,29.123,645615.49,22,63.64,-33.769,1
G__SCORE70__TP8__SL12__H3__CAP200K,G,SCORE70,8.0,12.0,3,200000.0,-1.8,23.272,5.369,526843.03,36,63.89,-12.832,2
G__SCORE70__TP8__SL12__H3__CAP500K,G,SCORE70,8.0,12.0,3,500000.0,46.929,54.159,6.775,533873.21,28,67.86,-28.11,2
G__SCORE70__TP8__SL12__H3__CAPALL,G,SCORE70,8.0,12.0,3,,36.335,46.421,-2.859,485703.95,24,62.5,-34.021,1
G__SCORE70__TP8__SL12__H5__CAP200K,G,SCORE70,8.0,12.0,5,200000.0,-8.662,1.945,16.385,581926.52,36,66.67,-11.507,2
G__SCORE70__TP8__SL12__H5__CAP500K,G,SCORE70,8.0,12.0,5,500000.0,22.585,57.2,39.01,695048.83,30,70.0,-18.23,2
G__SCORE70__TP8__SL12__H5__CAPALL,G,SCORE70,8.0,12.0,5,,26.322,66.2,36.535,682675.13,20,70.0,-23.731,1
G__SCORE70__TP8__SL12__H10__CAP200K,G,SCORE70,8.0,12.0,10,200000.0,-11.054,9.614,16.543,582713.44,36,66.67,-15.539,2
G__SCORE70__TP8__SL12__H10__CAP500K,G,SCORE70,8.0,12.0,10,500000.0,-29.756,11.191,46.666,733330.47,30,70.0,-17.742,2
G__SCORE70__TP8__SL12__H10__CAPALL,G,SCORE70,8.0,12.0,10,,-45.435,16.706,39.485,697425.36,19,73.68,-23.727,1
G__SCORE70__TP8__SL0__H3__CAP200K,G,SCORE70,8.0,,3,200000.0,8.924,21.979,6.734,533670.02,36,63.89,-10.539,2
G__SCORE70__TP8__SL0__H3__CAP500K,G,SCORE70,8.0,,3,500000.0,56.667,39.827,6.533,532664.99,31,64.52,-27.252,2
G__SCORE70__TP8__SL0__H3__CAPALL,G,SCORE70,8.0,,3,,53.504,19.339,-7.434,462831.41,22,59.09,-38.108,1
G__SCORE70__TP8__SL0__H5__CAP200K,G,SCORE70,8.0,,5,200000.0,-0.927,0.128,24.016,620080.09,36,72.22,-13.151,2
G__SCORE70__TP8__SL0__H5__CAP500K,G,SCORE70,8.0,,5,500000.0,11.345,30.039,50.971,754852.78,28,75.0,-21.652,2
G__SCORE70__TP8__SL0__H5__CAPALL,G,SCORE70,8.0,,5,,-3.12,21.811,49.302,746508.58,17,76.47,-35.344,1
G__SCORE70__TP8__SL0__H10__CAP200K,G,SCORE70,8.0,,10,200000.0,3.664,29.506,18.032,590162.26,31,74.19,-18.077,3
G__SCORE70__TP8__SL0__H10__CAP500K,G,SCORE70,8.0,,10,500000.0,-22.598,38.289,25.329,626645.45,24,79.17,-32.74,2
G__SCORE70__TP8__SL0__H10__CAPALL,G,SCORE70,8.0,,10,,-34.151,20.827,6.324,531619.48,13,76.92,-47.106,1
G__SCORE70__TP10__SL5__H3__CAP200K,G,SCORE70,10.0,5.0,3,200000.0,-15.371,2.837,-3.008,484958.67,37,40.54,-12.267,1
G__SCORE70__TP10__SL5__H3__CAP500K,G,SCORE70,10.0,5.0,3,500000.0,-20.548,4.954,-14.348,428259.18,28,39.29,-34.894,1
G__SCORE70__TP10__SL5__H3__CAPALL,G,SCORE70,10.0,5.0,3,,-23.122,1.742,-14.388,428058.43,28,39.29,-34.942,1
G__SCORE70__TP10__SL5__H5__CAP200K,G,SCORE70,10.0,5.0,5,200000.0,-19.2,-3.225,-9.625,451872.92,37,35.14,-19.437,1
G__SCORE70__TP10__SL5__H5__CAP500K,G,SCORE70,10.0,5.0,5,500000.0,-33.087,-14.088,-17.291,413544.53,27,37.04,-41.348,1
G__SCORE70__TP10__SL5__H5__CAPALL,G,SCORE70,10.0,5.0,5,,-33.184,-3.414,-18.304,408478.56,27,37.04,-41.8,1
G__SCORE70__TP10__SL5__H10__CAP200K,G,SCORE70,10.0,5.0,10,200000.0,-26.482,0.48,-13.497,432513.77,37,32.43,-20.615,1
G__SCORE70__TP10__SL5__H10__CAP500K,G,SCORE70,10.0,5.0,10,500000.0,-30.048,-24.149,-25.862,370687.64,27,33.33,-42.986,1
G__SCORE70__TP10__SL5__H10__CAPALL,G,SCORE70,10.0,5.0,10,,-31.758,-10.824,-25.862,370687.64,27,33.33,-42.986,1
G__SCORE70__TP10__SL8__H3__CAP200K,G,SCORE70,10.0,8.0,3,200000.0,-7.218,18.01,9.666,548331.76,34,55.88,-9.871,2
G__SCORE70__TP10__SL8__H3__CAP500K,G,SCORE70,10.0,8.0,3,500000.0,-7.003,68.51,15.062,575307.82,28,60.71,-28.379,2
G__SCORE70__TP10__SL8__H3__CAPALL,G,SCORE70,10.0,8.0,3,,-17.231,56.082,5.385,526927.35,23,56.52,-34.791,1
G__SCORE70__TP10__SL8__H5__CAP200K,G,SCORE70,10.0,8.0,5,200000.0,-0.952,-11.392,10.247,551237.49,34,52.94,-12.042,2
G__SCORE70__TP10__SL8__H5__CAP500K,G,SCORE70,10.0,8.0,5,500000.0,-33.069,57.158,35.449,677244.17,28,60.71,-21.403,2
G__SCORE70__TP10__SL8__H5__CAPALL,G,SCORE70,10.0,8.0,5,,-34.465,60.109,23.212,616061.5,21,57.14,-28.881,1
G__SCORE70__TP10__SL8__H10__CAP200K,G,SCORE70,10.0,8.0,10,200000.0,-16.695,-7.107,17.715,588576.62,33,54.55,-11.371,2
G__SCORE70__TP10__SL8__H10__CAP500K,G,SCORE70,10.0,8.0,10,500000.0,0.318,-11.22,54.691,773455.06,29,58.62,-22.871,1
G__SCORE70__TP10__SL8__H10__CAPALL,G,SCORE70,10.0,8.0,10,,-14.501,-2.743,50.315,751575.94,21,61.9,-31.625,0
G__SCORE70__TP10__SL12__H3__CAP200K,G,SCORE70,10.0,12.0,3,200000.0,2.674,17.611,6.171,530853.12,34,58.82,-11.151,2
G__SCORE70__TP10__SL12__H3__CAP500K,G,SCORE70,10.0,12.0,3,500000.0,49.966,85.594,44.017,720083.63,30,63.33,-17.748,2
G__SCORE70__TP10__SL12__H3__CAPALL,G,SCORE70,10.0,12.0,3,,9.049,72.684,33.613,668065.34,21,61.9,-31.58,1
G__SCORE70__TP10__SL12__H5__CAP200K,G,SCORE70,10.0,12.0,5,200000.0,-3.222,0.024,9.73,548650.43,33,60.61,-12.149,2
G__SCORE70__TP10__SL12__H5__CAP500K,G,SCORE70,10.0,12.0,5,500000.0,15.752,79.463,27.846,639230.71,26,65.38,-25.039,2
G__SCORE70__TP10__SL12__H5__CAPALL,G,SCORE70,10.0,12.0,5,,14.024,150.765,15.416,577078.12,19,63.16,-30.861,1
G__SCORE70__TP10__SL12__H10__CAP200K,G,SCORE70,10.0,12.0,10,200000.0,1.858,9.439,14.324,571620.36,32,62.5,-14.888,2
G__SCORE70__TP10__SL12__H10__CAP500K,G,SCORE70,10.0,12.0,10,500000.0,34.779,28.203,48.65,743251.02,27,66.67,-29.382,1
G__SCORE70__TP10__SL12__H10__CAPALL,G,SCORE70,10.0,12.0,10,,13.051,37.91,42.458,712291.16,19,68.42,-36.404,0
G__SCORE70__TP10__SL0__H3__CAP200K,G,SCORE70,10.0,,3,200000.0,12.617,14.62,8.165,540825.61,34,58.82,-10.447,2
G__SCORE70__TP10__SL0__H3__CAP500K,G,SCORE70,10.0,,3,500000.0,50.801,58.445,31.156,655782.1,29,62.07,-19.594,2
G__SCORE70__TP10__SL0__H3__CAPALL,G,SCORE70,10.0,,3,,20.732,40.758,8.604,543019.81,20,55.0,-36.942,1
G__SCORE70__TP10__SL0__H5__CAP200K,G,SCORE70,10.0,,5,200000.0,1.52,-0.82,14.847,574232.97,34,64.71,-13.336,2
G__SCORE70__TP10__SL0__H5__CAP500K,G,SCORE70,10.0,,5,500000.0,-4.144,54.466,8.308,541540.28,26,69.23,-36.606,2
G__SCORE70__TP10__SL0__H5__CAPALL,G,SCORE70,10.0,,5,,-26.149,59.059,-20.32,398400.61,16,62.5,-58.307,1
G__SCORE70__TP10__SL0__H10__CAP200K,G,SCORE70,10.0,,10,200000.0,14.999,18.444,38.694,693471.38,30,76.67,-12.125,3
G__SCORE70__TP10__SL0__H10__CAP500K,G,SCORE70,10.0,,10,500000.0,59.844,63.162,55.939,779693.58,24,83.33,-19.618,1
G__SCORE70__TP10__SL0__H10__CAPALL,G,SCORE70,10.0,,10,,7.197,77.897,27.667,638334.7,12,75.0,-37.763,0
G__SCORE60_NOT_STRONG_TOP__TP3__SL5__H3__CAP200K,G,SCORE60_NOT_STRONG_TOP,3.0,5.0,3,200000.0,-50.823,-44.247,-25.672,371640.28,51,56.86,-28.731,1
G__SCORE60_NOT_STRONG_TOP__TP3__SL5__H3__CAP500K,G,SCORE60_NOT_STRONG_TOP,3.0,5.0,3,500000.0,-62.899,-62.025,-50.323,248386.9,43,53.49,-52.133,1
G__SCORE60_NOT_STRONG_TOP__TP3__SL5__H3__CAPALL,G,SCORE60_NOT_STRONG_TOP,3.0,5.0,3,,-62.959,-62.133,-50.404,247979.1,43,53.49,-52.217,1
G__SCORE60_NOT_STRONG_TOP__TP3__SL5__H5__CAP200K,G,SCORE60_NOT_STRONG_TOP,3.0,5.0,5,200000.0,-51.886,-46.102,-25.024,374877.62,51,56.86,-28.553,1
G__SCORE60_NOT_STRONG_TOP__TP3__SL5__H5__CAP500K,G,SCORE60_NOT_STRONG_TOP,3.0,5.0,5,500000.0,-64.551,-63.966,-49.541,252293.09,43,53.49,-52.134,1
G__SCORE60_NOT_STRONG_TOP__TP3__SL5__H5__CAPALL,G,SCORE60_NOT_STRONG_TOP,3.0,5.0,5,,-64.63,-64.076,-49.641,251793.04,43,53.49,-52.25,1
G__SCORE60_NOT_STRONG_TOP__TP3__SL5__H10__CAP200K,G,SCORE60_NOT_STRONG_TOP,3.0,5.0,10,200000.0,-50.283,-46.102,-25.024,374877.62,51,56.86,-28.553,1
G__SCORE60_NOT_STRONG_TOP__TP3__SL5__H10__CAP500K,G,SCORE60_NOT_STRONG_TOP,3.0,5.0,10,500000.0,-64.576,-63.966,-49.541,252293.09,43,53.49,-52.134,1
G__SCORE60_NOT_STRONG_TOP__TP3__SL5__H10__CAPALL,G,SCORE60_NOT_STRONG_TOP,3.0,5.0,10,,-64.661,-64.076,-49.641,251793.04,43,53.49,-52.25,1
G__SCORE60_NOT_STRONG_TOP__TP3__SL8__H3__CAP200K,G,SCORE60_NOT_STRONG_TOP,3.0,8.0,3,200000.0,-46.688,-28.073,-3.443,482783.74,50,76.0,-12.479,2
G__SCORE60_NOT_STRONG_TOP__TP3__SL8__H3__CAP500K,G,SCORE60_NOT_STRONG_TOP,3.0,8.0,3,500000.0,-52.692,-38.101,-32.619,336905.17,38,71.05,-37.569,1
G__SCORE60_NOT_STRONG_TOP__TP3__SL8__H3__CAPALL,G,SCORE60_NOT_STRONG_TOP,3.0,8.0,3,,-53.071,-38.53,-32.762,336190.81,38,71.05,-37.708,1
G__SCORE60_NOT_STRONG_TOP__TP3__SL8__H5__CAP200K,G,SCORE60_NOT_STRONG_TOP,3.0,8.0,5,200000.0,-38.565,-32.392,-3.493,482534.77,50,76.0,-12.454,2
G__SCORE60_NOT_STRONG_TOP__TP3__SL8__H5__CAP500K,G,SCORE60_NOT_STRONG_TOP,3.0,8.0,5,500000.0,-48.806,-42.718,-34.101,329495.85,37,70.27,-39.89,1
G__SCORE60_NOT_STRONG_TOP__TP3__SL8__H5__CAPALL,G,SCORE60_NOT_STRONG_TOP,3.0,8.0,5,,-49.213,-43.166,-34.267,328666.39,37,70.27,-40.067,1
G__SCORE60_NOT_STRONG_TOP__TP3__SL8__H10__CAP200K,G,SCORE60_NOT_STRONG_TOP,3.0,8.0,10,200000.0,-38.544,-23.743,-0.695,496526.35,50,78.0,-12.454,2
G__SCORE60_NOT_STRONG_TOP__TP3__SL8__H10__CAP500K,G,SCORE60_NOT_STRONG_TOP,3.0,8.0,10,500000.0,-49.309,-38.801,-27.034,364829.02,37,72.97,-35.524,1
G__SCORE60_NOT_STRONG_TOP__TP3__SL8__H10__CAPALL,G,SCORE60_NOT_STRONG_TOP,3.0,8.0,10,,-49.709,-39.192,-27.219,363903.92,37,72.97,-35.715,1
G__SCORE60_NOT_STRONG_TOP__TP3__SL12__H3__CAP200K,G,SCORE60_NOT_STRONG_TOP,3.0,12.0,3,200000.0,-40.84,-26.588,-2.369,488153.84,50,80.0,-14.989,2
G__SCORE60_NOT_STRONG_TOP__TP3__SL12__H3__CAP500K,G,SCORE60_NOT_STRONG_TOP,3.0,12.0,3,500000.0,-39.317,-36.061,-36.545,317277.45,36,75.0,-42.104,1
G__SCORE60_NOT_STRONG_TOP__TP3__SL12__H3__CAPALL,G,SCORE60_NOT_STRONG_TOP,3.0,12.0,3,,-39.92,-36.62,-37.019,314905.52,34,73.53,-42.398,1
G__SCORE60_NOT_STRONG_TOP__TP3__SL12__H5__CAP200K,G,SCORE60_NOT_STRONG_TOP,3.0,12.0,5,200000.0,-41.358,-25.23,-2.226,488870.17,50,82.0,-15.17,2
G__SCORE60_NOT_STRONG_TOP__TP3__SL12__H5__CAP500K,G,SCORE60_NOT_STRONG_TOP,3.0,12.0,5,500000.0,-44.444,-26.706,-26.296,368522.13,32,78.12,-32.769,1
G__SCORE60_NOT_STRONG_TOP__TP3__SL12__H5__CAPALL,G,SCORE60_NOT_STRONG_TOP,3.0,12.0,5,,-44.618,-27.431,-26.777,366116.16,32,78.12,-33.239,1
G__SCORE60_NOT_STRONG_TOP__TP3__SL12__H10__CAP200K,G,SCORE60_NOT_STRONG_TOP,3.0,12.0,10,200000.0,-44.665,-11.466,-1.815,490923.67,50,84.0,-17.222,2
G__SCORE60_NOT_STRONG_TOP__TP3__SL12__H10__CAP500K,G,SCORE60_NOT_STRONG_TOP,3.0,12.0,10,500000.0,-42.508,-21.614,-23.489,382554.74,32,81.25,-32.389,1
G__SCORE60_NOT_STRONG_TOP__TP3__SL12__H10__CAPALL,G,SCORE60_NOT_STRONG_TOP,3.0,12.0,10,,-42.697,-22.461,-24.124,379382.02,32,81.25,-32.981,1
G__SCORE60_NOT_STRONG_TOP__TP3__SL0__H3__CAP200K,G,SCORE60_NOT_STRONG_TOP,3.0,,3,200000.0,-19.994,-24.612,6.028,530141.94,50,82.0,-11.261,2
G__SCORE60_NOT_STRONG_TOP__TP3__SL0__H3__CAP500K,G,SCORE60_NOT_STRONG_TOP,3.0,,3,500000.0,-33.061,-24.122,-2.214,488931.07,40,82.5,-30.154,1
G__SCORE60_NOT_STRONG_TOP__TP3__SL0__H3__CAPALL,G,SCORE60_NOT_STRONG_TOP,3.0,,3,,-33.637,-24.616,-9.742,451288.67,32,78.12,-37.178,1
G__SCORE60_NOT_STRONG_TOP__TP3__SL0__H5__CAP200K,G,SCORE60_NOT_STRONG_TOP,3.0,,5,200000.0,-29.89,-11.42,10.868,554341.36,49,85.71,-13.636,2
G__SCORE60_NOT_STRONG_TOP__TP3__SL0__H5__CAP500K,G,SCORE60_NOT_STRONG_TOP,3.0,,5,500000.0,-25.863,12.532,-3.825,480874.78,38,84.21,-33.022,1
G__SCORE60_NOT_STRONG_TOP__TP3__SL0__H5__CAPALL,G,SCORE60_NOT_STRONG_TOP,3.0,,5,,-28.167,16.322,-13.164,434180.74,30,83.33,-40.449,1
G__SCORE60_NOT_STRONG_TOP__TP3__SL0__H10__CAP200K,G,SCORE60_NOT_STRONG_TOP,3.0,,10,200000.0,-26.307,-7.51,12.89,564448.22,47,87.23,-17.459,2
G__SCORE60_NOT_STRONG_TOP__TP3__SL0__H10__CAP500K,G,SCORE60_NOT_STRONG_TOP,3.0,,10,500000.0,-16.551,20.843,22.909,614544.34,38,89.47,-16.44,2
G__SCORE60_NOT_STRONG_TOP__TP3__SL0__H10__CAPALL,G,SCORE60_NOT_STRONG_TOP,3.0,,10,,-17.19,26.431,24.509,622545.54,22,86.36,-16.714,1
G__SCORE60_NOT_STRONG_TOP__TP5__SL5__H3__CAP200K,G,SCORE60_NOT_STRONG_TOP,5.0,5.0,3,200000.0,-39.84,-39.184,-1.887,490565.3,47,53.19,-9.307,1
G__SCORE60_NOT_STRONG_TOP__TP5__SL5__H3__CAP500K,G,SCORE60_NOT_STRONG_TOP,5.0,5.0,3,500000.0,-49.555,-44.664,-14.429,427856.73,40,52.5,-26.704,1
G__SCORE60_NOT_STRONG_TOP__TP5__SL5__H3__CAPALL,G,SCORE60_NOT_STRONG_TOP,5.0,5.0,3,,-50.339,-45.24,-15.405,422975.5,40,52.5,-27.428,1
G__SCORE60_NOT_STRONG_TOP__TP5__SL5__H5__CAP200K,G,SCORE60_NOT_STRONG_TOP,5.0,5.0,5,200000.0,-35.065,-42.94,-0.586,497070.81,47,53.19,-9.196,1
G__SCORE60_NOT_STRONG_TOP__TP5__SL5__H5__CAP500K,G,SCORE60_NOT_STRONG_TOP,5.0,5.0,5,500000.0,-56.515,-45.703,-9.507,452466.22,38,52.63,-26.177,1
G__SCORE60_NOT_STRONG_TOP__TP5__SL5__H5__CAPALL,G,SCORE60_NOT_STRONG_TOP,5.0,5.0,5,,-56.861,-46.266,-11.019,444906.42,38,52.63,-27.379,1
G__SCORE60_NOT_STRONG_TOP__TP5__SL5__H10__CAP200K,G,SCORE60_NOT_STRONG_TOP,5.0,5.0,10,200000.0,-37.191,-42.94,-4.458,477711.66,47,51.06,-10.931,1
G__SCORE60_NOT_STRONG_TOP__TP5__SL5__H10__CAP500K,G,SCORE60_NOT_STRONG_TOP,5.0,5.0,10,500000.0,-52.798,-45.703,-19.249,403755.35,38,50.0,-27.678,1
G__SCORE60_NOT_STRONG_TOP__TP5__SL5__H10__CAPALL,G,SCORE60_NOT_STRONG_TOP,5.0,5.0,10,,-53.178,-46.266,-19.346,403270.77,38,50.0,-27.766,1
G__SCORE60_NOT_STRONG_TOP__TP5__SL8__H3__CAP200K,G,SCORE60_NOT_STRONG_TOP,5.0,8.0,3,200000.0,-31.361,-9.675,16.035,580173.23,45,71.11,-10.097,2
G__SCORE60_NOT_STRONG_TOP__TP5__SL8__H3__CAP500K,G,SCORE60_NOT_STRONG_TOP,5.0,8.0,3,500000.0,-41.379,1.465,18.006,590029.27,40,72.5,-21.47,2
G__SCORE60_NOT_STRONG_TOP__TP5__SL8__H3__CAPALL,G,SCORE60_NOT_STRONG_TOP,5.0,8.0,3,,-43.557,10.253,5.084,525419.44,35,68.57,-28.972,1
G__SCORE60_NOT_STRONG_TOP__TP5__SL8__H5__CAP200K,G,SCORE60_NOT_STRONG_TOP,5.0,8.0,5,200000.0,-25.981,-22.4,16.794,583968.62,45,71.11,-9.355,2
G__SCORE60_NOT_STRONG_TOP__TP5__SL8__H5__CAP500K,G,SCORE60_NOT_STRONG_TOP,5.0,8.0,5,500000.0,-47.454,-5.469,24.574,622871.11,39,74.36,-16.681,2
G__SCORE60_NOT_STRONG_TOP__TP5__SL8__H5__CAPALL,G,SCORE60_NOT_STRONG_TOP,5.0,8.0,5,,-46.607,-11.007,6.417,532084.09,32,68.75,-31.182,1
G__SCORE60_NOT_STRONG_TOP__TP5__SL8__H10__CAP200K,G,SCORE60_NOT_STRONG_TOP,5.0,8.0,10,200000.0,-36.213,-27.231,20.472,602359.08,45,73.33,-9.265,2
G__SCORE60_NOT_STRONG_TOP__TP5__SL8__H10__CAP500K,G,SCORE60_NOT_STRONG_TOP,5.0,8.0,10,500000.0,-43.241,-25.445,36.279,681396.34,40,77.5,-16.423,2
G__SCORE60_NOT_STRONG_TOP__TP5__SL8__H10__CAPALL,G,SCORE60_NOT_STRONG_TOP,5.0,8.0,10,,-44.448,-28.913,20.372,601861.93,32,71.88,-28.551,1
G__SCORE60_NOT_STRONG_TOP__TP5__SL12__H3__CAP200K,G,SCORE60_NOT_STRONG_TOP,5.0,12.0,3,200000.0,-18.385,-9.947,11.307,556534.97,45,73.33,-12.893,2
G__SCORE60_NOT_STRONG_TOP__TP5__SL12__H3__CAP500K,G,SCORE60_NOT_STRONG_TOP,5.0,12.0,3,500000.0,-19.364,34.676,-10.959,445202.79,38,73.68,-33.939,1
G__SCORE60_NOT_STRONG_TOP__TP5__SL12__H3__CAPALL,G,SCORE60_NOT_STRONG_TOP,5.0,12.0,3,,-19.557,45.372,-20.843,395787.34,31,67.74,-39.41,1
G__SCORE60_NOT_STRONG_TOP__TP5__SL12__H5__CAP200K,G,SCORE60_NOT_STRONG_TOP,5.0,12.0,5,200000.0,-28.207,-11.203,13.621,568102.82,45,75.56,-13.416,2
G__SCORE60_NOT_STRONG_TOP__TP5__SL12__H5__CAP500K,G,SCORE60_NOT_STRONG_TOP,5.0,12.0,5,500000.0,-33.45,46.991,16.923,584617.18,38,76.32,-23.255,2
G__SCORE60_NOT_STRONG_TOP__TP5__SL12__H5__CAPALL,G,SCORE60_NOT_STRONG_TOP,5.0,12.0,5,,-34.57,89.614,1.036,505179.21,28,75.0,-34.554,1
G__SCORE60_NOT_STRONG_TOP__TP5__SL12__H10__CAP200K,G,SCORE60_NOT_STRONG_TOP,5.0,12.0,10,200000.0,-35.305,-12.652,15.212,576062.09,45,77.78,-13.439,2
G__SCORE60_NOT_STRONG_TOP__TP5__SL12__H10__CAP500K,G,SCORE60_NOT_STRONG_TOP,5.0,12.0,10,500000.0,-29.018,38.799,26.113,630567.41,39,79.49,-21.958,2
G__SCORE60_NOT_STRONG_TOP__TP5__SL12__H10__CAPALL,G,SCORE60_NOT_STRONG_TOP,5.0,12.0,10,,-26.762,52.822,14.278,571387.57,28,78.57,-29.813,1
G__SCORE60_NOT_STRONG_TOP__TP5__SL0__H3__CAP200K,G,SCORE60_NOT_STRONG_TOP,5.0,,3,200000.0,-6.539,-7.489,10.629,553145.13,45,73.33,-11.743,2
G__SCORE60_NOT_STRONG_TOP__TP5__SL0__H3__CAP500K,G,SCORE60_NOT_STRONG_TOP,5.0,,3,500000.0,-20.713,42.837,10.476,552380.7,40,75.0,-24.801,2
G__SCORE60_NOT_STRONG_TOP__TP5__SL0__H3__CAPALL,G,SCORE60_NOT_STRONG_TOP,5.0,,3,,-21.546,66.407,-7.736,461322.37,29,68.97,-35.151,1
G__SCORE60_NOT_STRONG_TOP__TP5__SL0__H5__CAP200K,G,SCORE60_NOT_STRONG_TOP,5.0,,5,200000.0,-19.672,0.53,22.596,612979.51,44,79.55,-13.287,2
G__SCORE60_NOT_STRONG_TOP__TP5__SL0__H5__CAP500K,G,SCORE60_NOT_STRONG_TOP,5.0,,5,500000.0,-17.011,64.407,51.073,755362.73,36,80.56,-16.293,2
G__SCORE60_NOT_STRONG_TOP__TP5__SL0__H5__CAPALL,G,SCORE60_NOT_STRONG_TOP,5.0,,5,,-21.574,110.021,66.744,833719.84,24,83.33,-22.988,1
G__SCORE60_NOT_STRONG_TOP__TP5__SL0__H10__CAP200K,G,SCORE60_NOT_STRONG_TOP,5.0,,10,200000.0,-20.839,-6.17,18.6,592998.55,41,82.93,-17.338,3
G__SCORE60_NOT_STRONG_TOP__TP5__SL0__H10__CAP500K,G,SCORE60_NOT_STRONG_TOP,5.0,,10,500000.0,-44.912,51.876,41.634,708169.8,36,83.33,-22.843,2
G__SCORE60_NOT_STRONG_TOP__TP5__SL0__H10__CAPALL,G,SCORE60_NOT_STRONG_TOP,5.0,,10,,-45.833,84.793,27.275,636376.12,20,85.0,-35.153,1
G__SCORE60_NOT_STRONG_TOP__TP8__SL5__H3__CAP200K,G,SCORE60_NOT_STRONG_TOP,8.0,5.0,3,200000.0,-33.412,-1.308,5.365,526825.97,46,47.83,-11.506,1
G__SCORE60_NOT_STRONG_TOP__TP8__SL5__H3__CAP500K,G,SCORE60_NOT_STRONG_TOP,8.0,5.0,3,500000.0,-46.595,6.285,9.487,547436.7,39,46.15,-27.991,1
G__SCORE60_NOT_STRONG_TOP__TP8__SL5__H3__CAPALL,G,SCORE60_NOT_STRONG_TOP,8.0,5.0,3,,-48.962,1.168,6.759,533796.35,35,48.57,-30.033,1
G__SCORE60_NOT_STRONG_TOP__TP8__SL5__H5__CAP200K,G,SCORE60_NOT_STRONG_TOP,8.0,5.0,5,200000.0,-35.532,-9.835,5.326,526628.31,46,45.65,-14.483,1
G__SCORE60_NOT_STRONG_TOP__TP8__SL5__H5__CAP500K,G,SCORE60_NOT_STRONG_TOP,8.0,5.0,5,500000.0,-54.818,-11.589,15.258,576290.08,39,43.59,-28.671,1
G__SCORE60_NOT_STRONG_TOP__TP8__SL5__H5__CAPALL,G,SCORE60_NOT_STRONG_TOP,8.0,5.0,5,,-55.418,-11.695,12.171,560856.24,33,48.48,-32.518,1
G__SCORE60_NOT_STRONG_TOP__TP8__SL5__H10__CAP200K,G,SCORE60_NOT_STRONG_TOP,8.0,5.0,10,200000.0,-34.317,-7.873,1.454,507269.15,46,43.48,-14.968,1
G__SCORE60_NOT_STRONG_TOP__TP8__SL5__H10__CAP500K,G,SCORE60_NOT_STRONG_TOP,8.0,5.0,10,500000.0,-57.71,-11.635,3.756,518779.54,35,45.71,-30.893,1
G__SCORE60_NOT_STRONG_TOP__TP8__SL5__H10__CAPALL,G,SCORE60_NOT_STRONG_TOP,8.0,5.0,10,,-59.215,-13.834,1.793,508963.94,33,45.45,-32.492,1
G__SCORE60_NOT_STRONG_TOP__TP8__SL8__H3__CAP200K,G,SCORE60_NOT_STRONG_TOP,8.0,8.0,3,200000.0,-23.782,9.294,20.57,602850.16,42,64.29,-9.87,2
G__SCORE60_NOT_STRONG_TOP__TP8__SL8__H3__CAP500K,G,SCORE60_NOT_STRONG_TOP,8.0,8.0,3,500000.0,-20.846,41.01,48.207,741033.88,36,63.89,-21.265,2
G__SCORE60_NOT_STRONG_TOP__TP8__SL8__H3__CAPALL,G,SCORE60_NOT_STRONG_TOP,8.0,8.0,3,,-33.266,40.958,27.605,638025.3,30,63.33,-31.413,1
G__SCORE60_NOT_STRONG_TOP__TP8__SL8__H5__CAP200K,G,SCORE60_NOT_STRONG_TOP,8.0,8.0,5,200000.0,-17.936,-16.323,26.827,634133.89,42,64.29,-10.209,2
G__SCORE60_NOT_STRONG_TOP__TP8__SL8__H5__CAP500K,G,SCORE60_NOT_STRONG_TOP,8.0,8.0,5,500000.0,-59.016,-16.201,52.013,760063.35,34,64.71,-14.025,2
G__SCORE60_NOT_STRONG_TOP__TP8__SL8__H5__CAPALL,G,SCORE60_NOT_STRONG_TOP,8.0,8.0,5,,-59.016,-27.009,30.684,653420.07,27,62.96,-29.043,1
G__SCORE60_NOT_STRONG_TOP__TP8__SL8__H10__CAP200K,G,SCORE60_NOT_STRONG_TOP,8.0,8.0,10,200000.0,-31.889,-12.314,32.254,661267.81,42,64.29,-10.075,2
G__SCORE60_NOT_STRONG_TOP__TP8__SL8__H10__CAP500K,G,SCORE60_NOT_STRONG_TOP,8.0,8.0,10,500000.0,-42.51,-9.846,68.164,840818.65,34,67.65,-13.628,2
G__SCORE60_NOT_STRONG_TOP__TP8__SL8__H10__CAPALL,G,SCORE60_NOT_STRONG_TOP,8.0,8.0,10,,-44.43,-20.888,56.478,782389.81,27,66.67,-29.043,1
G__SCORE60_NOT_STRONG_TOP__TP8__SL12__H3__CAP200K,G,SCORE60_NOT_STRONG_TOP,8.0,12.0,3,200000.0,-14.412,13.034,15.067,575333.92,42,66.67,-11.862,2
G__SCORE60_NOT_STRONG_TOP__TP8__SL12__H3__CAP500K,G,SCORE60_NOT_STRONG_TOP,8.0,12.0,3,500000.0,5.77,61.684,29.767,648834.51,34,64.71,-25.577,2
G__SCORE60_NOT_STRONG_TOP__TP8__SL12__H3__CAPALL,G,SCORE60_NOT_STRONG_TOP,8.0,12.0,3,,-8.553,85.464,11.73,558651.28,28,64.29,-34.054,1
G__SCORE60_NOT_STRONG_TOP__TP8__SL12__H5__CAP200K,G,SCORE60_NOT_STRONG_TOP,8.0,12.0,5,200000.0,-11.616,-4.402,25.514,627571.1,42,69.05,-11.127,2
G__SCORE60_NOT_STRONG_TOP__TP8__SL12__H5__CAP500K,G,SCORE60_NOT_STRONG_TOP,8.0,12.0,5,500000.0,-4.85,46.69,48.379,741896.38,31,70.97,-18.026,2
G__SCORE60_NOT_STRONG_TOP__TP8__SL12__H5__CAPALL,G,SCORE60_NOT_STRONG_TOP,8.0,12.0,5,,-11.812,62.946,47.684,738418.09,24,70.83,-23.75,1
G__SCORE60_NOT_STRONG_TOP__TP8__SL12__H10__CAP200K,G,SCORE60_NOT_STRONG_TOP,8.0,12.0,10,200000.0,-20.65,0.242,23.003,615016.15,42,69.05,-13.392,2
G__SCORE60_NOT_STRONG_TOP__TP8__SL12__H10__CAP500K,G,SCORE60_NOT_STRONG_TOP,8.0,12.0,10,500000.0,-5.561,16.554,51.832,759160.47,31,74.19,-17.351,2
G__SCORE60_NOT_STRONG_TOP__TP8__SL12__H10__CAPALL,G,SCORE60_NOT_STRONG_TOP,8.0,12.0,10,,-41.792,16.755,50.984,754917.54,23,73.91,-23.745,1
G__SCORE60_NOT_STRONG_TOP__TP8__SL0__H3__CAP200K,G,SCORE60_NOT_STRONG_TOP,8.0,,3,200000.0,0.766,12.146,14.583,572916.52,42,66.67,-10.763,2
G__SCORE60_NOT_STRONG_TOP__TP8__SL0__H3__CAP500K,G,SCORE60_NOT_STRONG_TOP,8.0,,3,500000.0,34.884,59.726,19.112,595560.15,35,65.71,-23.305,2
G__SCORE60_NOT_STRONG_TOP__TP8__SL0__H3__CAPALL,G,SCORE60_NOT_STRONG_TOP,8.0,,3,,1.184,93.675,-0.638,496811.5,25,60.0,-38.127,1
G__SCORE60_NOT_STRONG_TOP__TP8__SL0__H5__CAP200K,G,SCORE60_NOT_STRONG_TOP,8.0,,5,200000.0,-5.0,4.357,32.748,663740.36,41,73.17,-10.904,2
G__SCORE60_NOT_STRONG_TOP__TP8__SL0__H5__CAP500K,G,SCORE60_NOT_STRONG_TOP,8.0,,5,500000.0,-23.624,52.41,61.486,807429.34,32,75.0,-21.25,2
G__SCORE60_NOT_STRONG_TOP__TP8__SL0__H5__CAPALL,G,SCORE60_NOT_STRONG_TOP,8.0,,5,,-23.786,67.896,59.603,798013.15,20,75.0,-35.329,1
G__SCORE60_NOT_STRONG_TOP__TP8__SL0__H10__CAP200K,G,SCORE60_NOT_STRONG_TOP,8.0,,10,200000.0,-6.297,16.527,21.453,607263.22,35,74.29,-18.156,3
G__SCORE60_NOT_STRONG_TOP__TP8__SL0__H10__CAP500K,G,SCORE60_NOT_STRONG_TOP,8.0,,10,500000.0,-1.078,41.328,19.319,596596.26,26,76.92,-33.965,2
G__SCORE60_NOT_STRONG_TOP__TP8__SL0__H10__CAPALL,G,SCORE60_NOT_STRONG_TOP,8.0,,10,,-19.832,77.957,-0.735,496323.07,14,71.43,-47.095,1
G__SCORE60_NOT_STRONG_TOP__TP10__SL5__H3__CAP200K,G,SCORE60_NOT_STRONG_TOP,10.0,5.0,3,200000.0,-20.953,5.275,4.723,523616.15,44,43.18,-10.709,1
G__SCORE60_NOT_STRONG_TOP__TP10__SL5__H3__CAP500K,G,SCORE60_NOT_STRONG_TOP,10.0,5.0,3,500000.0,-44.473,-6.561,-9.382,453091.89,32,40.62,-38.59,1
G__SCORE60_NOT_STRONG_TOP__TP10__SL5__H3__CAPALL,G,SCORE60_NOT_STRONG_TOP,10.0,5.0,3,,-47.265,-6.743,-9.384,453080.77,32,40.62,-38.599,1
G__SCORE60_NOT_STRONG_TOP__TP10__SL5__H5__CAP200K,G,SCORE60_NOT_STRONG_TOP,10.0,5.0,5,200000.0,-22.837,-1.785,-1.894,490530.4,44,38.64,-14.907,1
G__SCORE60_NOT_STRONG_TOP__TP10__SL5__H5__CAP500K,G,SCORE60_NOT_STRONG_TOP,10.0,5.0,5,500000.0,-46.69,-14.43,-13.398,433009.01,31,38.71,-40.017,1
G__SCORE60_NOT_STRONG_TOP__TP10__SL5__H5__CAPALL,G,SCORE60_NOT_STRONG_TOP,10.0,5.0,5,,-46.874,-4.45,-13.632,431837.68,31,38.71,-40.179,1
G__SCORE60_NOT_STRONG_TOP__TP10__SL5__H10__CAP200K,G,SCORE60_NOT_STRONG_TOP,10.0,5.0,10,200000.0,-31.068,4.389,-5.766,471171.25,44,36.36,-16.712,1
G__SCORE60_NOT_STRONG_TOP__TP10__SL5__H10__CAP500K,G,SCORE60_NOT_STRONG_TOP,10.0,5.0,10,500000.0,-46.18,-20.658,-21.583,392086.07,31,35.48,-44.739,1
G__SCORE60_NOT_STRONG_TOP__TP10__SL5__H10__CAPALL,G,SCORE60_NOT_STRONG_TOP,10.0,5.0,10,,-48.036,-7.687,-21.583,392086.07,31,35.48,-44.739,1
G__SCORE60_NOT_STRONG_TOP__TP10__SL8__H3__CAP200K,G,SCORE60_NOT_STRONG_TOP,10.0,8.0,3,200000.0,-7.907,16.385,20.894,604471.04,40,60.0,-10.067,2
G__SCORE60_NOT_STRONG_TOP__TP10__SL8__H3__CAP500K,G,SCORE60_NOT_STRONG_TOP,10.0,8.0,3,500000.0,18.386,68.501,55.142,775709.03,34,61.76,-23.771,2
G__SCORE60_NOT_STRONG_TOP__TP10__SL8__H3__CAPALL,G,SCORE60_NOT_STRONG_TOP,10.0,8.0,3,,-4.2,60.929,36.445,682226.82,28,60.71,-28.864,1
G__SCORE60_NOT_STRONG_TOP__TP10__SL8__H5__CAP200K,G,SCORE60_NOT_STRONG_TOP,10.0,8.0,5,200000.0,-1.109,-22.355,23.204,616022.19,40,57.5,-10.821,2
G__SCORE60_NOT_STRONG_TOP__TP10__SL8__H5__CAP500K,G,SCORE60_NOT_STRONG_TOP,10.0,8.0,5,500000.0,-35.066,-43.621,64.129,820642.88,33,63.64,-13.986,2
G__SCORE60_NOT_STRONG_TOP__TP10__SL8__H5__CAPALL,G,SCORE60_NOT_STRONG_TOP,10.0,8.0,5,,-35.066,-44.261,46.213,731067.4,25,60.0,-22.388,1
G__SCORE60_NOT_STRONG_TOP__TP10__SL8__H10__CAP200K,G,SCORE60_NOT_STRONG_TOP,10.0,8.0,10,200000.0,-17.435,-23.412,30.089,650445.43,40,57.5,-9.688,2
G__SCORE60_NOT_STRONG_TOP__TP10__SL8__H10__CAP500K,G,SCORE60_NOT_STRONG_TOP,10.0,8.0,10,500000.0,27.451,-35.984,77.9,889500.64,33,63.64,-15.431,1
G__SCORE60_NOT_STRONG_TOP__TP10__SL8__H10__CAPALL,G,SCORE60_NOT_STRONG_TOP,10.0,8.0,10,,1.103,-31.453,78.332,891660.79,25,64.0,-25.379,0
G__SCORE60_NOT_STRONG_TOP__TP10__SL12__H3__CAP200K,G,SCORE60_NOT_STRONG_TOP,10.0,12.0,3,200000.0,-6.032,22.643,17.602,588008.31,40,62.5,-12.098,2
G__SCORE60_NOT_STRONG_TOP__TP10__SL12__H3__CAP500K,G,SCORE60_NOT_STRONG_TOP,10.0,12.0,3,500000.0,39.19,87.75,64.528,822639.07,33,63.64,-15.935,2
G__SCORE60_NOT_STRONG_TOP__TP10__SL12__H3__CAPALL,G,SCORE60_NOT_STRONG_TOP,10.0,12.0,3,,17.534,148.566,59.718,798591.59,25,64.0,-31.615,1
G__SCORE60_NOT_STRONG_TOP__TP10__SL12__H5__CAP200K,G,SCORE60_NOT_STRONG_TOP,10.0,12.0,5,200000.0,-2.809,-0.755,21.466,607327.58,40,62.5,-11.347,2
G__SCORE60_NOT_STRONG_TOP__TP10__SL12__H5__CAP500K,G,SCORE60_NOT_STRONG_TOP,10.0,12.0,5,500000.0,23.042,63.593,47.864,739318.7,31,67.74,-19.126,2
G__SCORE60_NOT_STRONG_TOP__TP10__SL12__H5__CAPALL,G,SCORE60_NOT_STRONG_TOP,10.0,12.0,5,,40.264,101.326,31.026,655129.13,23,65.22,-24.525,1
G__SCORE60_NOT_STRONG_TOP__TP10__SL12__H10__CAP200K,G,SCORE60_NOT_STRONG_TOP,10.0,12.0,10,200000.0,-1.806,3.671,23.108,615542.44,37,64.86,-12.11,2
G__SCORE60_NOT_STRONG_TOP__TP10__SL12__H10__CAP500K,G,SCORE60_NOT_STRONG_TOP,10.0,12.0,10,500000.0,55.393,30.358,52.547,762734.95,31,67.74,-23.882,1
G__SCORE60_NOT_STRONG_TOP__TP10__SL12__H10__CAPALL,G,SCORE60_NOT_STRONG_TOP,10.0,12.0,10,,11.782,30.437,61.718,808591.56,23,69.57,-30.596,0
G__SCORE60_NOT_STRONG_TOP__TP10__SL0__H3__CAP200K,G,SCORE60_NOT_STRONG_TOP,10.0,,3,200000.0,9.656,22.822,17.343,586713.62,40,62.5,-10.921,2
G__SCORE60_NOT_STRONG_TOP__TP10__SL0__H3__CAP500K,G,SCORE60_NOT_STRONG_TOP,10.0,,3,500000.0,47.522,83.577,49.52,747597.76,33,63.64,-16.445,2
G__SCORE60_NOT_STRONG_TOP__TP10__SL0__H3__CAPALL,G,SCORE60_NOT_STRONG_TOP,10.0,,3,,19.195,159.555,18.876,594381.44,23,56.52,-37.017,1
G__SCORE60_NOT_STRONG_TOP__TP10__SL0__H5__CAP200K,G,SCORE60_NOT_STRONG_TOP,10.0,,5,200000.0,-0.288,7.804,26.288,631440.01,39,66.67,-11.959,2
G__SCORE60_NOT_STRONG_TOP__TP10__SL0__H5__CAP500K,G,SCORE60_NOT_STRONG_TOP,10.0,,5,500000.0,7.194,53.612,24.105,620526.73,30,70.0,-25.471,2
G__SCORE60_NOT_STRONG_TOP__TP10__SL0__H5__CAPALL,G,SCORE60_NOT_STRONG_TOP,10.0,,5,,12.369,57.981,-18.814,405932.31,18,61.11,-54.506,1
G__SCORE60_NOT_STRONG_TOP__TP10__SL0__H10__CAP200K,G,SCORE60_NOT_STRONG_TOP,10.0,,10,200000.0,2.339,16.251,48.534,742669.6,35,77.14,-12.692,3
G__SCORE60_NOT_STRONG_TOP__TP10__SL0__H10__CAP500K,G,SCORE60_NOT_STRONG_TOP,10.0,,10,500000.0,68.744,60.153,48.92,744598.65,27,81.48,-17.962,1
G__SCORE60_NOT_STRONG_TOP__TP10__SL0__H10__CAPALL,G,SCORE60_NOT_STRONG_TOP,10.0,,10,,47.448,106.994,9.532,547660.8,12,66.67,-37.764,0
G_Pro_balanced__SCORE50__TP3__SL5__H3__CAP200K,G Pro balanced,SCORE50,3.0,5.0,3,200000.0,-80.294,-53.416,-41.055,294722.68,51,47.06,-42.071,1
G_Pro_balanced__SCORE50__TP3__SL5__H3__CAP500K,G Pro balanced,SCORE50,3.0,5.0,3,500000.0,-86.575,-68.387,-63.324,183377.86,45,46.67,-64.865,1
G_Pro_balanced__SCORE50__TP3__SL5__H3__CAPALL,G Pro balanced,SCORE50,3.0,5.0,3,,-87.539,-68.453,-63.465,182677.32,45,46.67,-65.015,1
G_Pro_balanced__SCORE50__TP3__SL5__H5__CAP200K,G Pro balanced,SCORE50,3.0,5.0,5,200000.0,-82.202,-56.421,-41.055,294722.68,51,47.06,-42.071,1
G_Pro_balanced__SCORE50__TP3__SL5__H5__CAP500K,G Pro balanced,SCORE50,3.0,5.0,5,500000.0,-86.616,-70.364,-63.324,183377.86,45,46.67,-64.865,1
G_Pro_balanced__SCORE50__TP3__SL5__H5__CAPALL,G Pro balanced,SCORE50,3.0,5.0,5,,-86.631,-70.453,-63.465,182677.32,45,46.67,-65.015,1
G_Pro_balanced__SCORE50__TP3__SL5__H10__CAP200K,G Pro balanced,SCORE50,3.0,5.0,10,200000.0,-82.758,-53.922,-41.055,294722.68,51,47.06,-42.071,1
G_Pro_balanced__SCORE50__TP3__SL5__H10__CAP500K,G Pro balanced,SCORE50,3.0,5.0,10,500000.0,-87.025,-69.406,-63.324,183377.86,45,46.67,-64.865,1
G_Pro_balanced__SCORE50__TP3__SL5__H10__CAPALL,G Pro balanced,SCORE50,3.0,5.0,10,,-87.058,-69.496,-63.465,182677.32,45,46.67,-65.015,1
G_Pro_balanced__SCORE50__TP3__SL8__H3__CAP200K,G Pro balanced,SCORE50,3.0,8.0,3,200000.0,-47.692,-30.98,-31.243,343784.39,50,64.0,-32.928,1
G_Pro_balanced__SCORE50__TP3__SL8__H3__CAP500K,G Pro balanced,SCORE50,3.0,8.0,3,500000.0,-67.609,-58.378,-45.283,273584.89,37,64.86,-47.582,1
G_Pro_balanced__SCORE50__TP3__SL8__H3__CAPALL,G Pro balanced,SCORE50,3.0,8.0,3,,-70.407,-58.34,-45.533,272333.02,35,62.86,-47.845,1
G_Pro_balanced__SCORE50__TP3__SL8__H5__CAP200K,G Pro balanced,SCORE50,3.0,8.0,5,200000.0,-67.42,-20.319,-28.397,358014.3,49,67.35,-30.302,1
G_Pro_balanced__SCORE50__TP3__SL8__H5__CAP500K,G Pro balanced,SCORE50,3.0,8.0,5,500000.0,-82.297,-56.393,-35.871,320643.18,38,68.42,-40.595,1
G_Pro_balanced__SCORE50__TP3__SL8__H5__CAPALL,G Pro balanced,SCORE50,3.0,8.0,5,,-82.395,-56.438,-36.214,318932.19,33,69.7,-41.148,1
G_Pro_balanced__SCORE50__TP3__SL8__H10__CAP200K,G Pro balanced,SCORE50,3.0,8.0,10,200000.0,-74.727,-16.409,-28.397,358014.3,49,67.35,-30.302,1
G_Pro_balanced__SCORE50__TP3__SL8__H10__CAP500K,G Pro balanced,SCORE50,3.0,8.0,10,500000.0,-81.911,-53.999,-35.871,320643.18,38,68.42,-40.595,1
G_Pro_balanced__SCORE50__TP3__SL8__H10__CAPALL,G Pro balanced,SCORE50,3.0,8.0,10,,-83.88,-54.084,-36.214,318932.19,33,69.7,-41.148,1
G_Pro_balanced__SCORE50__TP3__SL12__H3__CAP200K,G Pro balanced,SCORE50,3.0,12.0,3,200000.0,-26.853,-31.104,-21.132,394342.34,50,70.0,-23.599,1
G_Pro_balanced__SCORE50__TP3__SL12__H3__CAP500K,G Pro balanced,SCORE50,3.0,12.0,3,500000.0,-36.814,-57.791,-31.378,343112.5,35,71.43,-36.493,0
G_Pro_balanced__SCORE50__TP3__SL12__H3__CAPALL,G Pro balanced,SCORE50,3.0,12.0,3,,-42.775,-57.827,-32.109,339454.11,33,69.7,-37.214,0
G_Pro_balanced__SCORE50__TP3__SL12__H5__CAP200K,G Pro balanced,SCORE50,3.0,12.0,5,200000.0,-35.994,-11.077,-20.758,396208.51,48,77.08,-25.166,2
G_Pro_balanced__SCORE50__TP3__SL12__H5__CAP500K,G Pro balanced,SCORE50,3.0,12.0,5,500000.0,-53.118,-60.032,-30.866,345670.73,34,76.47,-37.849,1
G_Pro_balanced__SCORE50__TP3__SL12__H5__CAPALL,G Pro balanced,SCORE50,3.0,12.0,5,,-53.422,-60.189,-31.737,341313.38,27,74.07,-38.581,1
G_Pro_balanced__SCORE50__TP3__SL12__H10__CAP200K,G Pro balanced,SCORE50,3.0,12.0,10,200000.0,-56.064,-1.417,-23.554,382229.22,45,80.0,-29.451,2
G_Pro_balanced__SCORE50__TP3__SL12__H10__CAP500K,G Pro balanced,SCORE50,3.0,12.0,10,500000.0,-24.275,-37.479,-29.66,351700.11,30,80.0,-42.329,1
G_Pro_balanced__SCORE50__TP3__SL12__H10__CAPALL,G Pro balanced,SCORE50,3.0,12.0,10,,-22.876,-38.132,-29.908,350457.57,24,79.17,-42.481,1
G_Pro_balanced__SCORE50__TP3__SL0__H3__CAP200K,G Pro balanced,SCORE50,3.0,,3,200000.0,-27.311,-25.674,-17.517,412415.32,50,70.0,-20.098,1
G_Pro_balanced__SCORE50__TP3__SL0__H3__CAP500K,G Pro balanced,SCORE50,3.0,,3,500000.0,-47.588,-50.112,-24.969,375155.74,35,71.43,-31.145,0
G_Pro_balanced__SCORE50__TP3__SL0__H3__CAPALL,G Pro balanced,SCORE50,3.0,,3,,-52.569,-50.157,-25.549,372252.75,33,69.7,-31.658,0
G_Pro_balanced__SCORE50__TP3__SL0__H5__CAP200K,G Pro balanced,SCORE50,3.0,,5,200000.0,-34.254,-3.152,-19.083,404586.95,48,79.17,-23.583,2
G_Pro_balanced__SCORE50__TP3__SL0__H5__CAP500K,G Pro balanced,SCORE50,3.0,,5,500000.0,-37.641,-35.089,-20.881,395595.83,36,77.78,-32.691,1
G_Pro_balanced__SCORE50__TP3__SL0__H5__CAPALL,G Pro balanced,SCORE50,3.0,,5,,-38.03,-35.319,-23.493,382534.46,26,80.77,-36.96,1
G_Pro_balanced__SCORE50__TP3__SL0__H10__CAP200K,G Pro balanced,SCORE50,3.0,,10,200000.0,-38.799,-9.024,-23.614,381928.81,40,87.5,-33.096,2
G_Pro_balanced__SCORE50__TP3__SL0__H10__CAP500K,G Pro balanced,SCORE50,3.0,,10,500000.0,-34.825,-61.625,-46.515,267424.41,28,82.14,-55.862,1
G_Pro_balanced__SCORE50__TP3__SL0__H10__CAPALL,G Pro balanced,SCORE50,3.0,,10,,-34.761,-63.32,-51.919,240405.59,20,85.0,-61.33,1
G_Pro_balanced__SCORE50__TP5__SL5__H3__CAP200K,G Pro balanced,SCORE50,5.0,5.0,3,200000.0,-82.013,-41.4,-38.319,308406.06,49,38.78,-39.331,2
G_Pro_balanced__SCORE50__TP5__SL5__H3__CAP500K,G Pro balanced,SCORE50,5.0,5.0,3,500000.0,-88.089,-45.293,-61.528,192359.44,44,38.64,-63.07,1
G_Pro_balanced__SCORE50__TP5__SL5__H3__CAPALL,G Pro balanced,SCORE50,5.0,5.0,3,,-88.055,-45.57,-61.592,192040.1,44,38.64,-63.131,1
G_Pro_balanced__SCORE50__TP5__SL5__H5__CAP200K,G Pro balanced,SCORE50,5.0,5.0,5,200000.0,-81.072,-50.046,-38.319,308406.06,49,38.78,-39.331,2
G_Pro_balanced__SCORE50__TP5__SL5__H5__CAP500K,G Pro balanced,SCORE50,5.0,5.0,5,500000.0,-84.56,-58.62,-61.528,192359.44,44,38.64,-63.07,1
G_Pro_balanced__SCORE50__TP5__SL5__H5__CAPALL,G Pro balanced,SCORE50,5.0,5.0,5,,-84.571,-58.938,-61.592,192040.1,44,38.64,-63.131,1
G_Pro_balanced__SCORE50__TP5__SL5__H10__CAP200K,G Pro balanced,SCORE50,5.0,5.0,10,200000.0,-81.538,-40.66,-38.319,308406.06,49,38.78,-39.331,2
G_Pro_balanced__SCORE50__TP5__SL5__H10__CAP500K,G Pro balanced,SCORE50,5.0,5.0,10,500000.0,-84.768,-41.094,-61.528,192359.44,44,38.64,-63.07,1
G_Pro_balanced__SCORE50__TP5__SL5__H10__CAPALL,G Pro balanced,SCORE50,5.0,5.0,10,,-84.778,-41.694,-61.592,192040.1,44,38.64,-63.131,1
G_Pro_balanced__SCORE50__TP5__SL8__H3__CAP200K,G Pro balanced,SCORE50,5.0,8.0,3,200000.0,-56.043,-32.693,-28.238,358812.4,49,53.06,-29.415,2
G_Pro_balanced__SCORE50__TP5__SL8__H3__CAP500K,G Pro balanced,SCORE50,5.0,8.0,3,500000.0,-75.077,-36.437,-45.283,273586.17,33,51.52,-47.476,1
G_Pro_balanced__SCORE50__TP5__SL8__H3__CAPALL,G Pro balanced,SCORE50,5.0,8.0,3,,-75.272,-36.857,-45.42,272898.38,33,51.52,-47.608,1
G_Pro_balanced__SCORE50__TP5__SL8__H5__CAP200K,G Pro balanced,SCORE50,5.0,8.0,5,200000.0,-69.148,-26.202,-28.683,356585.56,48,56.25,-29.853,2
G_Pro_balanced__SCORE50__TP5__SL8__H5__CAP500K,G Pro balanced,SCORE50,5.0,8.0,5,500000.0,-80.288,-40.756,-38.305,308476.67,31,58.06,-40.777,1
G_Pro_balanced__SCORE50__TP5__SL8__H5__CAPALL,G Pro balanced,SCORE50,5.0,8.0,5,,-80.418,-41.328,-38.603,306982.87,31,58.06,-41.064,1
G_Pro_balanced__SCORE50__TP5__SL8__H10__CAP200K,G Pro balanced,SCORE50,5.0,8.0,10,200000.0,-74.646,-23.1,-28.683,356585.56,48,56.25,-29.853,2
G_Pro_balanced__SCORE50__TP5__SL8__H10__CAP500K,G Pro balanced,SCORE50,5.0,8.0,10,500000.0,-82.641,-34.483,-38.305,308476.67,31,58.06,-40.777,1
G_Pro_balanced__SCORE50__TP5__SL8__H10__CAPALL,G Pro balanced,SCORE50,5.0,8.0,10,,-82.908,-34.981,-38.603,306982.87,31,58.06,-41.064,1
G_Pro_balanced__SCORE50__TP5__SL12__H3__CAP200K,G Pro balanced,SCORE50,5.0,12.0,3,200000.0,-39.249,-14.143,-19.981,400095.31,47,55.32,-24.278,2
G_Pro_balanced__SCORE50__TP5__SL12__H3__CAP500K,G Pro balanced,SCORE50,5.0,12.0,3,500000.0,-70.981,-49.875,-24.651,376745.12,31,61.29,-30.619,0
G_Pro_balanced__SCORE50__TP5__SL12__H3__CAPALL,G Pro balanced,SCORE50,5.0,12.0,3,,-71.318,-50.317,-26.344,368282.42,29,58.62,-32.086,0
G_Pro_balanced__SCORE50__TP5__SL12__H5__CAP200K,G Pro balanced,SCORE50,5.0,12.0,5,200000.0,-44.269,-22.373,-17.606,411971.43,46,67.39,-30.174,3
G_Pro_balanced__SCORE50__TP5__SL12__H5__CAP500K,G Pro balanced,SCORE50,5.0,12.0,5,500000.0,-84.769,-41.825,-22.999,385003.65,25,68.0,-38.005,1
G_Pro_balanced__SCORE50__TP5__SL12__H5__CAPALL,G Pro balanced,SCORE50,5.0,12.0,5,,-84.98,-42.542,-23.521,382395.22,25,68.0,-38.431,1
G_Pro_balanced__SCORE50__TP5__SL12__H10__CAP200K,G Pro balanced,SCORE50,5.0,12.0,10,200000.0,-49.738,-0.312,-20.037,399815.12,44,70.45,-30.837,3
G_Pro_balanced__SCORE50__TP5__SL12__H10__CAP500K,G Pro balanced,SCORE50,5.0,12.0,10,500000.0,-74.608,-22.642,-22.996,385019.18,22,72.73,-43.46,1
G_Pro_balanced__SCORE50__TP5__SL12__H10__CAPALL,G Pro balanced,SCORE50,5.0,12.0,10,,-74.141,-25.562,-23.37,383151.25,22,72.73,-43.732,1
G_Pro_balanced__SCORE50__TP5__SL0__H3__CAP200K,G Pro balanced,SCORE50,5.0,,3,200000.0,-39.803,-11.971,-18.169,409156.22,48,56.25,-22.723,2
G_Pro_balanced__SCORE50__TP5__SL0__H3__CAP500K,G Pro balanced,SCORE50,5.0,,3,500000.0,-76.955,-37.393,-6.967,465162.78,36,61.11,-18.085,0
G_Pro_balanced__SCORE50__TP5__SL0__H3__CAPALL,G Pro balanced,SCORE50,5.0,,3,,-77.222,-37.929,-9.834,450830.0,29,58.62,-19.712,0
G_Pro_balanced__SCORE50__TP5__SL0__H5__CAP200K,G Pro balanced,SCORE50,5.0,,5,200000.0,-41.147,-11.649,-20.405,397974.56,43,69.77,-29.814,3
G_Pro_balanced__SCORE50__TP5__SL0__H5__CAP500K,G Pro balanced,SCORE50,5.0,,5,500000.0,-75.934,-21.939,2.382,511912.11,27,77.78,-24.064,2
G_Pro_balanced__SCORE50__TP5__SL0__H5__CAPALL,G Pro balanced,SCORE50,5.0,,5,,-76.219,-22.884,0.17,500849.19,25,76.0,-24.929,1
G_Pro_balanced__SCORE50__TP5__SL0__H10__CAP200K,G Pro balanced,SCORE50,5.0,,10,200000.0,-30.105,3.956,-21.065,394675.42,36,77.78,-34.919,3
G_Pro_balanced__SCORE50__TP5__SL0__H10__CAP500K,G Pro balanced,SCORE50,5.0,,10,500000.0,-70.92,-35.466,-39.157,304213.05,23,73.91,-49.817,1
G_Pro_balanced__SCORE50__TP5__SL0__H10__CAPALL,G Pro balanced,SCORE50,5.0,,10,,-71.336,-36.248,-45.611,271943.4,17,76.47,-55.917,1
G_Pro_balanced__SCORE50__TP8__SL5__H3__CAP200K,G Pro balanced,SCORE50,8.0,5.0,3,200000.0,-64.275,-35.969,-40.967,295165.17,48,27.08,-41.575,2
G_Pro_balanced__SCORE50__TP8__SL5__H3__CAP500K,G Pro balanced,SCORE50,8.0,5.0,3,500000.0,-71.841,-31.761,-54.554,227230.2,40,30.0,-57.428,1
G_Pro_balanced__SCORE50__TP8__SL5__H3__CAPALL,G Pro balanced,SCORE50,8.0,5.0,3,,-71.99,-32.358,-54.554,227230.2,40,30.0,-57.428,1
G_Pro_balanced__SCORE50__TP8__SL5__H5__CAP200K,G Pro balanced,SCORE50,8.0,5.0,5,200000.0,-59.616,-52.332,-40.028,299858.11,48,27.08,-40.493,2
G_Pro_balanced__SCORE50__TP8__SL5__H5__CAP500K,G Pro balanced,SCORE50,8.0,5.0,5,500000.0,-58.205,-47.783,-53.46,232702.12,40,30.0,-56.379,1
G_Pro_balanced__SCORE50__TP8__SL5__H5__CAPALL,G Pro balanced,SCORE50,8.0,5.0,5,,-58.627,-48.298,-53.46,232702.12,40,30.0,-56.379,1
G_Pro_balanced__SCORE50__TP8__SL5__H10__CAP200K,G Pro balanced,SCORE50,8.0,5.0,10,200000.0,-62.447,-48.973,-41.031,294843.46,48,27.08,-41.649,2
G_Pro_balanced__SCORE50__TP8__SL5__H10__CAP500K,G Pro balanced,SCORE50,8.0,5.0,10,500000.0,-64.588,-29.038,-54.841,225794.84,40,30.0,-57.694,1
G_Pro_balanced__SCORE50__TP8__SL5__H10__CAPALL,G Pro balanced,SCORE50,8.0,5.0,10,,-64.942,-30.138,-54.841,225794.84,40,30.0,-57.694,1
G_Pro_balanced__SCORE50__TP8__SL8__H3__CAP200K,G Pro balanced,SCORE50,8.0,8.0,3,200000.0,-52.094,-3.907,-35.698,321511.9,45,37.78,-36.778,2
G_Pro_balanced__SCORE50__TP8__SL8__H3__CAP500K,G Pro balanced,SCORE50,8.0,8.0,3,500000.0,-57.9,-0.335,-50.0,250001.49,30,36.67,-52.26,1
G_Pro_balanced__SCORE50__TP8__SL8__H3__CAPALL,G Pro balanced,SCORE50,8.0,8.0,3,,-61.187,-1.566,-50.0,250001.49,30,36.67,-52.26,1
G_Pro_balanced__SCORE50__TP8__SL8__H5__CAP200K,G Pro balanced,SCORE50,8.0,8.0,5,200000.0,-47.224,-18.398,-36.521,317393.21,44,38.64,-36.76,2
G_Pro_balanced__SCORE50__TP8__SL8__H5__CAP500K,G Pro balanced,SCORE50,8.0,8.0,5,500000.0,-64.179,-36.436,-38.788,306062.06,27,40.74,-45.462,1
G_Pro_balanced__SCORE50__TP8__SL8__H5__CAPALL,G Pro balanced,SCORE50,8.0,8.0,5,,-69.089,-37.196,-38.737,306313.93,27,40.74,-45.422,1
G_Pro_balanced__SCORE50__TP8__SL8__H10__CAP200K,G Pro balanced,SCORE50,8.0,8.0,10,200000.0,-65.704,-13.504,-31.97,340151.22,43,39.53,-41.407,2
G_Pro_balanced__SCORE50__TP8__SL8__H10__CAP500K,G Pro balanced,SCORE50,8.0,8.0,10,500000.0,-59.619,-17.859,-11.017,444916.33,25,52.0,-40.745,1
G_Pro_balanced__SCORE50__TP8__SL8__H10__CAPALL,G Pro balanced,SCORE50,8.0,8.0,10,,-55.748,-18.622,-11.393,443033.33,25,52.0,-40.745,1
G_Pro_balanced__SCORE50__TP8__SL12__H3__CAP200K,G Pro balanced,SCORE50,8.0,12.0,3,200000.0,-43.923,-15.086,-33.754,331230.01,42,40.48,-40.778,1
G_Pro_balanced__SCORE50__TP8__SL12__H3__CAP500K,G Pro balanced,SCORE50,8.0,12.0,3,500000.0,-64.469,-18.377,-33.847,330766.34,25,40.0,-47.949,0
G_Pro_balanced__SCORE50__TP8__SL12__H3__CAPALL,G Pro balanced,SCORE50,8.0,12.0,3,,-70.559,-19.337,-34.873,325634.67,24,41.67,-48.657,0
G_Pro_balanced__SCORE50__TP8__SL12__H5__CAP200K,G Pro balanced,SCORE50,8.0,12.0,5,200000.0,-32.22,-7.21,-37.277,313616.81,40,47.5,-44.23,2
G_Pro_balanced__SCORE50__TP8__SL12__H5__CAP500K,G Pro balanced,SCORE50,8.0,12.0,5,500000.0,-56.894,-5.123,-41.556,292221.55,21,42.86,-53.071,1
G_Pro_balanced__SCORE50__TP8__SL12__H5__CAPALL,G Pro balanced,SCORE50,8.0,12.0,5,,-59.713,-6.333,-41.615,291925.28,21,42.86,-53.137,1
G_Pro_balanced__SCORE50__TP8__SL12__H10__CAP200K,G Pro balanced,SCORE50,8.0,12.0,10,200000.0,-44.968,3.954,-9.672,451641.51,36,58.33,-31.989,3
G_Pro_balanced__SCORE50__TP8__SL12__H10__CAP500K,G Pro balanced,SCORE50,8.0,12.0,10,500000.0,-71.107,-23.301,36.151,680753.74,29,65.52,-35.065,4
G_Pro_balanced__SCORE50__TP8__SL12__H10__CAPALL,G Pro balanced,SCORE50,8.0,12.0,10,,-63.428,-24.422,39.139,695695.56,19,73.68,-37.883,1
G_Pro_balanced__SCORE50__TP8__SL0__H3__CAP200K,G Pro balanced,SCORE50,8.0,,3,200000.0,-43.067,-4.858,-35.456,322719.81,43,39.53,-42.509,1
G_Pro_balanced__SCORE50__TP8__SL0__H3__CAP500K,G Pro balanced,SCORE50,8.0,,3,500000.0,-65.805,32.255,-39.946,300270.05,23,34.78,-49.376,0
G_Pro_balanced__SCORE50__TP8__SL0__H3__CAPALL,G Pro balanced,SCORE50,8.0,,3,,-72.557,21.611,-40.152,299239.24,23,34.78,-49.557,0
G_Pro_balanced__SCORE50__TP8__SL0__H5__CAP200K,G Pro balanced,SCORE50,8.0,,5,200000.0,-21.419,10.463,-45.025,274873.78,40,47.5,-51.347,2
G_Pro_balanced__SCORE50__TP8__SL0__H5__CAP500K,G Pro balanced,SCORE50,8.0,,5,500000.0,-25.851,-4.415,-34.869,325655.21,18,44.44,-45.05,1
G_Pro_balanced__SCORE50__TP8__SL0__H5__CAPALL,G Pro balanced,SCORE50,8.0,,5,,-43.463,-5.543,-34.914,325431.89,18,44.44,-45.089,1
G_Pro_balanced__SCORE50__TP8__SL0__H10__CAP200K,G Pro balanced,SCORE50,8.0,,10,200000.0,-30.718,5.833,-4.222,478888.85,34,67.65,-32.773,3
G_Pro_balanced__SCORE50__TP8__SL0__H10__CAP500K,G Pro balanced,SCORE50,8.0,,10,500000.0,-26.431,-44.844,6.961,534806.99,22,72.73,-47.846,2
G_Pro_balanced__SCORE50__TP8__SL0__H10__CAPALL,G Pro balanced,SCORE50,8.0,,10,,-46.511,-44.705,-14.299,428505.71,15,80.0,-58.32,1
G_Pro_balanced__SCORE50__TP10__SL5__H3__CAP200K,G Pro balanced,SCORE50,10.0,5.0,3,200000.0,-44.841,-27.216,-44.988,275057.52,47,23.4,-45.852,2
G_Pro_balanced__SCORE50__TP10__SL5__H3__CAP500K,G Pro balanced,SCORE50,10.0,5.0,3,500000.0,-58.845,29.504,-51.823,240885.35,35,28.57,-54.853,1
G_Pro_balanced__SCORE50__TP10__SL5__H3__CAPALL,G Pro balanced,SCORE50,10.0,5.0,3,,-64.059,23.566,-51.823,240885.35,35,28.57,-54.853,1
G_Pro_balanced__SCORE50__TP10__SL5__H5__CAP200K,G Pro balanced,SCORE50,10.0,5.0,5,200000.0,-50.082,-39.35,-47.385,263076.02,47,19.15,-47.582,2
G_Pro_balanced__SCORE50__TP10__SL5__H5__CAP500K,G Pro balanced,SCORE50,10.0,5.0,5,500000.0,-77.317,-27.812,-52.026,239867.68,34,23.53,-52.931,1
G_Pro_balanced__SCORE50__TP10__SL5__H5__CAPALL,G Pro balanced,SCORE50,10.0,5.0,5,,-77.35,-28.785,-52.026,239867.68,34,23.53,-52.931,1
G_Pro_balanced__SCORE50__TP10__SL5__H10__CAP200K,G Pro balanced,SCORE50,10.0,5.0,10,200000.0,-43.335,-34.897,-49.184,254081.51,47,19.15,-49.374,2
G_Pro_balanced__SCORE50__TP10__SL5__H10__CAP500K,G Pro balanced,SCORE50,10.0,5.0,10,500000.0,-68.037,9.109,-52.636,236817.85,33,24.24,-53.528,1
G_Pro_balanced__SCORE50__TP10__SL5__H10__CAPALL,G Pro balanced,SCORE50,10.0,5.0,10,,-68.108,-17.722,-52.636,236817.85,33,24.24,-53.528,1
G_Pro_balanced__SCORE50__TP10__SL8__H3__CAP200K,G Pro balanced,SCORE50,10.0,8.0,3,200000.0,-10.741,-0.746,-36.382,318089.49,44,34.09,-36.621,2
G_Pro_balanced__SCORE50__TP10__SL8__H3__CAP500K,G Pro balanced,SCORE50,10.0,8.0,3,500000.0,-28.489,14.118,-48.108,259459.45,28,32.14,-51.444,1
G_Pro_balanced__SCORE50__TP10__SL8__H3__CAPALL,G Pro balanced,SCORE50,10.0,8.0,3,,-53.156,10.187,-48.108,259459.45,28,32.14,-51.444,1
G_Pro_balanced__SCORE50__TP10__SL8__H5__CAP200K,G Pro balanced,SCORE50,10.0,8.0,5,200000.0,-41.82,-14.854,-35.513,322435.03,42,33.33,-35.755,1
G_Pro_balanced__SCORE50__TP10__SL8__H5__CAP500K,G Pro balanced,SCORE50,10.0,8.0,5,500000.0,-48.401,-22.708,-40.507,297465.57,26,34.62,-49.536,0
G_Pro_balanced__SCORE50__TP10__SL8__H5__CAPALL,G Pro balanced,SCORE50,10.0,8.0,5,,-57.281,-25.14,-40.558,297211.73,26,34.62,-49.572,0
G_Pro_balanced__SCORE50__TP10__SL8__H10__CAP200K,G Pro balanced,SCORE50,10.0,8.0,10,200000.0,-32.548,-9.326,-31.171,344145.33,39,35.9,-41.097,2
G_Pro_balanced__SCORE50__TP10__SL8__H10__CAP500K,G Pro balanced,SCORE50,10.0,8.0,10,500000.0,-26.991,3.953,-26.726,366369.73,23,43.48,-45.233,1
G_Pro_balanced__SCORE50__TP10__SL8__H10__CAPALL,G Pro balanced,SCORE50,10.0,8.0,10,,-27.243,-23.535,-26.726,366369.73,23,43.48,-45.233,1
G_Pro_balanced__SCORE50__TP10__SL12__H3__CAP200K,G Pro balanced,SCORE50,10.0,12.0,3,200000.0,-12.464,-1.385,-33.572,332137.61,42,38.1,-37.717,2
G_Pro_balanced__SCORE50__TP10__SL12__H3__CAP500K,G Pro balanced,SCORE50,10.0,12.0,3,500000.0,-1.605,-23.078,-37.572,312139.17,24,37.5,-51.333,1
G_Pro_balanced__SCORE50__TP10__SL12__H3__CAPALL,G Pro balanced,SCORE50,10.0,12.0,3,,-48.637,-25.268,-38.609,306953.78,23,39.13,-52.101,1
G_Pro_balanced__SCORE50__TP10__SL12__H5__CAP200K,G Pro balanced,SCORE50,10.0,12.0,5,200000.0,-17.35,-8.639,-30.834,345831.21,39,43.59,-42.281,2
G_Pro_balanced__SCORE50__TP10__SL12__H5__CAP500K,G Pro balanced,SCORE50,10.0,12.0,5,500000.0,-59.501,-14.299,-32.164,339182.02,21,42.86,-50.024,1
G_Pro_balanced__SCORE50__TP10__SL12__H5__CAPALL,G Pro balanced,SCORE50,10.0,12.0,5,,-60.988,-15.857,-32.212,338938.53,21,42.86,-50.062,1
G_Pro_balanced__SCORE50__TP10__SL12__H10__CAP200K,G Pro balanced,SCORE50,10.0,12.0,10,200000.0,-19.126,-8.654,-4.066,479671.25,35,57.14,-29.612,4
G_Pro_balanced__SCORE50__TP10__SL12__H10__CAP500K,G Pro balanced,SCORE50,10.0,12.0,10,500000.0,-53.867,-53.08,24.241,621203.47,25,60.0,-33.954,3
G_Pro_balanced__SCORE50__TP10__SL12__H10__CAPALL,G Pro balanced,SCORE50,10.0,12.0,10,,-54.424,-54.011,20.547,602735.6,17,64.71,-36.704,1
G_Pro_balanced__SCORE50__TP10__SL0__H3__CAP200K,G Pro balanced,SCORE50,10.0,,3,200000.0,-13.59,3.822,-35.302,323491.95,42,38.1,-39.386,2
G_Pro_balanced__SCORE50__TP10__SL0__H3__CAP500K,G Pro balanced,SCORE50,10.0,,3,500000.0,-9.839,8.879,-48.823,255885.98,22,31.82,-56.337,1
G_Pro_balanced__SCORE50__TP10__SL0__H3__CAPALL,G Pro balanced,SCORE50,10.0,,3,,-56.734,12.669,-48.988,255058.75,22,31.82,-56.479,1
G_Pro_balanced__SCORE50__TP10__SL0__H5__CAP200K,G Pro balanced,SCORE50,10.0,,5,200000.0,-11.142,7.928,-45.812,270942.38,39,41.03,-54.898,2
G_Pro_balanced__SCORE50__TP10__SL0__H5__CAP500K,G Pro balanced,SCORE50,10.0,,5,500000.0,-60.921,1.437,-37.637,311814.82,18,44.44,-50.833,1
G_Pro_balanced__SCORE50__TP10__SL0__H5__CAPALL,G Pro balanced,SCORE50,10.0,,5,,-49.604,-0.403,-37.692,311541.04,18,44.44,-50.867,1
G_Pro_balanced__SCORE50__TP10__SL0__H10__CAP200K,G Pro balanced,SCORE50,10.0,,10,200000.0,-22.903,0.692,-2.384,488080.32,34,64.71,-35.649,3
G_Pro_balanced__SCORE50__TP10__SL0__H10__CAP500K,G Pro balanced,SCORE50,10.0,,10,500000.0,-19.795,-34.519,11.052,555262.33,18,72.22,-47.989,2
G_Pro_balanced__SCORE50__TP10__SL0__H10__CAPALL,G Pro balanced,SCORE50,10.0,,10,,-41.681,-34.46,-10.507,447464.04,13,76.92,-58.302,1
G_Pro_balanced__SCORE60__TP3__SL5__H3__CAP200K,G Pro balanced,SCORE60,3.0,5.0,3,200000.0,-70.331,-36.889,-31.712,341442.25,41,48.78,-32.983,1
G_Pro_balanced__SCORE60__TP3__SL5__H3__CAP500K,G Pro balanced,SCORE60,3.0,5.0,3,500000.0,-79.425,-58.369,-51.028,244861.97,36,50.0,-53.085,1
G_Pro_balanced__SCORE60__TP3__SL5__H3__CAPALL,G Pro balanced,SCORE60,3.0,5.0,3,,-80.889,-58.428,-51.22,243901.82,36,50.0,-53.29,1
G_Pro_balanced__SCORE60__TP3__SL5__H5__CAP200K,G Pro balanced,SCORE60,3.0,5.0,5,200000.0,-73.474,-43.91,-31.712,341442.25,41,48.78,-32.983,1
G_Pro_balanced__SCORE60__TP3__SL5__H5__CAP500K,G Pro balanced,SCORE60,3.0,5.0,5,500000.0,-79.466,-66.619,-51.028,244861.97,36,50.0,-53.085,1
G_Pro_balanced__SCORE60__TP3__SL5__H5__CAPALL,G Pro balanced,SCORE60,3.0,5.0,5,,-79.51,-66.63,-51.22,243901.82,36,50.0,-53.29,1
G_Pro_balanced__SCORE60__TP3__SL5__H10__CAP200K,G Pro balanced,SCORE60,3.0,5.0,10,200000.0,-74.305,-44.075,-31.712,341442.25,41,48.78,-32.983,1
G_Pro_balanced__SCORE60__TP3__SL5__H10__CAP500K,G Pro balanced,SCORE60,3.0,5.0,10,500000.0,-80.109,-64.717,-51.028,244861.97,36,50.0,-53.085,1
G_Pro_balanced__SCORE60__TP3__SL5__H10__CAPALL,G Pro balanced,SCORE60,3.0,5.0,10,,-80.151,-64.791,-51.22,243901.82,36,50.0,-53.29,1
G_Pro_balanced__SCORE60__TP3__SL8__H3__CAP200K,G Pro balanced,SCORE60,3.0,8.0,3,200000.0,-35.484,-11.206,-18.347,408262.99,41,65.85,-20.562,1
G_Pro_balanced__SCORE60__TP3__SL8__H3__CAP500K,G Pro balanced,SCORE60,3.0,8.0,3,500000.0,-46.298,-45.185,-30.985,345074.6,32,68.75,-33.884,1
G_Pro_balanced__SCORE60__TP3__SL8__H3__CAPALL,G Pro balanced,SCORE60,3.0,8.0,3,,-50.85,-45.231,-31.37,343147.79,30,66.67,-34.284,1
G_Pro_balanced__SCORE60__TP3__SL8__H5__CAP200K,G Pro balanced,SCORE60,3.0,8.0,5,200000.0,-52.193,-12.453,-15.056,424720.33,41,70.73,-20.273,1
G_Pro_balanced__SCORE60__TP3__SL8__H5__CAP500K,G Pro balanced,SCORE60,3.0,8.0,5,500000.0,-68.533,-37.902,-26.286,368570.22,32,71.88,-33.413,1
G_Pro_balanced__SCORE60__TP3__SL8__H5__CAPALL,G Pro balanced,SCORE60,3.0,8.0,5,,-68.728,-37.98,-26.628,366858.73,29,72.41,-33.739,1
G_Pro_balanced__SCORE60__TP3__SL8__H10__CAP200K,G Pro balanced,SCORE60,3.0,8.0,10,200000.0,-58.457,-10.04,-15.056,424720.33,41,70.73,-20.273,1
G_Pro_balanced__SCORE60__TP3__SL8__H10__CAP500K,G Pro balanced,SCORE60,3.0,8.0,10,500000.0,-66.373,-18.101,-26.286,368570.22,32,71.88,-33.413,1
G_Pro_balanced__SCORE60__TP3__SL8__H10__CAPALL,G Pro balanced,SCORE60,3.0,8.0,10,,-70.029,-18.651,-26.628,366858.73,29,72.41,-33.739,1
G_Pro_balanced__SCORE60__TP3__SL12__H3__CAP200K,G Pro balanced,SCORE60,3.0,12.0,3,200000.0,-18.8,-10.97,-14.552,427241.94,40,72.5,-22.348,1
G_Pro_balanced__SCORE60__TP3__SL12__H3__CAP500K,G Pro balanced,SCORE60,3.0,12.0,3,500000.0,-22.032,-39.864,-32.35,338248.16,31,70.97,-39.495,1
G_Pro_balanced__SCORE60__TP3__SL12__H3__CAPALL,G Pro balanced,SCORE60,3.0,12.0,3,,-29.29,-40.219,-32.848,335761.55,29,68.97,-39.957,1
G_Pro_balanced__SCORE60__TP3__SL12__H5__CAP200K,G Pro balanced,SCORE60,3.0,12.0,5,200000.0,-28.873,-7.172,-14.953,425233.98,40,77.5,-23.664,1
G_Pro_balanced__SCORE60__TP3__SL12__H5__CAP500K,G Pro balanced,SCORE60,3.0,12.0,5,500000.0,-32.68,-39.736,-34.158,329212.1,29,72.41,-39.451,1
G_Pro_balanced__SCORE60__TP3__SL12__H5__CAPALL,G Pro balanced,SCORE60,3.0,12.0,5,,-33.052,-40.227,-34.668,326659.27,25,72.0,-39.929,1
G_Pro_balanced__SCORE60__TP3__SL12__H10__CAP200K,G Pro balanced,SCORE60,3.0,12.0,10,200000.0,-44.563,-2.508,-14.275,428625.01,39,82.05,-24.239,2
G_Pro_balanced__SCORE60__TP3__SL12__H10__CAP500K,G Pro balanced,SCORE60,3.0,12.0,10,500000.0,1.69,-14.916,-32.676,336618.96,27,77.78,-43.535,1
G_Pro_balanced__SCORE60__TP3__SL12__H10__CAPALL,G Pro balanced,SCORE60,3.0,12.0,10,,1.125,-16.137,-32.946,335268.85,22,77.27,-43.769,1
G_Pro_balanced__SCORE60__TP3__SL0__H3__CAP200K,G Pro balanced,SCORE60,3.0,,3,200000.0,-18.491,-9.886,-10.932,445338.39,40,72.5,-18.887,1
G_Pro_balanced__SCORE60__TP3__SL0__H3__CAP500K,G Pro balanced,SCORE60,3.0,,3,500000.0,-34.334,-39.377,-25.883,370583.58,31,70.97,-33.693,1
G_Pro_balanced__SCORE60__TP3__SL0__H3__CAPALL,G Pro balanced,SCORE60,3.0,,3,,-40.479,-39.755,-26.271,368644.16,29,68.97,-34.079,1
G_Pro_balanced__SCORE60__TP3__SL0__H5__CAP200K,G Pro balanced,SCORE60,3.0,,5,200000.0,-22.22,-7.215,-13.414,432929.03,40,80.0,-22.232,1
G_Pro_balanced__SCORE60__TP3__SL0__H5__CAP500K,G Pro balanced,SCORE60,3.0,,5,500000.0,-11.355,-29.072,-23.08,384602.47,29,75.86,-33.878,1
G_Pro_balanced__SCORE60__TP3__SL0__H5__CAPALL,G Pro balanced,SCORE60,3.0,,5,,-11.843,-28.97,-26.713,366436.48,24,79.17,-38.288,1
G_Pro_balanced__SCORE60__TP3__SL0__H10__CAP200K,G Pro balanced,SCORE60,3.0,,10,200000.0,-37.334,-8.682,-9.325,453374.95,39,92.31,-28.333,2
G_Pro_balanced__SCORE60__TP3__SL0__H10__CAP500K,G Pro balanced,SCORE60,3.0,,10,500000.0,1.14,-36.586,-29.067,354662.93,27,88.89,-51.094,1
G_Pro_balanced__SCORE60__TP3__SL0__H10__CAPALL,G Pro balanced,SCORE60,3.0,,10,,11.719,-38.899,-37.869,310653.06,22,90.91,-57.874,1
G_Pro_balanced__SCORE60__TP5__SL5__H3__CAP200K,G Pro balanced,SCORE60,5.0,5.0,3,200000.0,-69.404,-24.988,-28.178,359109.2,39,41.03,-29.356,2
G_Pro_balanced__SCORE60__TP5__SL5__H3__CAP500K,G Pro balanced,SCORE60,5.0,5.0,3,500000.0,-79.826,-28.432,-45.707,271462.58,35,42.86,-52.264,1
G_Pro_balanced__SCORE60__TP5__SL5__H3__CAPALL,G Pro balanced,SCORE60,5.0,5.0,3,,-79.757,-29.31,-45.842,270787.55,35,42.86,-52.394,1
G_Pro_balanced__SCORE60__TP5__SL5__H5__CAP200K,G Pro balanced,SCORE60,5.0,5.0,5,200000.0,-68.767,-37.393,-28.178,359109.2,39,41.03,-29.356,2
G_Pro_balanced__SCORE60__TP5__SL5__H5__CAP500K,G Pro balanced,SCORE60,5.0,5.0,5,500000.0,-73.872,-47.644,-45.707,271462.58,35,42.86,-52.264,1
G_Pro_balanced__SCORE60__TP5__SL5__H5__CAPALL,G Pro balanced,SCORE60,5.0,5.0,5,,-73.869,-48.504,-45.842,270787.55,35,42.86,-52.394,1
G_Pro_balanced__SCORE60__TP5__SL5__H10__CAP200K,G Pro balanced,SCORE60,5.0,5.0,10,200000.0,-69.333,-37.124,-28.178,359109.2,39,41.03,-29.356,2
G_Pro_balanced__SCORE60__TP5__SL5__H10__CAP500K,G Pro balanced,SCORE60,5.0,5.0,10,500000.0,-74.19,-40.47,-45.707,271462.58,35,42.86,-52.264,1
G_Pro_balanced__SCORE60__TP5__SL5__H10__CAPALL,G Pro balanced,SCORE60,5.0,5.0,10,,-74.206,-41.437,-45.842,270787.55,35,42.86,-52.394,1
G_Pro_balanced__SCORE60__TP5__SL8__H3__CAP200K,G Pro balanced,SCORE60,5.0,8.0,3,200000.0,-43.779,3.453,-15.228,423859.01,40,55.0,-21.224,2
G_Pro_balanced__SCORE60__TP5__SL8__H3__CAP500K,G Pro balanced,SCORE60,5.0,8.0,3,500000.0,-63.963,-12.129,-24.055,379723.93,28,57.14,-30.707,1
G_Pro_balanced__SCORE60__TP5__SL8__H3__CAPALL,G Pro balanced,SCORE60,5.0,8.0,3,,-64.24,-12.448,-24.564,377179.61,28,57.14,-31.171,1
G_Pro_balanced__SCORE60__TP5__SL8__H5__CAP200K,G Pro balanced,SCORE60,5.0,8.0,5,200000.0,-54.097,-13.17,-14.102,429489.11,40,60.0,-23.234,2
G_Pro_balanced__SCORE60__TP5__SL8__H5__CAP500K,G Pro balanced,SCORE60,5.0,8.0,5,500000.0,-70.244,-19.336,-21.865,390672.6,27,62.96,-32.509,1
G_Pro_balanced__SCORE60__TP5__SL8__H5__CAPALL,G Pro balanced,SCORE60,5.0,8.0,5,,-70.45,-19.983,-22.488,387560.74,27,62.96,-32.858,1
G_Pro_balanced__SCORE60__TP5__SL8__H10__CAP200K,G Pro balanced,SCORE60,5.0,8.0,10,200000.0,-60.916,-13.292,-14.102,429489.11,40,60.0,-23.234,2
G_Pro_balanced__SCORE60__TP5__SL8__H10__CAP500K,G Pro balanced,SCORE60,5.0,8.0,10,500000.0,-65.705,-7.313,-21.865,390672.6,27,62.96,-32.509,1
G_Pro_balanced__SCORE60__TP5__SL8__H10__CAPALL,G Pro balanced,SCORE60,5.0,8.0,10,,-66.222,-7.939,-22.488,387560.74,27,62.96,-32.858,1
G_Pro_balanced__SCORE60__TP5__SL12__H3__CAP200K,G Pro balanced,SCORE60,5.0,12.0,3,200000.0,-27.566,5.008,-14.68,426599.98,36,58.33,-26.688,2
G_Pro_balanced__SCORE60__TP5__SL12__H3__CAP500K,G Pro balanced,SCORE60,5.0,12.0,3,500000.0,-57.127,-12.177,-21.779,391102.91,25,60.0,-32.5,1
G_Pro_balanced__SCORE60__TP5__SL12__H3__CAPALL,G Pro balanced,SCORE60,5.0,12.0,3,,-57.626,-13.031,-22.359,388202.92,25,60.0,-32.993,1
G_Pro_balanced__SCORE60__TP5__SL12__H5__CAP200K,G Pro balanced,SCORE60,5.0,12.0,5,200000.0,-22.28,-13.408,-17.178,414112.33,36,66.67,-32.817,2
G_Pro_balanced__SCORE60__TP5__SL12__H5__CAP500K,G Pro balanced,SCORE60,5.0,12.0,5,500000.0,-63.49,-25.904,-29.001,354995.42,23,65.22,-40.456,1
G_Pro_balanced__SCORE60__TP5__SL12__H5__CAPALL,G Pro balanced,SCORE60,5.0,12.0,5,,-63.889,-27.284,-29.534,352327.75,23,65.22,-40.902,1
G_Pro_balanced__SCORE60__TP5__SL12__H10__CAP200K,G Pro balanced,SCORE60,5.0,12.0,10,200000.0,-33.218,-2.734,-14.166,429170.26,35,71.43,-32.593,3
G_Pro_balanced__SCORE60__TP5__SL12__H10__CAP500K,G Pro balanced,SCORE60,5.0,12.0,10,500000.0,-58.048,4.496,-29.001,354995.85,20,70.0,-45.69,1
G_Pro_balanced__SCORE60__TP5__SL12__H10__CAPALL,G Pro balanced,SCORE60,5.0,12.0,10,,-57.52,3.498,-29.38,353101.95,20,70.0,-45.983,1
G_Pro_balanced__SCORE60__TP5__SL0__H3__CAP200K,G Pro balanced,SCORE60,5.0,,3,200000.0,-25.781,6.493,-12.715,436423.23,37,56.76,-24.917,2
G_Pro_balanced__SCORE60__TP5__SL0__H3__CAP500K,G Pro balanced,SCORE60,5.0,,3,500000.0,-63.928,-22.469,-3.949,480253.71,26,61.54,-18.041,1
G_Pro_balanced__SCORE60__TP5__SL0__H3__CAPALL,G Pro balanced,SCORE60,5.0,,3,,-64.352,-23.248,-5.017,474914.34,25,60.0,-18.203,1
G_Pro_balanced__SCORE60__TP5__SL0__H5__CAP200K,G Pro balanced,SCORE60,5.0,,5,200000.0,-15.466,-9.724,-17.594,412032.26,36,69.44,-30.676,2
G_Pro_balanced__SCORE60__TP5__SL0__H5__CAP500K,G Pro balanced,SCORE60,5.0,,5,500000.0,-47.51,-12.226,-10.239,448807.0,22,72.73,-26.894,1
G_Pro_balanced__SCORE60__TP5__SL0__H5__CAPALL,G Pro balanced,SCORE60,5.0,,5,,-48.085,-13.205,-11.459,442704.57,22,72.73,-27.733,1
G_Pro_balanced__SCORE60__TP5__SL0__H10__CAP200K,G Pro balanced,SCORE60,5.0,,10,200000.0,-13.483,-2.08,-23.835,380827.3,30,76.67,-43.272,2
G_Pro_balanced__SCORE60__TP5__SL0__H10__CAP500K,G Pro balanced,SCORE60,5.0,,10,500000.0,-57.349,1.006,-18.715,406427.38,22,81.82,-51.753,1
G_Pro_balanced__SCORE60__TP5__SL0__H10__CAPALL,G Pro balanced,SCORE60,5.0,,10,,-57.856,0.029,-25.542,372288.82,19,84.21,-55.917,1
G_Pro_balanced__SCORE60__TP8__SL5__H3__CAP200K,G Pro balanced,SCORE60,8.0,5.0,3,200000.0,-53.107,-24.712,-30.287,348565.65,39,28.21,-34.735,2
G_Pro_balanced__SCORE60__TP8__SL5__H3__CAP500K,G Pro balanced,SCORE60,8.0,5.0,3,500000.0,-64.911,-5.076,-42.826,285870.14,32,31.25,-52.991,1
G_Pro_balanced__SCORE60__TP8__SL5__H3__CAPALL,G Pro balanced,SCORE60,8.0,5.0,3,,-70.092,-6.495,-42.826,285870.14,32,31.25,-52.991,1
G_Pro_balanced__SCORE60__TP8__SL5__H5__CAP200K,G Pro balanced,SCORE60,8.0,5.0,5,200000.0,-54.249,-41.036,-29.397,353016.22,39,28.21,-33.783,2
G_Pro_balanced__SCORE60__TP8__SL5__H5__CAP500K,G Pro balanced,SCORE60,8.0,5.0,5,500000.0,-60.274,-31.586,-41.468,292662.35,32,31.25,-51.874,1
G_Pro_balanced__SCORE60__TP8__SL5__H5__CAPALL,G Pro balanced,SCORE60,8.0,5.0,5,,-60.606,-32.521,-41.468,292662.35,32,31.25,-51.874,1
G_Pro_balanced__SCORE60__TP8__SL5__H10__CAP200K,G Pro balanced,SCORE60,8.0,5.0,10,200000.0,-59.336,-40.981,-30.348,348260.14,39,28.21,-34.801,2
G_Pro_balanced__SCORE60__TP8__SL5__H10__CAP500K,G Pro balanced,SCORE60,8.0,5.0,10,500000.0,-68.274,-18.485,-43.203,283983.79,32,31.25,-53.304,1
G_Pro_balanced__SCORE60__TP8__SL5__H10__CAPALL,G Pro balanced,SCORE60,8.0,5.0,10,,-68.533,-19.431,-43.203,283983.79,32,31.25,-53.304,1
G_Pro_balanced__SCORE60__TP8__SL8__H3__CAP200K,G Pro balanced,SCORE60,8.0,8.0,3,200000.0,-31.755,0.312,-16.63,416849.68,38,39.47,-24.38,2
G_Pro_balanced__SCORE60__TP8__SL8__H3__CAP500K,G Pro balanced,SCORE60,8.0,8.0,3,500000.0,-44.833,38.81,-17.502,412490.62,25,44.0,-31.979,1
G_Pro_balanced__SCORE60__TP8__SL8__H3__CAPALL,G Pro balanced,SCORE60,8.0,8.0,3,,-51.237,39.028,-18.0,409997.69,25,44.0,-32.392,1
G_Pro_balanced__SCORE60__TP8__SL8__H5__CAP200K,G Pro balanced,SCORE60,8.0,8.0,5,200000.0,-45.396,-12.592,-21.254,393731.51,36,41.67,-24.403,2
G_Pro_balanced__SCORE60__TP8__SL8__H5__CAP500K,G Pro balanced,SCORE60,8.0,8.0,5,500000.0,-39.107,-8.044,-1.343,493283.82,23,47.83,-30.48,1
G_Pro_balanced__SCORE60__TP8__SL8__H5__CAPALL,G Pro balanced,SCORE60,8.0,8.0,5,,-45.56,-9.061,-4.076,479620.11,23,47.83,-32.416,1
G_Pro_balanced__SCORE60__TP8__SL8__H10__CAP200K,G Pro balanced,SCORE60,8.0,8.0,10,200000.0,-63.146,-3.523,-17.541,412292.97,35,42.86,-31.455,2
G_Pro_balanced__SCORE60__TP8__SL8__H10__CAP500K,G Pro balanced,SCORE60,8.0,8.0,10,500000.0,-54.409,-2.749,6.594,532969.64,23,52.17,-35.377,2
G_Pro_balanced__SCORE60__TP8__SL8__H10__CAPALL,G Pro balanced,SCORE60,8.0,8.0,10,,-48.504,-4.779,5.925,529625.76,22,54.55,-35.377,1
G_Pro_balanced__SCORE60__TP8__SL12__H3__CAP200K,G Pro balanced,SCORE60,8.0,12.0,3,200000.0,-17.824,1.059,-21.135,394323.59,34,41.18,-32.76,2
G_Pro_balanced__SCORE60__TP8__SL12__H3__CAP500K,G Pro balanced,SCORE60,8.0,12.0,3,500000.0,-40.952,34.521,-21.096,394519.45,21,42.86,-39.339,1
G_Pro_balanced__SCORE60__TP8__SL12__H3__CAPALL,G Pro balanced,SCORE60,8.0,12.0,3,,-57.712,32.771,-21.907,390464.54,21,42.86,-39.981,1
G_Pro_balanced__SCORE60__TP8__SL12__H5__CAP200K,G Pro balanced,SCORE60,8.0,12.0,5,200000.0,-24.453,-14.628,-24.801,375993.36,33,45.45,-35.81,2
G_Pro_balanced__SCORE60__TP8__SL12__H5__CAP500K,G Pro balanced,SCORE60,8.0,12.0,5,500000.0,-25.838,-7.502,-26.134,369331.69,20,45.0,-45.169,1
G_Pro_balanced__SCORE60__TP8__SL12__H5__CAPALL,G Pro balanced,SCORE60,8.0,12.0,5,,-42.511,-8.117,-26.231,368847.11,20,45.0,-45.245,1
G_Pro_balanced__SCORE60__TP8__SL12__H10__CAP200K,G Pro balanced,SCORE60,8.0,12.0,10,200000.0,-35.107,0.024,6.723,533614.34,34,61.76,-21.257,3
G_Pro_balanced__SCORE60__TP8__SL12__H10__CAP500K,G Pro balanced,SCORE60,8.0,12.0,10,500000.0,-61.453,-14.371,45.603,728017.45,21,71.43,-26.458,3
G_Pro_balanced__SCORE60__TP8__SL12__H10__CAPALL,G Pro balanced,SCORE60,8.0,12.0,10,,-50.368,-15.641,48.582,742910.14,16,75.0,-28.339,1
G_Pro_balanced__SCORE60__TP8__SL0__H3__CAP200K,G Pro balanced,SCORE60,8.0,,3,200000.0,-20.147,1.925,-18.615,406923.66,34,41.18,-30.513,2
G_Pro_balanced__SCORE60__TP8__SL0__H3__CAP500K,G Pro balanced,SCORE60,8.0,,3,500000.0,-58.53,-3.937,-7.781,461093.6,20,40.0,-28.9,1
G_Pro_balanced__SCORE60__TP8__SL0__H3__CAPALL,G Pro balanced,SCORE60,8.0,,3,,-67.416,-7.459,-8.584,457081.08,20,40.0,-29.517,1
G_Pro_balanced__SCORE60__TP8__SL0__H5__CAP200K,G Pro balanced,SCORE60,8.0,,5,200000.0,-9.42,-13.234,-26.602,366992.25,33,48.48,-36.014,2
G_Pro_balanced__SCORE60__TP8__SL0__H5__CAP500K,G Pro balanced,SCORE60,8.0,,5,500000.0,15.132,-18.989,-8.259,458705.74,17,47.06,-28.445,1
G_Pro_balanced__SCORE60__TP8__SL0__H5__CAPALL,G Pro balanced,SCORE60,8.0,,5,,5.415,-20.046,-8.257,458712.83,17,47.06,-28.443,1
G_Pro_balanced__SCORE60__TP8__SL0__H10__CAP200K,G Pro balanced,SCORE60,8.0,,10,200000.0,-26.421,6.889,13.356,566777.5,30,70.0,-23.108,3
G_Pro_balanced__SCORE60__TP8__SL0__H10__CAP500K,G Pro balanced,SCORE60,8.0,,10,500000.0,-52.784,44.824,73.885,869425.23,23,73.91,-15.572,3
G_Pro_balanced__SCORE60__TP8__SL0__H10__CAPALL,G Pro balanced,SCORE60,8.0,,10,,-43.137,33.593,121.056,1105281.25,14,85.71,-14.752,1
G_Pro_balanced__SCORE60__TP10__SL5__H3__CAP200K,G Pro balanced,SCORE60,10.0,5.0,3,200000.0,-36.945,-24.095,-38.081,309593.77,39,23.08,-40.666,2
G_Pro_balanced__SCORE60__TP10__SL5__H3__CAP500K,G Pro balanced,SCORE60,10.0,5.0,3,500000.0,-58.401,-20.905,-48.09,259548.8,29,27.59,-54.721,1
G_Pro_balanced__SCORE60__TP10__SL5__H3__CAPALL,G Pro balanced,SCORE60,10.0,5.0,3,,-65.791,-22.947,-48.09,259548.8,29,27.59,-54.721,1
G_Pro_balanced__SCORE60__TP10__SL5__H5__CAP200K,G Pro balanced,SCORE60,10.0,5.0,5,200000.0,-57.881,-34.857,-40.644,296781.3,39,17.95,-41.243,2
G_Pro_balanced__SCORE60__TP10__SL5__H5__CAP500K,G Pro balanced,SCORE60,10.0,5.0,5,500000.0,-75.914,-28.119,-48.377,258115.45,28,21.43,-52.861,1
G_Pro_balanced__SCORE60__TP10__SL5__H5__CAPALL,G Pro balanced,SCORE60,10.0,5.0,5,,-75.969,-28.261,-48.377,258115.45,28,21.43,-52.861,1
G_Pro_balanced__SCORE60__TP10__SL5__H10__CAP200K,G Pro balanced,SCORE60,10.0,5.0,10,200000.0,-50.397,-30.655,-42.663,286683.63,39,17.95,-43.597,2
G_Pro_balanced__SCORE60__TP10__SL5__H10__CAP500K,G Pro balanced,SCORE60,10.0,5.0,10,500000.0,-68.033,-18.014,-51.899,240503.29,28,21.43,-56.079,1
G_Pro_balanced__SCORE60__TP10__SL5__H10__CAPALL,G Pro balanced,SCORE60,10.0,5.0,10,,-68.088,-19.909,-51.899,240503.29,28,21.43,-56.079,1
G_Pro_balanced__SCORE60__TP10__SL8__H3__CAP200K,G Pro balanced,SCORE60,10.0,8.0,3,200000.0,-3.589,0.808,-22.157,389213.84,38,36.84,-24.939,2
G_Pro_balanced__SCORE60__TP10__SL8__H3__CAP500K,G Pro balanced,SCORE60,10.0,8.0,3,500000.0,-1.836,2.786,-22.826,385869.99,24,37.5,-33.369,1
G_Pro_balanced__SCORE60__TP10__SL8__H3__CAPALL,G Pro balanced,SCORE60,10.0,8.0,3,,-50.628,-1.043,-23.722,381389.57,24,37.5,-34.192,1
G_Pro_balanced__SCORE60__TP10__SL8__H5__CAP200K,G Pro balanced,SCORE60,10.0,8.0,5,200000.0,-35.797,-21.513,-25.507,372465.17,35,34.29,-27.68,1
G_Pro_balanced__SCORE60__TP10__SL8__H5__CAP500K,G Pro balanced,SCORE60,10.0,8.0,5,500000.0,-43.281,13.169,-13.63,431849.85,23,39.13,-37.72,0
G_Pro_balanced__SCORE60__TP10__SL8__H5__CAPALL,G Pro balanced,SCORE60,10.0,8.0,5,,-53.117,8.998,-16.582,417091.2,23,39.13,-40.275,0
G_Pro_balanced__SCORE60__TP10__SL8__H10__CAP200K,G Pro balanced,SCORE60,10.0,8.0,10,200000.0,-38.013,-14.431,-20.338,398311.14,33,36.36,-33.068,3
G_Pro_balanced__SCORE60__TP10__SL8__H10__CAP500K,G Pro balanced,SCORE60,10.0,8.0,10,500000.0,-48.258,-28.431,-21.561,392194.3,21,42.86,-41.38,1
G_Pro_balanced__SCORE60__TP10__SL8__H10__CAPALL,G Pro balanced,SCORE60,10.0,8.0,10,,-48.51,-29.575,-21.561,392194.3,21,42.86,-41.38,1
G_Pro_balanced__SCORE60__TP10__SL12__H3__CAP200K,G Pro balanced,SCORE60,10.0,12.0,3,200000.0,1.114,4.559,-23.691,381545.4,34,38.24,-30.573,2
G_Pro_balanced__SCORE60__TP10__SL12__H3__CAP500K,G Pro balanced,SCORE60,10.0,12.0,3,500000.0,12.438,-2.054,-29.336,353317.67,21,38.1,-43.204,1
G_Pro_balanced__SCORE60__TP10__SL12__H3__CAPALL,G Pro balanced,SCORE60,10.0,12.0,3,,-37.408,-6.315,-30.324,348378.1,21,38.1,-43.999,1
G_Pro_balanced__SCORE60__TP10__SL12__H5__CAP200K,G Pro balanced,SCORE60,10.0,12.0,5,200000.0,-8.967,-3.825,-20.848,395758.02,33,42.42,-34.049,2
G_Pro_balanced__SCORE60__TP10__SL12__H5__CAP500K,G Pro balanced,SCORE60,10.0,12.0,5,500000.0,-60.381,11.959,-20.716,396419.46,20,45.0,-41.585,1
G_Pro_balanced__SCORE60__TP10__SL12__H5__CAPALL,G Pro balanced,SCORE60,10.0,12.0,5,,-61.72,9.29,-20.754,396228.18,20,45.0,-41.628,1
G_Pro_balanced__SCORE60__TP10__SL12__H10__CAP200K,G Pro balanced,SCORE60,10.0,12.0,10,200000.0,-18.894,-23.446,6.709,533544.42,29,58.62,-18.842,3
G_Pro_balanced__SCORE60__TP10__SL12__H10__CAP500K,G Pro balanced,SCORE60,10.0,12.0,10,500000.0,1.476,-34.781,19.287,596435.8,18,66.67,-25.811,2
G_Pro_balanced__SCORE60__TP10__SL12__H10__CAPALL,G Pro balanced,SCORE60,10.0,12.0,10,,-27.747,-36.1,16.939,584695.19,14,64.29,-26.906,1
G_Pro_balanced__SCORE60__TP10__SL0__H3__CAP200K,G Pro balanced,SCORE60,10.0,,3,200000.0,1.226,5.689,-21.291,393544.65,34,38.24,-28.463,2
G_Pro_balanced__SCORE60__TP10__SL0__H3__CAP500K,G Pro balanced,SCORE60,10.0,,3,500000.0,-45.266,-2.892,-25.874,370631.59,21,33.33,-41.346,1
G_Pro_balanced__SCORE60__TP10__SL0__H3__CAPALL,G Pro balanced,SCORE60,10.0,,3,,-50.281,-7.03,-26.328,368361.03,20,35.0,-41.111,1
G_Pro_balanced__SCORE60__TP10__SL0__H5__CAP200K,G Pro balanced,SCORE60,10.0,,5,200000.0,-1.398,0.493,-26.435,367825.53,33,42.42,-35.976,2
G_Pro_balanced__SCORE60__TP10__SL0__H5__CAP500K,G Pro balanced,SCORE60,10.0,,5,500000.0,9.474,-4.965,-18.812,405939.74,17,47.06,-35.99,1
G_Pro_balanced__SCORE60__TP10__SL0__H5__CAPALL,G Pro balanced,SCORE60,10.0,,5,,-17.464,-6.585,-18.886,405569.29,17,47.06,-36.041,1
G_Pro_balanced__SCORE60__TP10__SL0__H10__CAP200K,G Pro balanced,SCORE60,10.0,,10,200000.0,-19.564,-6.016,11.083,555416.08,26,65.38,-22.592,3
G_Pro_balanced__SCORE60__TP10__SL0__H10__CAP500K,G Pro balanced,SCORE60,10.0,,10,500000.0,-54.884,8.97,69.278,846389.25,19,68.42,-15.615,3
G_Pro_balanced__SCORE60__TP10__SL0__H10__CAPALL,G Pro balanced,SCORE60,10.0,,10,,-54.523,-5.412,110.841,1054204.26,12,83.33,-15.316,1
G_Pro_balanced__SCORE70__TP3__SL5__H3__CAP200K,G Pro balanced,SCORE70,3.0,5.0,3,200000.0,-72.965,-26.222,-31.455,342726.11,34,44.12,-32.735,1
G_Pro_balanced__SCORE70__TP3__SL5__H3__CAP500K,G Pro balanced,SCORE70,3.0,5.0,3,500000.0,-79.501,-45.061,-50.627,246862.65,29,44.83,-54.18,1
G_Pro_balanced__SCORE70__TP3__SL5__H3__CAPALL,G Pro balanced,SCORE70,3.0,5.0,3,,-79.353,-45.061,-50.74,246301.73,29,44.83,-54.305,1
G_Pro_balanced__SCORE70__TP3__SL5__H5__CAP200K,G Pro balanced,SCORE70,3.0,5.0,5,200000.0,-73.976,-30.387,-31.455,342726.11,34,44.12,-32.735,1
G_Pro_balanced__SCORE70__TP3__SL5__H5__CAP500K,G Pro balanced,SCORE70,3.0,5.0,5,500000.0,-77.017,-52.647,-50.627,246862.65,29,44.83,-54.18,1
G_Pro_balanced__SCORE70__TP3__SL5__H5__CAPALL,G Pro balanced,SCORE70,3.0,5.0,5,,-77.047,-52.687,-50.74,246301.73,29,44.83,-54.305,1
G_Pro_balanced__SCORE70__TP3__SL5__H10__CAP200K,G Pro balanced,SCORE70,3.0,5.0,10,200000.0,-74.791,-31.001,-31.455,342726.11,34,44.12,-32.735,1
G_Pro_balanced__SCORE70__TP3__SL5__H10__CAP500K,G Pro balanced,SCORE70,3.0,5.0,10,500000.0,-77.734,-49.947,-50.627,246862.65,29,44.83,-54.18,1
G_Pro_balanced__SCORE70__TP3__SL5__H10__CAPALL,G Pro balanced,SCORE70,3.0,5.0,10,,-77.761,-50.024,-50.74,246301.73,29,44.83,-54.305,1
G_Pro_balanced__SCORE70__TP3__SL8__H3__CAP200K,G Pro balanced,SCORE70,3.0,8.0,3,200000.0,-41.654,-0.361,-19.685,401572.96,33,63.64,-21.831,1
G_Pro_balanced__SCORE70__TP3__SL8__H3__CAP500K,G Pro balanced,SCORE70,3.0,8.0,3,500000.0,-49.784,-13.219,-30.941,345297.22,25,64.0,-33.842,1
G_Pro_balanced__SCORE70__TP3__SL8__H3__CAPALL,G Pro balanced,SCORE70,3.0,8.0,3,,-49.709,-13.219,-31.127,344364.29,25,64.0,-34.051,1
G_Pro_balanced__SCORE70__TP3__SL8__H5__CAP200K,G Pro balanced,SCORE70,3.0,8.0,5,200000.0,-50.263,-7.982,-16.677,416613.03,34,67.65,-19.632,1
G_Pro_balanced__SCORE70__TP3__SL8__H5__CAP500K,G Pro balanced,SCORE70,3.0,8.0,5,500000.0,-59.321,-14.839,-26.3,368502.48,25,68.0,-31.864,1
G_Pro_balanced__SCORE70__TP3__SL8__H5__CAPALL,G Pro balanced,SCORE70,3.0,8.0,5,,-59.581,-14.839,-26.263,368686.73,24,70.83,-31.967,1
G_Pro_balanced__SCORE70__TP3__SL8__H10__CAP200K,G Pro balanced,SCORE70,3.0,8.0,10,200000.0,-55.407,-7.006,-16.677,416613.03,34,67.65,-19.632,1
G_Pro_balanced__SCORE70__TP3__SL8__H10__CAP500K,G Pro balanced,SCORE70,3.0,8.0,10,500000.0,-63.125,-4.735,-26.3,368502.48,25,68.0,-31.864,1
G_Pro_balanced__SCORE70__TP3__SL8__H10__CAPALL,G Pro balanced,SCORE70,3.0,8.0,10,,-63.171,-6.111,-26.263,368686.73,24,70.83,-31.967,1
G_Pro_balanced__SCORE70__TP3__SL12__H3__CAP200K,G Pro balanced,SCORE70,3.0,12.0,3,200000.0,-27.213,-4.069,-20.921,395394.18,32,65.62,-26.23,1
G_Pro_balanced__SCORE70__TP3__SL12__H3__CAP500K,G Pro balanced,SCORE70,3.0,12.0,3,500000.0,-34.722,-25.159,-39.62,301902.21,24,62.5,-43.609,1
G_Pro_balanced__SCORE70__TP3__SL12__H3__CAPALL,G Pro balanced,SCORE70,3.0,12.0,3,,-34.676,-25.192,-39.685,301574.77,24,62.5,-43.699,1
G_Pro_balanced__SCORE70__TP3__SL12__H5__CAP200K,G Pro balanced,SCORE70,3.0,12.0,5,200000.0,-33.24,-9.852,-21.548,392261.99,32,71.88,-27.552,1
G_Pro_balanced__SCORE70__TP3__SL12__H5__CAP500K,G Pro balanced,SCORE70,3.0,12.0,5,500000.0,-33.426,-28.43,-40.017,299916.1,22,63.64,-44.546,1
G_Pro_balanced__SCORE70__TP3__SL12__H5__CAPALL,G Pro balanced,SCORE70,3.0,12.0,5,,-33.79,-28.52,-40.087,299565.6,21,66.67,-44.722,1
G_Pro_balanced__SCORE70__TP3__SL12__H10__CAP200K,G Pro balanced,SCORE70,3.0,12.0,10,200000.0,-41.372,1.313,-21.065,394675.28,30,76.67,-28.137,2
G_Pro_balanced__SCORE70__TP3__SL12__H10__CAP500K,G Pro balanced,SCORE70,3.0,12.0,10,500000.0,-26.819,0.678,-37.204,313978.98,20,70.0,-46.079,1
G_Pro_balanced__SCORE70__TP3__SL12__H10__CAPALL,G Pro balanced,SCORE70,3.0,12.0,10,,-26.106,-0.446,-37.094,314531.53,19,73.68,-46.092,1
G_Pro_balanced__SCORE70__TP3__SL0__H3__CAP200K,G Pro balanced,SCORE70,3.0,,3,200000.0,-26.772,-3.002,-17.2,414002.22,33,66.67,-22.716,1
G_Pro_balanced__SCORE70__TP3__SL0__H3__CAP500K,G Pro balanced,SCORE70,3.0,,3,500000.0,-38.231,-24.59,-33.719,331407.01,24,62.5,-38.089,1
G_Pro_balanced__SCORE70__TP3__SL0__H3__CAPALL,G Pro balanced,SCORE70,3.0,,3,,-38.136,-24.609,-33.867,330663.93,24,62.5,-38.255,1
G_Pro_balanced__SCORE70__TP3__SL0__H5__CAP200K,G Pro balanced,SCORE70,3.0,,5,200000.0,-26.92,-9.117,-19.669,401653.1,32,75.0,-25.862,1
G_Pro_balanced__SCORE70__TP3__SL0__H5__CAP500K,G Pro balanced,SCORE70,3.0,,5,500000.0,-14.229,-14.98,-30.172,349140.97,23,69.57,-37.45,1
G_Pro_balanced__SCORE70__TP3__SL0__H5__CAPALL,G Pro balanced,SCORE70,3.0,,5,,-14.689,-15.081,-32.752,336238.11,20,75.0,-40.728,1
G_Pro_balanced__SCORE70__TP3__SL0__H10__CAP200K,G Pro balanced,SCORE70,3.0,,10,200000.0,-33.192,-6.6,-14.652,426738.67,29,89.66,-30.878,2
G_Pro_balanced__SCORE70__TP3__SL0__H10__CAP500K,G Pro balanced,SCORE70,3.0,,10,500000.0,-22.957,-30.446,-33.401,332992.7,23,86.96,-52.084,1
G_Pro_balanced__SCORE70__TP3__SL0__H10__CAPALL,G Pro balanced,SCORE70,3.0,,10,,-23.399,-32.047,-40.496,297519.34,20,90.0,-57.857,1
G_Pro_balanced__SCORE70__TP5__SL5__H3__CAP200K,G Pro balanced,SCORE70,5.0,5.0,3,200000.0,-69.51,-8.489,-27.968,360158.59,32,37.5,-30.225,2
G_Pro_balanced__SCORE70__TP5__SL5__H3__CAP500K,G Pro balanced,SCORE70,5.0,5.0,3,500000.0,-79.228,-26.876,-44.937,275316.03,28,39.29,-54.36,1
G_Pro_balanced__SCORE70__TP5__SL5__H3__CAPALL,G Pro balanced,SCORE70,5.0,5.0,3,,-79.211,-27.461,-45.085,274573.58,28,39.29,-54.49,1
G_Pro_balanced__SCORE70__TP5__SL5__H5__CAP200K,G Pro balanced,SCORE70,5.0,5.0,5,200000.0,-65.393,-21.339,-27.968,360158.59,32,37.5,-30.225,2
G_Pro_balanced__SCORE70__TP5__SL5__H5__CAP500K,G Pro balanced,SCORE70,5.0,5.0,5,500000.0,-72.109,-38.291,-44.937,275316.03,28,39.29,-54.36,1
G_Pro_balanced__SCORE70__TP5__SL5__H5__CAPALL,G Pro balanced,SCORE70,5.0,5.0,5,,-72.166,-38.579,-45.085,274573.58,28,39.29,-54.49,1
G_Pro_balanced__SCORE70__TP5__SL5__H10__CAP200K,G Pro balanced,SCORE70,5.0,5.0,10,200000.0,-66.156,-19.907,-27.968,360158.59,32,37.5,-30.225,2
G_Pro_balanced__SCORE70__TP5__SL5__H10__CAP500K,G Pro balanced,SCORE70,5.0,5.0,10,500000.0,-72.456,-29.873,-44.937,275316.03,28,39.29,-54.36,1
G_Pro_balanced__SCORE70__TP5__SL5__H10__CAPALL,G Pro balanced,SCORE70,5.0,5.0,10,,-72.514,-30.163,-45.085,274573.58,28,39.29,-54.49,1
G_Pro_balanced__SCORE70__TP5__SL8__H3__CAP200K,G Pro balanced,SCORE70,5.0,8.0,3,200000.0,-51.03,12.915,-20.199,399007.46,33,48.48,-23.292,2
G_Pro_balanced__SCORE70__TP5__SL8__H3__CAP500K,G Pro balanced,SCORE70,5.0,8.0,3,500000.0,-68.412,-17.494,-35.789,321056.53,24,50.0,-38.967,1
G_Pro_balanced__SCORE70__TP5__SL8__H3__CAPALL,G Pro balanced,SCORE70,5.0,8.0,3,,-68.699,-18.549,-35.931,320346.16,24,50.0,-39.101,1
G_Pro_balanced__SCORE70__TP5__SL8__H5__CAP200K,G Pro balanced,SCORE70,5.0,8.0,5,200000.0,-55.228,-3.419,-19.015,404926.05,33,54.55,-24.769,2
G_Pro_balanced__SCORE70__TP5__SL8__H5__CAP500K,G Pro balanced,SCORE70,5.0,8.0,5,500000.0,-61.363,-19.315,-33.953,330233.77,23,56.52,-39.079,1
G_Pro_balanced__SCORE70__TP5__SL8__H5__CAPALL,G Pro balanced,SCORE70,5.0,8.0,5,,-61.628,-19.927,-34.278,328612.03,23,56.52,-39.379,1
G_Pro_balanced__SCORE70__TP5__SL8__H10__CAP200K,G Pro balanced,SCORE70,5.0,8.0,10,200000.0,-65.477,0.048,-19.015,404926.05,33,54.55,-24.769,2
G_Pro_balanced__SCORE70__TP5__SL8__H10__CAP500K,G Pro balanced,SCORE70,5.0,8.0,10,500000.0,-68.237,8.505,-33.953,330233.77,23,56.52,-39.079,1
G_Pro_balanced__SCORE70__TP5__SL8__H10__CAPALL,G Pro balanced,SCORE70,5.0,8.0,10,,-68.687,5.529,-34.278,328612.03,23,56.52,-39.379,1
G_Pro_balanced__SCORE70__TP5__SL12__H3__CAP200K,G Pro balanced,SCORE70,5.0,12.0,3,200000.0,-42.417,9.067,-22.129,389353.84,29,51.72,-31.338,2
G_Pro_balanced__SCORE70__TP5__SL12__H3__CAP500K,G Pro balanced,SCORE70,5.0,12.0,3,500000.0,-67.485,-31.125,-31.181,344095.26,22,54.55,-38.129,1
G_Pro_balanced__SCORE70__TP5__SL12__H3__CAPALL,G Pro balanced,SCORE70,5.0,12.0,3,,-67.729,-32.407,-31.361,343193.06,22,54.55,-38.3,1
G_Pro_balanced__SCORE70__TP5__SL12__H5__CAP200K,G Pro balanced,SCORE70,5.0,12.0,5,200000.0,-34.763,-11.215,-24.117,379417.12,29,62.07,-36.768,2
G_Pro_balanced__SCORE70__TP5__SL12__H5__CAP500K,G Pro balanced,SCORE70,5.0,12.0,5,500000.0,-58.378,-46.2,-34.736,326318.14,21,61.9,-42.971,1
G_Pro_balanced__SCORE70__TP5__SL12__H5__CAPALL,G Pro balanced,SCORE70,5.0,12.0,5,,-58.853,-46.206,-35.038,324812.2,21,61.9,-43.247,1
G_Pro_balanced__SCORE70__TP5__SL12__H10__CAP200K,G Pro balanced,SCORE70,5.0,12.0,10,200000.0,-28.785,3.887,-20.32,398401.91,29,68.97,-36.084,2
G_Pro_balanced__SCORE70__TP5__SL12__H10__CAP500K,G Pro balanced,SCORE70,5.0,12.0,10,500000.0,-22.789,-10.473,-31.846,340771.43,19,68.42,-45.69,1
G_Pro_balanced__SCORE70__TP5__SL12__H10__CAPALL,G Pro balanced,SCORE70,5.0,12.0,10,,-23.082,-12.763,-32.211,338943.89,19,68.42,-45.983,1
G_Pro_balanced__SCORE70__TP5__SL0__H3__CAP200K,G Pro balanced,SCORE70,5.0,,3,200000.0,-38.628,10.608,-17.812,410939.92,31,54.84,-27.847,2
G_Pro_balanced__SCORE70__TP5__SL0__H3__CAP500K,G Pro balanced,SCORE70,5.0,,3,500000.0,-67.937,-33.985,-15.782,421091.77,22,54.55,-24.295,1
G_Pro_balanced__SCORE70__TP5__SL0__H3__CAPALL,G Pro balanced,SCORE70,5.0,,3,,-68.146,-35.177,-15.974,420131.63,22,54.55,-24.463,1
G_Pro_balanced__SCORE70__TP5__SL0__H5__CAP200K,G Pro balanced,SCORE70,5.0,,5,200000.0,-18.008,-7.566,-25.052,374737.56,29,65.52,-33.766,2
G_Pro_balanced__SCORE70__TP5__SL0__H5__CAP500K,G Pro balanced,SCORE70,5.0,,5,500000.0,-40.984,-32.556,-23.917,380412.81,18,66.67,-30.32,1
G_Pro_balanced__SCORE70__TP5__SL0__H5__CAPALL,G Pro balanced,SCORE70,5.0,,5,,-41.628,-32.538,-24.814,375928.33,18,66.67,-31.105,1
G_Pro_balanced__SCORE70__TP5__SL0__H10__CAP200K,G Pro balanced,SCORE70,5.0,,10,200000.0,-16.952,1.364,-18.319,408405.14,26,76.92,-36.314,3
G_Pro_balanced__SCORE70__TP5__SL0__H10__CAP500K,G Pro balanced,SCORE70,5.0,,10,500000.0,-21.356,-29.271,-22.13,389350.2,20,80.0,-51.794,1
G_Pro_balanced__SCORE70__TP5__SL0__H10__CAPALL,G Pro balanced,SCORE70,5.0,,10,,-22.218,-30.424,-28.526,357371.96,18,83.33,-55.917,1
G_Pro_balanced__SCORE70__TP8__SL5__H3__CAP200K,G Pro balanced,SCORE70,8.0,5.0,3,200000.0,-57.16,-2.975,-29.318,353408.94,32,25.0,-35.788,2
G_Pro_balanced__SCORE70__TP8__SL5__H3__CAP500K,G Pro balanced,SCORE70,8.0,5.0,3,500000.0,-67.064,-15.193,-43.423,282885.38,26,26.92,-56.148,1
G_Pro_balanced__SCORE70__TP8__SL5__H3__CAPALL,G Pro balanced,SCORE70,8.0,5.0,3,,-67.574,-16.636,-43.423,282885.38,26,26.92,-56.148,1
G_Pro_balanced__SCORE70__TP8__SL5__H5__CAP200K,G Pro balanced,SCORE70,8.0,5.0,5,200000.0,-62.741,-25.003,-29.803,350985.09,32,25.0,-36.345,2
G_Pro_balanced__SCORE70__TP8__SL5__H5__CAP500K,G Pro balanced,SCORE70,8.0,5.0,5,500000.0,-64.656,-49.184,-44.337,278314.66,26,26.92,-56.854,1
G_Pro_balanced__SCORE70__TP8__SL5__H5__CAPALL,G Pro balanced,SCORE70,8.0,5.0,5,,-64.884,-49.46,-44.337,278314.66,26,26.92,-56.854,1
G_Pro_balanced__SCORE70__TP8__SL5__H10__CAP200K,G Pro balanced,SCORE70,8.0,5.0,10,200000.0,-66.384,-23.474,-30.747,346267.09,32,25.0,-37.432,2
G_Pro_balanced__SCORE70__TP8__SL5__H10__CAP500K,G Pro balanced,SCORE70,8.0,5.0,10,500000.0,-69.162,-39.072,-45.908,270460.51,26,26.92,-58.087,1
G_Pro_balanced__SCORE70__TP8__SL5__H10__CAPALL,G Pro balanced,SCORE70,8.0,5.0,10,,-69.354,-39.642,-45.908,270460.51,26,26.92,-58.087,1
G_Pro_balanced__SCORE70__TP8__SL8__H3__CAP200K,G Pro balanced,SCORE70,8.0,8.0,3,200000.0,-40.181,18.831,-15.936,420321.78,31,35.48,-22.607,2
G_Pro_balanced__SCORE70__TP8__SL8__H3__CAP500K,G Pro balanced,SCORE70,8.0,8.0,3,500000.0,-25.063,39.357,-18.565,407174.35,23,43.48,-35.397,1
G_Pro_balanced__SCORE70__TP8__SL8__H3__CAPALL,G Pro balanced,SCORE70,8.0,8.0,3,,-36.755,22.208,-18.703,406486.78,23,43.48,-35.515,1
G_Pro_balanced__SCORE70__TP8__SL8__H5__CAP200K,G Pro balanced,SCORE70,8.0,8.0,5,200000.0,-54.506,-7.738,-21.55,392251.25,29,37.93,-24.066,2
G_Pro_balanced__SCORE70__TP8__SL8__H5__CAP500K,G Pro balanced,SCORE70,8.0,8.0,5,500000.0,-34.31,-9.891,-3.664,481680.87,22,50.0,-32.05,1
G_Pro_balanced__SCORE70__TP8__SL8__H5__CAPALL,G Pro balanced,SCORE70,8.0,8.0,5,,-26.965,-10.38,-4.443,477784.24,22,50.0,-32.421,1
G_Pro_balanced__SCORE70__TP8__SL8__H10__CAP200K,G Pro balanced,SCORE70,8.0,8.0,10,200000.0,-68.43,-10.318,-22.179,389107.47,27,40.74,-29.286,2
G_Pro_balanced__SCORE70__TP8__SL8__H10__CAP500K,G Pro balanced,SCORE70,8.0,8.0,10,500000.0,-54.817,15.302,-10.564,447181.29,21,52.38,-40.841,1
G_Pro_balanced__SCORE70__TP8__SL8__H10__CAPALL,G Pro balanced,SCORE70,8.0,8.0,10,,-49.118,12.302,-10.564,447181.29,21,52.38,-40.841,1
G_Pro_balanced__SCORE70__TP8__SL12__H3__CAP200K,G Pro balanced,SCORE70,8.0,12.0,3,200000.0,-35.002,15.139,-19.862,400688.24,29,41.38,-33.372,2
G_Pro_balanced__SCORE70__TP8__SL12__H3__CAP500K,G Pro balanced,SCORE70,8.0,12.0,3,500000.0,-54.299,35.489,-16.932,415339.47,20,45.0,-39.972,1
G_Pro_balanced__SCORE70__TP8__SL12__H3__CAPALL,G Pro balanced,SCORE70,8.0,12.0,3,,-53.683,2.733,-17.098,414507.71,20,45.0,-40.082,1
G_Pro_balanced__SCORE70__TP8__SL12__H5__CAP200K,G Pro balanced,SCORE70,8.0,12.0,5,200000.0,-51.396,-20.717,-23.153,384233.05,28,46.43,-35.364,2
G_Pro_balanced__SCORE70__TP8__SL12__H5__CAP500K,G Pro balanced,SCORE70,8.0,12.0,5,500000.0,-53.579,-24.368,-6.525,467374.93,19,52.63,-40.865,1
G_Pro_balanced__SCORE70__TP8__SL12__H5__CAPALL,G Pro balanced,SCORE70,8.0,12.0,5,,-54.518,-24.542,-8.033,459833.96,19,52.63,-41.845,1
G_Pro_balanced__SCORE70__TP8__SL12__H10__CAP200K,G Pro balanced,SCORE70,8.0,12.0,10,200000.0,-37.882,-5.383,-2.573,487133.87,28,60.71,-22.828,3
G_Pro_balanced__SCORE70__TP8__SL12__H10__CAP500K,G Pro balanced,SCORE70,8.0,12.0,10,500000.0,-16.367,5.078,27.858,639289.52,17,70.59,-27.33,3
G_Pro_balanced__SCORE70__TP8__SL12__H10__CAPALL,G Pro balanced,SCORE70,8.0,12.0,10,,0.383,2.963,27.946,639731.57,15,73.33,-28.31,1
G_Pro_balanced__SCORE70__TP8__SL0__H3__CAP200K,G Pro balanced,SCORE70,8.0,,3,200000.0,-34.432,16.266,-15.574,422128.63,29,41.38,-29.344,2
G_Pro_balanced__SCORE70__TP8__SL0__H3__CAP500K,G Pro balanced,SCORE70,8.0,,3,500000.0,-57.008,30.317,-2.791,486047.24,19,42.11,-29.554,1
G_Pro_balanced__SCORE70__TP8__SL0__H3__CAPALL,G Pro balanced,SCORE70,8.0,,3,,-55.667,-1.28,-2.873,485636.01,19,42.11,-29.586,1
G_Pro_balanced__SCORE70__TP8__SL0__H5__CAP200K,G Pro balanced,SCORE70,8.0,,5,200000.0,-26.783,-23.182,-24.361,378196.89,27,48.15,-33.003,2
G_Pro_balanced__SCORE70__TP8__SL0__H5__CAP500K,G Pro balanced,SCORE70,8.0,,5,500000.0,-34.956,-34.168,20.293,601463.89,20,55.0,-30.705,2
G_Pro_balanced__SCORE70__TP8__SL0__H5__CAPALL,G Pro balanced,SCORE70,8.0,,5,,-30.343,-34.309,28.083,640416.74,17,58.82,-27.674,1
G_Pro_balanced__SCORE70__TP8__SL0__H10__CAP200K,G Pro balanced,SCORE70,8.0,,10,200000.0,-35.561,0.373,-1.459,492706.59,26,69.23,-26.37,3
G_Pro_balanced__SCORE70__TP8__SL0__H10__CAP500K,G Pro balanced,SCORE70,8.0,,10,500000.0,-39.777,29.174,60.526,802630.84,21,71.43,-15.197,3
G_Pro_balanced__SCORE70__TP8__SL0__H10__CAPALL,G Pro balanced,SCORE70,8.0,,10,,-27.471,31.023,90.461,952307.32,13,84.62,-14.754,1
G_Pro_balanced__SCORE70__TP10__SL5__H3__CAP200K,G Pro balanced,SCORE70,10.0,5.0,3,200000.0,-41.237,-0.526,-38.262,308691.83,32,18.75,-40.875,2
G_Pro_balanced__SCORE70__TP10__SL5__H3__CAP500K,G Pro balanced,SCORE70,10.0,5.0,3,500000.0,-52.686,-22.675,-54.133,229334.54,25,20.0,-59.994,1
G_Pro_balanced__SCORE70__TP10__SL5__H3__CAPALL,G Pro balanced,SCORE70,10.0,5.0,3,,-58.686,-24.036,-54.133,229334.54,25,20.0,-59.994,1
G_Pro_balanced__SCORE70__TP10__SL5__H5__CAP200K,G Pro balanced,SCORE70,10.0,5.0,5,200000.0,-58.442,-10.507,-40.825,295873.12,32,15.62,-41.455,2
G_Pro_balanced__SCORE70__TP10__SL5__H5__CAP500K,G Pro balanced,SCORE70,10.0,5.0,5,500000.0,-71.137,-42.248,-56.828,215861.97,25,16.0,-60.584,1
G_Pro_balanced__SCORE70__TP10__SL5__H5__CAPALL,G Pro balanced,SCORE70,10.0,5.0,5,,-71.186,-43.083,-56.828,215861.97,25,16.0,-60.584,1
G_Pro_balanced__SCORE70__TP10__SL5__H10__CAP200K,G Pro balanced,SCORE70,10.0,5.0,10,200000.0,-55.961,-9.175,-41.782,291091.28,32,15.62,-42.572,2
G_Pro_balanced__SCORE70__TP10__SL5__H10__CAP500K,G Pro balanced,SCORE70,10.0,5.0,10,500000.0,-68.457,-29.715,-58.13,209350.04,25,16.0,-61.768,1
G_Pro_balanced__SCORE70__TP10__SL5__H10__CAPALL,G Pro balanced,SCORE70,10.0,5.0,10,,-68.507,-32.601,-58.13,209350.04,25,16.0,-61.768,1
G_Pro_balanced__SCORE70__TP10__SL8__H3__CAP200K,G Pro balanced,SCORE70,10.0,8.0,3,200000.0,-12.867,27.574,-22.698,386511.45,30,30.0,-23.584,2
G_Pro_balanced__SCORE70__TP10__SL8__H3__CAP500K,G Pro balanced,SCORE70,10.0,8.0,3,500000.0,12.317,33.219,-27.553,362234.18,22,36.36,-36.743,1
G_Pro_balanced__SCORE70__TP10__SL8__H3__CAPALL,G Pro balanced,SCORE70,10.0,8.0,3,,-29.001,12.501,-27.896,360518.45,22,36.36,-37.042,1
G_Pro_balanced__SCORE70__TP10__SL8__H5__CAP200K,G Pro balanced,SCORE70,10.0,8.0,5,200000.0,-45.15,9.62,-26.121,369397.25,29,31.03,-26.398,1
G_Pro_balanced__SCORE70__TP10__SL8__H5__CAP500K,G Pro balanced,SCORE70,10.0,8.0,5,500000.0,-37.838,12.138,-5.652,471740.23,21,42.86,-33.903,0
G_Pro_balanced__SCORE70__TP10__SL8__H5__CAPALL,G Pro balanced,SCORE70,10.0,8.0,5,,-39.24,12.755,-7.252,463740.72,21,42.86,-34.553,0
G_Pro_balanced__SCORE70__TP10__SL8__H10__CAP200K,G Pro balanced,SCORE70,10.0,8.0,10,200000.0,-44.166,-1.432,-24.442,377789.12,27,37.04,-30.77,2
G_Pro_balanced__SCORE70__TP10__SL8__H10__CAP500K,G Pro balanced,SCORE70,10.0,8.0,10,500000.0,-49.412,0.486,-26.151,369244.96,19,42.11,-41.282,1
G_Pro_balanced__SCORE70__TP10__SL8__H10__CAPALL,G Pro balanced,SCORE70,10.0,8.0,10,,-49.681,22.028,-26.151,369244.96,19,42.11,-41.282,1
G_Pro_balanced__SCORE70__TP10__SL12__H3__CAP200K,G Pro balanced,SCORE70,10.0,12.0,3,200000.0,-10.565,25.046,-21.722,391388.15,29,34.48,-30.663,2
G_Pro_balanced__SCORE70__TP10__SL12__H3__CAP500K,G Pro balanced,SCORE70,10.0,12.0,3,500000.0,7.582,-10.202,-25.48,372599.27,20,40.0,-44.621,1
G_Pro_balanced__SCORE70__TP10__SL12__H3__CAPALL,G Pro balanced,SCORE70,10.0,12.0,3,,9.862,-16.128,-26.109,369454.54,20,40.0,-45.088,1
G_Pro_balanced__SCORE70__TP10__SL12__H5__CAP200K,G Pro balanced,SCORE70,10.0,12.0,5,200000.0,-35.632,-1.499,-19.539,402304.14,28,42.86,-33.673,2
G_Pro_balanced__SCORE70__TP10__SL12__H5__CAP500K,G Pro balanced,SCORE70,10.0,12.0,5,500000.0,-53.482,-21.192,0.76,503800.7,19,52.63,-39.473,1
G_Pro_balanced__SCORE70__TP10__SL12__H5__CAPALL,G Pro balanced,SCORE70,10.0,12.0,5,,-54.524,-21.524,-1.109,494453.82,19,52.63,-40.657,1
G_Pro_balanced__SCORE70__TP10__SL12__H10__CAP200K,G Pro balanced,SCORE70,10.0,12.0,10,200000.0,-19.373,-6.874,-0.487,497562.69,25,56.0,-20.632,3
G_Pro_balanced__SCORE70__TP10__SL12__H10__CAP500K,G Pro balanced,SCORE70,10.0,12.0,10,500000.0,-12.114,18.863,17.579,587896.09,15,60.0,-25.907,2
G_Pro_balanced__SCORE70__TP10__SL12__H10__CAPALL,G Pro balanced,SCORE70,10.0,12.0,10,,-15.98,14.517,16.939,584695.19,14,64.29,-26.906,1
G_Pro_balanced__SCORE70__TP10__SL0__H3__CAP200K,G Pro balanced,SCORE70,10.0,,3,200000.0,-11.885,25.019,-18.021,409897.09,29,34.48,-27.166,2
G_Pro_balanced__SCORE70__TP10__SL0__H3__CAP500K,G Pro balanced,SCORE70,10.0,,3,500000.0,4.847,-11.026,-22.672,386642.29,20,35.0,-43.019,1
G_Pro_balanced__SCORE70__TP10__SL0__H3__CAPALL,G Pro balanced,SCORE70,10.0,,3,,6.81,-16.79,-23.755,381226.08,19,36.84,-43.656,1
G_Pro_balanced__SCORE70__TP10__SL0__H5__CAP200K,G Pro balanced,SCORE70,10.0,,5,200000.0,-17.595,3.885,-26.335,368327.0,27,40.74,-34.466,2
G_Pro_balanced__SCORE70__TP10__SL0__H5__CAP500K,G Pro balanced,SCORE70,10.0,,5,500000.0,-36.963,-29.018,4.132,520659.02,21,47.62,-40.088,1
G_Pro_balanced__SCORE70__TP10__SL0__H5__CAPALL,G Pro balanced,SCORE70,10.0,,5,,-42.32,-29.522,0.187,500932.69,17,58.82,-43.944,1
G_Pro_balanced__SCORE70__TP10__SL0__H10__CAP200K,G Pro balanced,SCORE70,10.0,,10,200000.0,-18.149,2.524,-1.057,494716.43,25,68.0,-28.958,3
G_Pro_balanced__SCORE70__TP10__SL0__H10__CAP500K,G Pro balanced,SCORE70,10.0,,10,500000.0,-30.164,16.651,56.647,783235.91,19,68.42,-17.457,3
G_Pro_balanced__SCORE70__TP10__SL0__H10__CAPALL,G Pro balanced,SCORE70,10.0,,10,,-29.502,10.612,98.191,990953.9,12,83.33,-15.316,1
G_Pro_balanced__SCORE60_NOT_STRONG_TOP__TP3__SL5__H3__CAP200K,G Pro balanced,SCORE60_NOT_STRONG_TOP,3.0,5.0,3,200000.0,-70.331,-36.889,-31.712,341442.25,41,48.78,-32.983,1
G_Pro_balanced__SCORE60_NOT_STRONG_TOP__TP3__SL5__H3__CAP500K,G Pro balanced,SCORE60_NOT_STRONG_TOP,3.0,5.0,3,500000.0,-79.425,-58.369,-51.028,244861.97,36,50.0,-53.085,1
G_Pro_balanced__SCORE60_NOT_STRONG_TOP__TP3__SL5__H3__CAPALL,G Pro balanced,SCORE60_NOT_STRONG_TOP,3.0,5.0,3,,-80.889,-58.428,-51.22,243901.82,36,50.0,-53.29,1
G_Pro_balanced__SCORE60_NOT_STRONG_TOP__TP3__SL5__H5__CAP200K,G Pro balanced,SCORE60_NOT_STRONG_TOP,3.0,5.0,5,200000.0,-73.474,-43.91,-31.712,341442.25,41,48.78,-32.983,1
G_Pro_balanced__SCORE60_NOT_STRONG_TOP__TP3__SL5__H5__CAP500K,G Pro balanced,SCORE60_NOT_STRONG_TOP,3.0,5.0,5,500000.0,-79.466,-66.619,-51.028,244861.97,36,50.0,-53.085,1
G_Pro_balanced__SCORE60_NOT_STRONG_TOP__TP3__SL5__H5__CAPALL,G Pro balanced,SCORE60_NOT_STRONG_TOP,3.0,5.0,5,,-79.51,-66.63,-51.22,243901.82,36,50.0,-53.29,1
G_Pro_balanced__SCORE60_NOT_STRONG_TOP__TP3__SL5__H10__CAP200K,G Pro balanced,SCORE60_NOT_STRONG_TOP,3.0,5.0,10,200000.0,-74.305,-44.075,-31.712,341442.25,41,48.78,-32.983,1
G_Pro_balanced__SCORE60_NOT_STRONG_TOP__TP3__SL5__H10__CAP500K,G Pro balanced,SCORE60_NOT_STRONG_TOP,3.0,5.0,10,500000.0,-80.109,-64.717,-51.028,244861.97,36,50.0,-53.085,1
G_Pro_balanced__SCORE60_NOT_STRONG_TOP__TP3__SL5__H10__CAPALL,G Pro balanced,SCORE60_NOT_STRONG_TOP,3.0,5.0,10,,-80.151,-64.791,-51.22,243901.82,36,50.0,-53.29,1
G_Pro_balanced__SCORE60_NOT_STRONG_TOP__TP3__SL8__H3__CAP200K,G Pro balanced,SCORE60_NOT_STRONG_TOP,3.0,8.0,3,200000.0,-35.484,-11.206,-18.347,408262.99,41,65.85,-20.562,1
G_Pro_balanced__SCORE60_NOT_STRONG_TOP__TP3__SL8__H3__CAP500K,G Pro balanced,SCORE60_NOT_STRONG_TOP,3.0,8.0,3,500000.0,-46.298,-45.185,-30.985,345074.6,32,68.75,-33.884,1
G_Pro_balanced__SCORE60_NOT_STRONG_TOP__TP3__SL8__H3__CAPALL,G Pro balanced,SCORE60_NOT_STRONG_TOP,3.0,8.0,3,,-50.85,-45.231,-31.37,343147.79,30,66.67,-34.284,1
G_Pro_balanced__SCORE60_NOT_STRONG_TOP__TP3__SL8__H5__CAP200K,G Pro balanced,SCORE60_NOT_STRONG_TOP,3.0,8.0,5,200000.0,-52.193,-12.453,-15.056,424720.33,41,70.73,-20.273,1
G_Pro_balanced__SCORE60_NOT_STRONG_TOP__TP3__SL8__H5__CAP500K,G Pro balanced,SCORE60_NOT_STRONG_TOP,3.0,8.0,5,500000.0,-68.533,-37.902,-26.286,368570.22,32,71.88,-33.413,1
G_Pro_balanced__SCORE60_NOT_STRONG_TOP__TP3__SL8__H5__CAPALL,G Pro balanced,SCORE60_NOT_STRONG_TOP,3.0,8.0,5,,-68.728,-37.98,-26.628,366858.73,29,72.41,-33.739,1
G_Pro_balanced__SCORE60_NOT_STRONG_TOP__TP3__SL8__H10__CAP200K,G Pro balanced,SCORE60_NOT_STRONG_TOP,3.0,8.0,10,200000.0,-58.457,-10.04,-15.056,424720.33,41,70.73,-20.273,1
G_Pro_balanced__SCORE60_NOT_STRONG_TOP__TP3__SL8__H10__CAP500K,G Pro balanced,SCORE60_NOT_STRONG_TOP,3.0,8.0,10,500000.0,-66.373,-18.101,-26.286,368570.22,32,71.88,-33.413,1
G_Pro_balanced__SCORE60_NOT_STRONG_TOP__TP3__SL8__H10__CAPALL,G Pro balanced,SCORE60_NOT_STRONG_TOP,3.0,8.0,10,,-70.029,-18.651,-26.628,366858.73,29,72.41,-33.739,1
G_Pro_balanced__SCORE60_NOT_STRONG_TOP__TP3__SL12__H3__CAP200K,G Pro balanced,SCORE60_NOT_STRONG_TOP,3.0,12.0,3,200000.0,-18.8,-10.97,-14.552,427241.94,40,72.5,-22.348,1
G_Pro_balanced__SCORE60_NOT_STRONG_TOP__TP3__SL12__H3__CAP500K,G Pro balanced,SCORE60_NOT_STRONG_TOP,3.0,12.0,3,500000.0,-22.032,-39.864,-32.35,338248.16,31,70.97,-39.495,1
G_Pro_balanced__SCORE60_NOT_STRONG_TOP__TP3__SL12__H3__CAPALL,G Pro balanced,SCORE60_NOT_STRONG_TOP,3.0,12.0,3,,-29.29,-40.219,-32.848,335761.55,29,68.97,-39.957,1
G_Pro_balanced__SCORE60_NOT_STRONG_TOP__TP3__SL12__H5__CAP200K,G Pro balanced,SCORE60_NOT_STRONG_TOP,3.0,12.0,5,200000.0,-28.873,-7.172,-14.953,425233.98,40,77.5,-23.664,1
G_Pro_balanced__SCORE60_NOT_STRONG_TOP__TP3__SL12__H5__CAP500K,G Pro balanced,SCORE60_NOT_STRONG_TOP,3.0,12.0,5,500000.0,-32.68,-39.736,-34.158,329212.1,29,72.41,-39.451,1
G_Pro_balanced__SCORE60_NOT_STRONG_TOP__TP3__SL12__H5__CAPALL,G Pro balanced,SCORE60_NOT_STRONG_TOP,3.0,12.0,5,,-33.052,-40.227,-34.668,326659.27,25,72.0,-39.929,1
G_Pro_balanced__SCORE60_NOT_STRONG_TOP__TP3__SL12__H10__CAP200K,G Pro balanced,SCORE60_NOT_STRONG_TOP,3.0,12.0,10,200000.0,-44.563,-2.508,-14.275,428625.01,39,82.05,-24.239,2
G_Pro_balanced__SCORE60_NOT_STRONG_TOP__TP3__SL12__H10__CAP500K,G Pro balanced,SCORE60_NOT_STRONG_TOP,3.0,12.0,10,500000.0,1.69,-14.916,-32.676,336618.96,27,77.78,-43.535,1
G_Pro_balanced__SCORE60_NOT_STRONG_TOP__TP3__SL12__H10__CAPALL,G Pro balanced,SCORE60_NOT_STRONG_TOP,3.0,12.0,10,,1.125,-16.137,-32.946,335268.85,22,77.27,-43.769,1
G_Pro_balanced__SCORE60_NOT_STRONG_TOP__TP3__SL0__H3__CAP200K,G Pro balanced,SCORE60_NOT_STRONG_TOP,3.0,,3,200000.0,-18.491,-9.886,-10.932,445338.39,40,72.5,-18.887,1
G_Pro_balanced__SCORE60_NOT_STRONG_TOP__TP3__SL0__H3__CAP500K,G Pro balanced,SCORE60_NOT_STRONG_TOP,3.0,,3,500000.0,-34.334,-39.377,-25.883,370583.58,31,70.97,-33.693,1
G_Pro_balanced__SCORE60_NOT_STRONG_TOP__TP3__SL0__H3__CAPALL,G Pro balanced,SCORE60_NOT_STRONG_TOP,3.0,,3,,-40.479,-39.755,-26.271,368644.16,29,68.97,-34.079,1
G_Pro_balanced__SCORE60_NOT_STRONG_TOP__TP3__SL0__H5__CAP200K,G Pro balanced,SCORE60_NOT_STRONG_TOP,3.0,,5,200000.0,-22.22,-7.215,-13.414,432929.03,40,80.0,-22.232,1
G_Pro_balanced__SCORE60_NOT_STRONG_TOP__TP3__SL0__H5__CAP500K,G Pro balanced,SCORE60_NOT_STRONG_TOP,3.0,,5,500000.0,-11.355,-29.072,-23.08,384602.47,29,75.86,-33.878,1
G_Pro_balanced__SCORE60_NOT_STRONG_TOP__TP3__SL0__H5__CAPALL,G Pro balanced,SCORE60_NOT_STRONG_TOP,3.0,,5,,-11.843,-28.97,-26.713,366436.48,24,79.17,-38.288,1
G_Pro_balanced__SCORE60_NOT_STRONG_TOP__TP3__SL0__H10__CAP200K,G Pro balanced,SCORE60_NOT_STRONG_TOP,3.0,,10,200000.0,-37.334,-8.682,-9.325,453374.95,39,92.31,-28.333,2
G_Pro_balanced__SCORE60_NOT_STRONG_TOP__TP3__SL0__H10__CAP500K,G Pro balanced,SCORE60_NOT_STRONG_TOP,3.0,,10,500000.0,1.14,-36.586,-29.067,354662.93,27,88.89,-51.094,1
G_Pro_balanced__SCORE60_NOT_STRONG_TOP__TP3__SL0__H10__CAPALL,G Pro balanced,SCORE60_NOT_STRONG_TOP,3.0,,10,,11.719,-38.899,-37.869,310653.06,22,90.91,-57.874,1
G_Pro_balanced__SCORE60_NOT_STRONG_TOP__TP5__SL5__H3__CAP200K,G Pro balanced,SCORE60_NOT_STRONG_TOP,5.0,5.0,3,200000.0,-69.404,-24.988,-28.178,359109.2,39,41.03,-29.356,2
G_Pro_balanced__SCORE60_NOT_STRONG_TOP__TP5__SL5__H3__CAP500K,G Pro balanced,SCORE60_NOT_STRONG_TOP,5.0,5.0,3,500000.0,-79.826,-28.432,-45.707,271462.58,35,42.86,-52.264,1
G_Pro_balanced__SCORE60_NOT_STRONG_TOP__TP5__SL5__H3__CAPALL,G Pro balanced,SCORE60_NOT_STRONG_TOP,5.0,5.0,3,,-79.757,-29.31,-45.842,270787.55,35,42.86,-52.394,1
G_Pro_balanced__SCORE60_NOT_STRONG_TOP__TP5__SL5__H5__CAP200K,G Pro balanced,SCORE60_NOT_STRONG_TOP,5.0,5.0,5,200000.0,-68.767,-37.393,-28.178,359109.2,39,41.03,-29.356,2
G_Pro_balanced__SCORE60_NOT_STRONG_TOP__TP5__SL5__H5__CAP500K,G Pro balanced,SCORE60_NOT_STRONG_TOP,5.0,5.0,5,500000.0,-73.872,-47.644,-45.707,271462.58,35,42.86,-52.264,1
G_Pro_balanced__SCORE60_NOT_STRONG_TOP__TP5__SL5__H5__CAPALL,G Pro balanced,SCORE60_NOT_STRONG_TOP,5.0,5.0,5,,-73.869,-48.504,-45.842,270787.55,35,42.86,-52.394,1
G_Pro_balanced__SCORE60_NOT_STRONG_TOP__TP5__SL5__H10__CAP200K,G Pro balanced,SCORE60_NOT_STRONG_TOP,5.0,5.0,10,200000.0,-69.333,-37.124,-28.178,359109.2,39,41.03,-29.356,2
G_Pro_balanced__SCORE60_NOT_STRONG_TOP__TP5__SL5__H10__CAP500K,G Pro balanced,SCORE60_NOT_STRONG_TOP,5.0,5.0,10,500000.0,-74.19,-40.47,-45.707,271462.58,35,42.86,-52.264,1
G_Pro_balanced__SCORE60_NOT_STRONG_TOP__TP5__SL5__H10__CAPALL,G Pro balanced,SCORE60_NOT_STRONG_TOP,5.0,5.0,10,,-74.206,-41.437,-45.842,270787.55,35,42.86,-52.394,1
G_Pro_balanced__SCORE60_NOT_STRONG_TOP__TP5__SL8__H3__CAP200K,G Pro balanced,SCORE60_NOT_STRONG_TOP,5.0,8.0,3,200000.0,-43.779,3.453,-15.228,423859.01,40,55.0,-21.224,2
G_Pro_balanced__SCORE60_NOT_STRONG_TOP__TP5__SL8__H3__CAP500K,G Pro balanced,SCORE60_NOT_STRONG_TOP,5.0,8.0,3,500000.0,-63.963,-12.129,-24.055,379723.93,28,57.14,-30.707,1
G_Pro_balanced__SCORE60_NOT_STRONG_TOP__TP5__SL8__H3__CAPALL,G Pro balanced,SCORE60_NOT_STRONG_TOP,5.0,8.0,3,,-64.24,-12.448,-24.564,377179.61,28,57.14,-31.171,1
G_Pro_balanced__SCORE60_NOT_STRONG_TOP__TP5__SL8__H5__CAP200K,G Pro balanced,SCORE60_NOT_STRONG_TOP,5.0,8.0,5,200000.0,-54.097,-13.17,-14.102,429489.11,40,60.0,-23.234,2
G_Pro_balanced__SCORE60_NOT_STRONG_TOP__TP5__SL8__H5__CAP500K,G Pro balanced,SCORE60_NOT_STRONG_TOP,5.0,8.0,5,500000.0,-70.244,-19.336,-21.865,390672.6,27,62.96,-32.509,1
G_Pro_balanced__SCORE60_NOT_STRONG_TOP__TP5__SL8__H5__CAPALL,G Pro balanced,SCORE60_NOT_STRONG_TOP,5.0,8.0,5,,-70.45,-19.983,-22.488,387560.74,27,62.96,-32.858,1
G_Pro_balanced__SCORE60_NOT_STRONG_TOP__TP5__SL8__H10__CAP200K,G Pro balanced,SCORE60_NOT_STRONG_TOP,5.0,8.0,10,200000.0,-60.916,-13.292,-14.102,429489.11,40,60.0,-23.234,2
G_Pro_balanced__SCORE60_NOT_STRONG_TOP__TP5__SL8__H10__CAP500K,G Pro balanced,SCORE60_NOT_STRONG_TOP,5.0,8.0,10,500000.0,-65.705,-7.313,-21.865,390672.6,27,62.96,-32.509,1
G_Pro_balanced__SCORE60_NOT_STRONG_TOP__TP5__SL8__H10__CAPALL,G Pro balanced,SCORE60_NOT_STRONG_TOP,5.0,8.0,10,,-66.222,-7.939,-22.488,387560.74,27,62.96,-32.858,1
G_Pro_balanced__SCORE60_NOT_STRONG_TOP__TP5__SL12__H3__CAP200K,G Pro balanced,SCORE60_NOT_STRONG_TOP,5.0,12.0,3,200000.0,-27.566,5.008,-14.68,426599.98,36,58.33,-26.688,2
G_Pro_balanced__SCORE60_NOT_STRONG_TOP__TP5__SL12__H3__CAP500K,G Pro balanced,SCORE60_NOT_STRONG_TOP,5.0,12.0,3,500000.0,-57.127,-12.177,-21.779,391102.91,25,60.0,-32.5,1
G_Pro_balanced__SCORE60_NOT_STRONG_TOP__TP5__SL12__H3__CAPALL,G Pro balanced,SCORE60_NOT_STRONG_TOP,5.0,12.0,3,,-57.626,-13.031,-22.359,388202.92,25,60.0,-32.993,1
G_Pro_balanced__SCORE60_NOT_STRONG_TOP__TP5__SL12__H5__CAP200K,G Pro balanced,SCORE60_NOT_STRONG_TOP,5.0,12.0,5,200000.0,-22.28,-13.408,-17.178,414112.33,36,66.67,-32.817,2
G_Pro_balanced__SCORE60_NOT_STRONG_TOP__TP5__SL12__H5__CAP500K,G Pro balanced,SCORE60_NOT_STRONG_TOP,5.0,12.0,5,500000.0,-63.49,-25.904,-29.001,354995.42,23,65.22,-40.456,1
G_Pro_balanced__SCORE60_NOT_STRONG_TOP__TP5__SL12__H5__CAPALL,G Pro balanced,SCORE60_NOT_STRONG_TOP,5.0,12.0,5,,-63.889,-27.284,-29.534,352327.75,23,65.22,-40.902,1
G_Pro_balanced__SCORE60_NOT_STRONG_TOP__TP5__SL12__H10__CAP200K,G Pro balanced,SCORE60_NOT_STRONG_TOP,5.0,12.0,10,200000.0,-33.218,-2.734,-14.166,429170.26,35,71.43,-32.593,3
G_Pro_balanced__SCORE60_NOT_STRONG_TOP__TP5__SL12__H10__CAP500K,G Pro balanced,SCORE60_NOT_STRONG_TOP,5.0,12.0,10,500000.0,-58.048,4.496,-29.001,354995.85,20,70.0,-45.69,1
G_Pro_balanced__SCORE60_NOT_STRONG_TOP__TP5__SL12__H10__CAPALL,G Pro balanced,SCORE60_NOT_STRONG_TOP,5.0,12.0,10,,-57.52,3.498,-29.38,353101.95,20,70.0,-45.983,1
G_Pro_balanced__SCORE60_NOT_STRONG_TOP__TP5__SL0__H3__CAP200K,G Pro balanced,SCORE60_NOT_STRONG_TOP,5.0,,3,200000.0,-25.781,6.493,-12.715,436423.23,37,56.76,-24.917,2
G_Pro_balanced__SCORE60_NOT_STRONG_TOP__TP5__SL0__H3__CAP500K,G Pro balanced,SCORE60_NOT_STRONG_TOP,5.0,,3,500000.0,-63.928,-22.469,-3.949,480253.71,26,61.54,-18.041,1
G_Pro_balanced__SCORE60_NOT_STRONG_TOP__TP5__SL0__H3__CAPALL,G Pro balanced,SCORE60_NOT_STRONG_TOP,5.0,,3,,-64.352,-23.248,-5.017,474914.34,25,60.0,-18.203,1
G_Pro_balanced__SCORE60_NOT_STRONG_TOP__TP5__SL0__H5__CAP200K,G Pro balanced,SCORE60_NOT_STRONG_TOP,5.0,,5,200000.0,-15.466,-9.724,-17.594,412032.26,36,69.44,-30.676,2
G_Pro_balanced__SCORE60_NOT_STRONG_TOP__TP5__SL0__H5__CAP500K,G Pro balanced,SCORE60_NOT_STRONG_TOP,5.0,,5,500000.0,-47.51,-12.226,-10.239,448807.0,22,72.73,-26.894,1
G_Pro_balanced__SCORE60_NOT_STRONG_TOP__TP5__SL0__H5__CAPALL,G Pro balanced,SCORE60_NOT_STRONG_TOP,5.0,,5,,-48.085,-13.205,-11.459,442704.57,22,72.73,-27.733,1
G_Pro_balanced__SCORE60_NOT_STRONG_TOP__TP5__SL0__H10__CAP200K,G Pro balanced,SCORE60_NOT_STRONG_TOP,5.0,,10,200000.0,-13.483,-2.08,-23.835,380827.3,30,76.67,-43.272,2
G_Pro_balanced__SCORE60_NOT_STRONG_TOP__TP5__SL0__H10__CAP500K,G Pro balanced,SCORE60_NOT_STRONG_TOP,5.0,,10,500000.0,-57.349,1.006,-18.715,406427.38,22,81.82,-51.753,1
G_Pro_balanced__SCORE60_NOT_STRONG_TOP__TP5__SL0__H10__CAPALL,G Pro balanced,SCORE60_NOT_STRONG_TOP,5.0,,10,,-57.856,0.029,-25.542,372288.82,19,84.21,-55.917,1
G_Pro_balanced__SCORE60_NOT_STRONG_TOP__TP8__SL5__H3__CAP200K,G Pro balanced,SCORE60_NOT_STRONG_TOP,8.0,5.0,3,200000.0,-53.107,-24.712,-30.287,348565.65,39,28.21,-34.735,2
G_Pro_balanced__SCORE60_NOT_STRONG_TOP__TP8__SL5__H3__CAP500K,G Pro balanced,SCORE60_NOT_STRONG_TOP,8.0,5.0,3,500000.0,-64.911,-5.076,-42.826,285870.14,32,31.25,-52.991,1
G_Pro_balanced__SCORE60_NOT_STRONG_TOP__TP8__SL5__H3__CAPALL,G Pro balanced,SCORE60_NOT_STRONG_TOP,8.0,5.0,3,,-70.092,-6.495,-42.826,285870.14,32,31.25,-52.991,1
G_Pro_balanced__SCORE60_NOT_STRONG_TOP__TP8__SL5__H5__CAP200K,G Pro balanced,SCORE60_NOT_STRONG_TOP,8.0,5.0,5,200000.0,-54.249,-41.036,-29.397,353016.22,39,28.21,-33.783,2
G_Pro_balanced__SCORE60_NOT_STRONG_TOP__TP8__SL5__H5__CAP500K,G Pro balanced,SCORE60_NOT_STRONG_TOP,8.0,5.0,5,500000.0,-60.274,-31.586,-41.468,292662.35,32,31.25,-51.874,1
G_Pro_balanced__SCORE60_NOT_STRONG_TOP__TP8__SL5__H5__CAPALL,G Pro balanced,SCORE60_NOT_STRONG_TOP,8.0,5.0,5,,-60.606,-32.521,-41.468,292662.35,32,31.25,-51.874,1
G_Pro_balanced__SCORE60_NOT_STRONG_TOP__TP8__SL5__H10__CAP200K,G Pro balanced,SCORE60_NOT_STRONG_TOP,8.0,5.0,10,200000.0,-59.336,-40.981,-30.348,348260.14,39,28.21,-34.801,2
G_Pro_balanced__SCORE60_NOT_STRONG_TOP__TP8__SL5__H10__CAP500K,G Pro balanced,SCORE60_NOT_STRONG_TOP,8.0,5.0,10,500000.0,-68.274,-18.485,-43.203,283983.79,32,31.25,-53.304,1
G_Pro_balanced__SCORE60_NOT_STRONG_TOP__TP8__SL5__H10__CAPALL,G Pro balanced,SCORE60_NOT_STRONG_TOP,8.0,5.0,10,,-68.533,-19.431,-43.203,283983.79,32,31.25,-53.304,1
G_Pro_balanced__SCORE60_NOT_STRONG_TOP__TP8__SL8__H3__CAP200K,G Pro balanced,SCORE60_NOT_STRONG_TOP,8.0,8.0,3,200000.0,-31.755,0.312,-16.63,416849.68,38,39.47,-24.38,2
G_Pro_balanced__SCORE60_NOT_STRONG_TOP__TP8__SL8__H3__CAP500K,G Pro balanced,SCORE60_NOT_STRONG_TOP,8.0,8.0,3,500000.0,-44.833,38.81,-17.502,412490.62,25,44.0,-31.979,1
G_Pro_balanced__SCORE60_NOT_STRONG_TOP__TP8__SL8__H3__CAPALL,G Pro balanced,SCORE60_NOT_STRONG_TOP,8.0,8.0,3,,-51.237,39.028,-18.0,409997.69,25,44.0,-32.392,1
G_Pro_balanced__SCORE60_NOT_STRONG_TOP__TP8__SL8__H5__CAP200K,G Pro balanced,SCORE60_NOT_STRONG_TOP,8.0,8.0,5,200000.0,-45.396,-12.592,-21.254,393731.51,36,41.67,-24.403,2
G_Pro_balanced__SCORE60_NOT_STRONG_TOP__TP8__SL8__H5__CAP500K,G Pro balanced,SCORE60_NOT_STRONG_TOP,8.0,8.0,5,500000.0,-39.107,-8.044,-1.343,493283.82,23,47.83,-30.48,1
G_Pro_balanced__SCORE60_NOT_STRONG_TOP__TP8__SL8__H5__CAPALL,G Pro balanced,SCORE60_NOT_STRONG_TOP,8.0,8.0,5,,-45.56,-9.061,-4.076,479620.11,23,47.83,-32.416,1
G_Pro_balanced__SCORE60_NOT_STRONG_TOP__TP8__SL8__H10__CAP200K,G Pro balanced,SCORE60_NOT_STRONG_TOP,8.0,8.0,10,200000.0,-63.146,-3.523,-17.541,412292.97,35,42.86,-31.455,2
G_Pro_balanced__SCORE60_NOT_STRONG_TOP__TP8__SL8__H10__CAP500K,G Pro balanced,SCORE60_NOT_STRONG_TOP,8.0,8.0,10,500000.0,-54.409,-2.749,6.594,532969.64,23,52.17,-35.377,2
G_Pro_balanced__SCORE60_NOT_STRONG_TOP__TP8__SL8__H10__CAPALL,G Pro balanced,SCORE60_NOT_STRONG_TOP,8.0,8.0,10,,-48.504,-4.779,5.925,529625.76,22,54.55,-35.377,1
G_Pro_balanced__SCORE60_NOT_STRONG_TOP__TP8__SL12__H3__CAP200K,G Pro balanced,SCORE60_NOT_STRONG_TOP,8.0,12.0,3,200000.0,-17.824,1.059,-21.135,394323.59,34,41.18,-32.76,2
G_Pro_balanced__SCORE60_NOT_STRONG_TOP__TP8__SL12__H3__CAP500K,G Pro balanced,SCORE60_NOT_STRONG_TOP,8.0,12.0,3,500000.0,-40.952,34.521,-21.096,394519.45,21,42.86,-39.339,1
G_Pro_balanced__SCORE60_NOT_STRONG_TOP__TP8__SL12__H3__CAPALL,G Pro balanced,SCORE60_NOT_STRONG_TOP,8.0,12.0,3,,-57.712,32.771,-21.907,390464.54,21,42.86,-39.981,1
G_Pro_balanced__SCORE60_NOT_STRONG_TOP__TP8__SL12__H5__CAP200K,G Pro balanced,SCORE60_NOT_STRONG_TOP,8.0,12.0,5,200000.0,-24.453,-14.628,-24.801,375993.36,33,45.45,-35.81,2
G_Pro_balanced__SCORE60_NOT_STRONG_TOP__TP8__SL12__H5__CAP500K,G Pro balanced,SCORE60_NOT_STRONG_TOP,8.0,12.0,5,500000.0,-25.838,-7.502,-26.134,369331.69,20,45.0,-45.169,1
G_Pro_balanced__SCORE60_NOT_STRONG_TOP__TP8__SL12__H5__CAPALL,G Pro balanced,SCORE60_NOT_STRONG_TOP,8.0,12.0,5,,-42.511,-8.117,-26.231,368847.11,20,45.0,-45.245,1
G_Pro_balanced__SCORE60_NOT_STRONG_TOP__TP8__SL12__H10__CAP200K,G Pro balanced,SCORE60_NOT_STRONG_TOP,8.0,12.0,10,200000.0,-35.107,0.024,6.723,533614.34,34,61.76,-21.257,3
G_Pro_balanced__SCORE60_NOT_STRONG_TOP__TP8__SL12__H10__CAP500K,G Pro balanced,SCORE60_NOT_STRONG_TOP,8.0,12.0,10,500000.0,-61.453,-14.371,45.603,728017.45,21,71.43,-26.458,3
G_Pro_balanced__SCORE60_NOT_STRONG_TOP__TP8__SL12__H10__CAPALL,G Pro balanced,SCORE60_NOT_STRONG_TOP,8.0,12.0,10,,-50.368,-15.641,48.582,742910.14,16,75.0,-28.339,1
G_Pro_balanced__SCORE60_NOT_STRONG_TOP__TP8__SL0__H3__CAP200K,G Pro balanced,SCORE60_NOT_STRONG_TOP,8.0,,3,200000.0,-20.147,1.925,-18.615,406923.66,34,41.18,-30.513,2
G_Pro_balanced__SCORE60_NOT_STRONG_TOP__TP8__SL0__H3__CAP500K,G Pro balanced,SCORE60_NOT_STRONG_TOP,8.0,,3,500000.0,-58.53,-3.937,-7.781,461093.6,20,40.0,-28.9,1
G_Pro_balanced__SCORE60_NOT_STRONG_TOP__TP8__SL0__H3__CAPALL,G Pro balanced,SCORE60_NOT_STRONG_TOP,8.0,,3,,-67.416,-7.459,-8.584,457081.08,20,40.0,-29.517,1
G_Pro_balanced__SCORE60_NOT_STRONG_TOP__TP8__SL0__H5__CAP200K,G Pro balanced,SCORE60_NOT_STRONG_TOP,8.0,,5,200000.0,-9.42,-13.234,-26.602,366992.25,33,48.48,-36.014,2
G_Pro_balanced__SCORE60_NOT_STRONG_TOP__TP8__SL0__H5__CAP500K,G Pro balanced,SCORE60_NOT_STRONG_TOP,8.0,,5,500000.0,15.132,-18.989,-8.259,458705.74,17,47.06,-28.445,1
G_Pro_balanced__SCORE60_NOT_STRONG_TOP__TP8__SL0__H5__CAPALL,G Pro balanced,SCORE60_NOT_STRONG_TOP,8.0,,5,,5.415,-20.046,-8.257,458712.83,17,47.06,-28.443,1
G_Pro_balanced__SCORE60_NOT_STRONG_TOP__TP8__SL0__H10__CAP200K,G Pro balanced,SCORE60_NOT_STRONG_TOP,8.0,,10,200000.0,-26.421,6.889,13.356,566777.5,30,70.0,-23.108,3
G_Pro_balanced__SCORE60_NOT_STRONG_TOP__TP8__SL0__H10__CAP500K,G Pro balanced,SCORE60_NOT_STRONG_TOP,8.0,,10,500000.0,-52.784,44.824,73.885,869425.23,23,73.91,-15.572,3
G_Pro_balanced__SCORE60_NOT_STRONG_TOP__TP8__SL0__H10__CAPALL,G Pro balanced,SCORE60_NOT_STRONG_TOP,8.0,,10,,-43.137,33.593,121.056,1105281.25,14,85.71,-14.752,1
G_Pro_balanced__SCORE60_NOT_STRONG_TOP__TP10__SL5__H3__CAP200K,G Pro balanced,SCORE60_NOT_STRONG_TOP,10.0,5.0,3,200000.0,-36.945,-24.095,-38.081,309593.77,39,23.08,-40.666,2
G_Pro_balanced__SCORE60_NOT_STRONG_TOP__TP10__SL5__H3__CAP500K,G Pro balanced,SCORE60_NOT_STRONG_TOP,10.0,5.0,3,500000.0,-58.401,-20.905,-48.09,259548.8,29,27.59,-54.721,1
G_Pro_balanced__SCORE60_NOT_STRONG_TOP__TP10__SL5__H3__CAPALL,G Pro balanced,SCORE60_NOT_STRONG_TOP,10.0,5.0,3,,-65.791,-22.947,-48.09,259548.8,29,27.59,-54.721,1
G_Pro_balanced__SCORE60_NOT_STRONG_TOP__TP10__SL5__H5__CAP200K,G Pro balanced,SCORE60_NOT_STRONG_TOP,10.0,5.0,5,200000.0,-57.881,-34.857,-40.644,296781.3,39,17.95,-41.243,2
G_Pro_balanced__SCORE60_NOT_STRONG_TOP__TP10__SL5__H5__CAP500K,G Pro balanced,SCORE60_NOT_STRONG_TOP,10.0,5.0,5,500000.0,-75.914,-28.119,-48.377,258115.45,28,21.43,-52.861,1
G_Pro_balanced__SCORE60_NOT_STRONG_TOP__TP10__SL5__H5__CAPALL,G Pro balanced,SCORE60_NOT_STRONG_TOP,10.0,5.0,5,,-75.969,-28.261,-48.377,258115.45,28,21.43,-52.861,1
G_Pro_balanced__SCORE60_NOT_STRONG_TOP__TP10__SL5__H10__CAP200K,G Pro balanced,SCORE60_NOT_STRONG_TOP,10.0,5.0,10,200000.0,-50.397,-30.655,-42.663,286683.63,39,17.95,-43.597,2
G_Pro_balanced__SCORE60_NOT_STRONG_TOP__TP10__SL5__H10__CAP500K,G Pro balanced,SCORE60_NOT_STRONG_TOP,10.0,5.0,10,500000.0,-68.033,-18.014,-51.899,240503.29,28,21.43,-56.079,1
G_Pro_balanced__SCORE60_NOT_STRONG_TOP__TP10__SL5__H10__CAPALL,G Pro balanced,SCORE60_NOT_STRONG_TOP,10.0,5.0,10,,-68.088,-19.909,-51.899,240503.29,28,21.43,-56.079,1
G_Pro_balanced__SCORE60_NOT_STRONG_TOP__TP10__SL8__H3__CAP200K,G Pro balanced,SCORE60_NOT_STRONG_TOP,10.0,8.0,3,200000.0,-3.589,0.808,-22.157,389213.84,38,36.84,-24.939,2
G_Pro_balanced__SCORE60_NOT_STRONG_TOP__TP10__SL8__H3__CAP500K,G Pro balanced,SCORE60_NOT_STRONG_TOP,10.0,8.0,3,500000.0,-1.836,2.786,-22.826,385869.99,24,37.5,-33.369,1
G_Pro_balanced__SCORE60_NOT_STRONG_TOP__TP10__SL8__H3__CAPALL,G Pro balanced,SCORE60_NOT_STRONG_TOP,10.0,8.0,3,,-50.628,-1.043,-23.722,381389.57,24,37.5,-34.192,1
G_Pro_balanced__SCORE60_NOT_STRONG_TOP__TP10__SL8__H5__CAP200K,G Pro balanced,SCORE60_NOT_STRONG_TOP,10.0,8.0,5,200000.0,-35.797,-21.513,-25.507,372465.17,35,34.29,-27.68,1
G_Pro_balanced__SCORE60_NOT_STRONG_TOP__TP10__SL8__H5__CAP500K,G Pro balanced,SCORE60_NOT_STRONG_TOP,10.0,8.0,5,500000.0,-43.281,13.169,-13.63,431849.85,23,39.13,-37.72,0
G_Pro_balanced__SCORE60_NOT_STRONG_TOP__TP10__SL8__H5__CAPALL,G Pro balanced,SCORE60_NOT_STRONG_TOP,10.0,8.0,5,,-53.117,8.998,-16.582,417091.2,23,39.13,-40.275,0
G_Pro_balanced__SCORE60_NOT_STRONG_TOP__TP10__SL8__H10__CAP200K,G Pro balanced,SCORE60_NOT_STRONG_TOP,10.0,8.0,10,200000.0,-38.013,-14.431,-20.338,398311.14,33,36.36,-33.068,3
G_Pro_balanced__SCORE60_NOT_STRONG_TOP__TP10__SL8__H10__CAP500K,G Pro balanced,SCORE60_NOT_STRONG_TOP,10.0,8.0,10,500000.0,-48.258,-28.431,-21.561,392194.3,21,42.86,-41.38,1
G_Pro_balanced__SCORE60_NOT_STRONG_TOP__TP10__SL8__H10__CAPALL,G Pro balanced,SCORE60_NOT_STRONG_TOP,10.0,8.0,10,,-48.51,-29.575,-21.561,392194.3,21,42.86,-41.38,1
G_Pro_balanced__SCORE60_NOT_STRONG_TOP__TP10__SL12__H3__CAP200K,G Pro balanced,SCORE60_NOT_STRONG_TOP,10.0,12.0,3,200000.0,1.114,4.559,-23.691,381545.4,34,38.24,-30.573,2
G_Pro_balanced__SCORE60_NOT_STRONG_TOP__TP10__SL12__H3__CAP500K,G Pro balanced,SCORE60_NOT_STRONG_TOP,10.0,12.0,3,500000.0,12.438,-2.054,-29.336,353317.67,21,38.1,-43.204,1
G_Pro_balanced__SCORE60_NOT_STRONG_TOP__TP10__SL12__H3__CAPALL,G Pro balanced,SCORE60_NOT_STRONG_TOP,10.0,12.0,3,,-37.408,-6.315,-30.324,348378.1,21,38.1,-43.999,1
G_Pro_balanced__SCORE60_NOT_STRONG_TOP__TP10__SL12__H5__CAP200K,G Pro balanced,SCORE60_NOT_STRONG_TOP,10.0,12.0,5,200000.0,-8.967,-3.825,-20.848,395758.02,33,42.42,-34.049,2
G_Pro_balanced__SCORE60_NOT_STRONG_TOP__TP10__SL12__H5__CAP500K,G Pro balanced,SCORE60_NOT_STRONG_TOP,10.0,12.0,5,500000.0,-60.381,11.959,-20.716,396419.46,20,45.0,-41.585,1
G_Pro_balanced__SCORE60_NOT_STRONG_TOP__TP10__SL12__H5__CAPALL,G Pro balanced,SCORE60_NOT_STRONG_TOP,10.0,12.0,5,,-61.72,9.29,-20.754,396228.18,20,45.0,-41.628,1
G_Pro_balanced__SCORE60_NOT_STRONG_TOP__TP10__SL12__H10__CAP200K,G Pro balanced,SCORE60_NOT_STRONG_TOP,10.0,12.0,10,200000.0,-18.894,-23.446,6.709,533544.42,29,58.62,-18.842,3
G_Pro_balanced__SCORE60_NOT_STRONG_TOP__TP10__SL12__H10__CAP500K,G Pro balanced,SCORE60_NOT_STRONG_TOP,10.0,12.0,10,500000.0,1.476,-34.781,19.287,596435.8,18,66.67,-25.811,2
G_Pro_balanced__SCORE60_NOT_STRONG_TOP__TP10__SL12__H10__CAPALL,G Pro balanced,SCORE60_NOT_STRONG_TOP,10.0,12.0,10,,-27.747,-36.1,16.939,584695.19,14,64.29,-26.906,1
G_Pro_balanced__SCORE60_NOT_STRONG_TOP__TP10__SL0__H3__CAP200K,G Pro balanced,SCORE60_NOT_STRONG_TOP,10.0,,3,200000.0,1.226,5.689,-21.291,393544.65,34,38.24,-28.463,2
G_Pro_balanced__SCORE60_NOT_STRONG_TOP__TP10__SL0__H3__CAP500K,G Pro balanced,SCORE60_NOT_STRONG_TOP,10.0,,3,500000.0,-45.266,-2.892,-25.874,370631.59,21,33.33,-41.346,1
G_Pro_balanced__SCORE60_NOT_STRONG_TOP__TP10__SL0__H3__CAPALL,G Pro balanced,SCORE60_NOT_STRONG_TOP,10.0,,3,,-50.281,-7.03,-26.328,368361.03,20,35.0,-41.111,1
G_Pro_balanced__SCORE60_NOT_STRONG_TOP__TP10__SL0__H5__CAP200K,G Pro balanced,SCORE60_NOT_STRONG_TOP,10.0,,5,200000.0,-1.398,0.493,-26.435,367825.53,33,42.42,-35.976,2
G_Pro_balanced__SCORE60_NOT_STRONG_TOP__TP10__SL0__H5__CAP500K,G Pro balanced,SCORE60_NOT_STRONG_TOP,10.0,,5,500000.0,9.474,-4.965,-18.812,405939.74,17,47.06,-35.99,1
G_Pro_balanced__SCORE60_NOT_STRONG_TOP__TP10__SL0__H5__CAPALL,G Pro balanced,SCORE60_NOT_STRONG_TOP,10.0,,5,,-17.464,-6.585,-18.886,405569.29,17,47.06,-36.041,1
G_Pro_balanced__SCORE60_NOT_STRONG_TOP__TP10__SL0__H10__CAP200K,G Pro balanced,SCORE60_NOT_STRONG_TOP,10.0,,10,200000.0,-19.564,-6.016,11.083,555416.08,26,65.38,-22.592,3
G_Pro_balanced__SCORE60_NOT_STRONG_TOP__TP10__SL0__H10__CAP500K,G Pro balanced,SCORE60_NOT_STRONG_TOP,10.0,,10,500000.0,-54.884,8.97,69.278,846389.25,19,68.42,-15.615,3
G_Pro_balanced__SCORE60_NOT_STRONG_TOP__TP10__SL0__H10__CAPALL,G Pro balanced,SCORE60_NOT_STRONG_TOP,10.0,,10,,-54.523,-5.412,110.841,1054204.26,12,83.33,-15.316,1
G_Pro_quality__SCORE50__TP3__SL5__H3__CAP200K,G Pro quality,SCORE50,3.0,5.0,3,200000.0,-48.213,-51.655,-21.076,394619.16,42,54.76,-22.084,1
G_Pro_quality__SCORE50__TP3__SL5__H3__CAP500K,G Pro quality,SCORE50,3.0,5.0,3,500000.0,-70.07,-66.261,-34.541,327293.14,32,56.25,-37.104,1
G_Pro_quality__SCORE50__TP3__SL5__H3__CAPALL,G Pro quality,SCORE50,3.0,5.0,3,,-70.07,-66.261,-34.628,326861.12,32,56.25,-37.19,1
G_Pro_quality__SCORE50__TP3__SL5__H5__CAP200K,G Pro quality,SCORE50,3.0,5.0,5,200000.0,-50.547,-50.767,-19.803,400983.35,42,57.14,-20.83,1
G_Pro_quality__SCORE50__TP3__SL5__H5__CAP500K,G Pro quality,SCORE50,3.0,5.0,5,500000.0,-72.731,-67.203,-32.315,338423.3,32,59.38,-36.745,1
G_Pro_quality__SCORE50__TP3__SL5__H5__CAPALL,G Pro quality,SCORE50,3.0,5.0,5,,-72.731,-67.203,-32.411,337942.85,32,59.38,-36.835,1
G_Pro_quality__SCORE50__TP3__SL5__H10__CAP200K,G Pro quality,SCORE50,3.0,5.0,10,200000.0,-49.002,-48.31,-19.803,400983.35,42,57.14,-20.83,1
G_Pro_quality__SCORE50__TP3__SL5__H10__CAP500K,G Pro quality,SCORE50,3.0,5.0,10,500000.0,-72.391,-67.9,-32.315,338423.3,32,59.38,-36.745,1
G_Pro_quality__SCORE50__TP3__SL5__H10__CAPALL,G Pro quality,SCORE50,3.0,5.0,10,,-72.391,-67.9,-32.411,337942.85,32,59.38,-36.835,1
G_Pro_quality__SCORE50__TP3__SL8__H3__CAP200K,G Pro quality,SCORE50,3.0,8.0,3,200000.0,-43.155,-41.268,-24.709,376455.35,40,62.5,-26.218,1
G_Pro_quality__SCORE50__TP3__SL8__H3__CAP500K,G Pro quality,SCORE50,3.0,8.0,3,500000.0,-66.493,-48.382,-41.112,294438.98,30,60.0,-51.352,0
G_Pro_quality__SCORE50__TP3__SL8__H3__CAPALL,G Pro quality,SCORE50,3.0,8.0,3,,-66.493,-48.382,-41.261,293697.2,30,60.0,-51.48,0
G_Pro_quality__SCORE50__TP3__SL8__H5__CAP200K,G Pro quality,SCORE50,3.0,8.0,5,200000.0,-39.5,-40.151,-24.671,376643.67,39,66.67,-25.884,1
G_Pro_quality__SCORE50__TP3__SL8__H5__CAP500K,G Pro quality,SCORE50,3.0,8.0,5,500000.0,-45.544,-45.752,-42.642,286792.42,29,65.52,-51.352,1
G_Pro_quality__SCORE50__TP3__SL8__H5__CAPALL,G Pro quality,SCORE50,3.0,8.0,5,,-45.544,-46.128,-42.787,286062.58,29,65.52,-51.48,1
G_Pro_quality__SCORE50__TP3__SL8__H10__CAP200K,G Pro quality,SCORE50,3.0,8.0,10,200000.0,-43.254,-34.176,-24.671,376643.67,39,66.67,-25.884,1
G_Pro_quality__SCORE50__TP3__SL8__H10__CAP500K,G Pro quality,SCORE50,3.0,8.0,10,500000.0,-50.201,-49.851,-42.642,286792.42,29,65.52,-51.352,1
G_Pro_quality__SCORE50__TP3__SL8__H10__CAPALL,G Pro quality,SCORE50,3.0,8.0,10,,-50.214,-50.136,-42.787,286062.58,29,65.52,-51.48,1
G_Pro_quality__SCORE50__TP3__SL12__H3__CAP200K,G Pro quality,SCORE50,3.0,12.0,3,200000.0,-40.61,-35.651,-12.637,436816.59,41,70.73,-15.722,1
G_Pro_quality__SCORE50__TP3__SL12__H3__CAP500K,G Pro quality,SCORE50,3.0,12.0,3,500000.0,-55.115,-45.602,-20.876,395619.08,28,71.43,-37.98,0
G_Pro_quality__SCORE50__TP3__SL12__H3__CAPALL,G Pro quality,SCORE50,3.0,12.0,3,,-55.115,-45.602,-21.533,392336.08,28,71.43,-38.574,0
G_Pro_quality__SCORE50__TP3__SL12__H5__CAP200K,G Pro quality,SCORE50,3.0,12.0,5,200000.0,-34.811,-36.177,-5.605,471973.86,40,80.0,-16.404,1
G_Pro_quality__SCORE50__TP3__SL12__H5__CAP500K,G Pro quality,SCORE50,3.0,12.0,5,500000.0,-32.651,-38.598,-21.675,391622.63,26,80.77,-41.249,1
G_Pro_quality__SCORE50__TP3__SL12__H5__CAPALL,G Pro quality,SCORE50,3.0,12.0,5,,-32.651,-39.03,-22.35,388249.98,26,80.77,-41.813,1
G_Pro_quality__SCORE50__TP3__SL12__H10__CAP200K,G Pro quality,SCORE50,3.0,12.0,10,200000.0,-34.985,-36.268,-7.152,464241.05,37,83.78,-16.404,3
G_Pro_quality__SCORE50__TP3__SL12__H10__CAP500K,G Pro quality,SCORE50,3.0,12.0,10,500000.0,-54.939,-55.362,-17.035,414825.91,25,84.0,-41.249,1
G_Pro_quality__SCORE50__TP3__SL12__H10__CAPALL,G Pro quality,SCORE50,3.0,12.0,10,,-54.939,-55.72,-17.749,411255.68,25,84.0,-41.813,1
G_Pro_quality__SCORE50__TP3__SL0__H3__CAP200K,G Pro quality,SCORE50,3.0,,3,200000.0,-40.453,-35.511,-3.947,480263.86,41,70.73,-13.487,1
G_Pro_quality__SCORE50__TP3__SL0__H3__CAP500K,G Pro quality,SCORE50,3.0,,3,500000.0,-65.168,-47.228,8.514,542572.04,36,72.22,-16.793,1
G_Pro_quality__SCORE50__TP3__SL0__H3__CAPALL,G Pro quality,SCORE50,3.0,,3,,-65.168,-47.228,10.981,554906.75,29,75.86,-17.292,0
G_Pro_quality__SCORE50__TP3__SL0__H5__CAP200K,G Pro quality,SCORE50,3.0,,5,200000.0,-25.303,-36.189,11.255,556276.51,39,87.18,-10.071,1
G_Pro_quality__SCORE50__TP3__SL0__H5__CAP500K,G Pro quality,SCORE50,3.0,,5,500000.0,-23.68,-44.407,3.901,519503.46,31,83.87,-25.957,1
G_Pro_quality__SCORE50__TP3__SL0__H5__CAPALL,G Pro quality,SCORE50,3.0,,5,,-23.68,-44.913,1.361,506806.42,23,86.96,-28.106,1
G_Pro_quality__SCORE50__TP3__SL0__H10__CAP200K,G Pro quality,SCORE50,3.0,,10,200000.0,-16.249,-35.806,7.29,536448.1,36,91.67,-12.159,3
G_Pro_quality__SCORE50__TP3__SL0__H10__CAP500K,G Pro quality,SCORE50,3.0,,10,500000.0,-45.864,-52.865,6.124,530622.48,27,88.89,-27.203,2
G_Pro_quality__SCORE50__TP3__SL0__H10__CAPALL,G Pro quality,SCORE50,3.0,,10,,-45.864,-53.14,4.189,520947.07,19,89.47,-30.237,1
G_Pro_quality__SCORE50__TP5__SL5__H3__CAP200K,G Pro quality,SCORE50,5.0,5.0,3,200000.0,-34.427,-45.931,-8.046,459769.8,41,48.78,-14.719,1
G_Pro_quality__SCORE50__TP5__SL5__H3__CAP500K,G Pro quality,SCORE50,5.0,5.0,3,500000.0,-57.896,-66.55,-8.176,459119.34,29,48.28,-20.714,1
G_Pro_quality__SCORE50__TP5__SL5__H3__CAPALL,G Pro quality,SCORE50,5.0,5.0,3,,-57.896,-66.55,-8.513,457432.62,27,51.85,-20.75,1
G_Pro_quality__SCORE50__TP5__SL5__H5__CAP200K,G Pro quality,SCORE50,5.0,5.0,5,200000.0,-37.56,-45.846,-6.6,467001.44,41,51.22,-13.352,1
G_Pro_quality__SCORE50__TP5__SL5__H5__CAP500K,G Pro quality,SCORE50,5.0,5.0,5,500000.0,-66.412,-69.299,-4.502,477491.68,29,51.72,-20.711,1
G_Pro_quality__SCORE50__TP5__SL5__H5__CAPALL,G Pro quality,SCORE50,5.0,5.0,5,,-66.412,-69.299,-4.859,475705.45,27,55.56,-20.75,1
G_Pro_quality__SCORE50__TP5__SL5__H10__CAP200K,G Pro quality,SCORE50,5.0,5.0,10,200000.0,-35.884,-29.822,-3.871,480645.39,41,53.66,-12.043,1
G_Pro_quality__SCORE50__TP5__SL5__H10__CAP500K,G Pro quality,SCORE50,5.0,5.0,10,500000.0,-65.41,-58.046,3.046,515231.99,31,54.84,-20.711,1
G_Pro_quality__SCORE50__TP5__SL5__H10__CAPALL,G Pro quality,SCORE50,5.0,5.0,10,,-65.41,-58.046,2.245,511226.67,27,59.26,-20.75,1
G_Pro_quality__SCORE50__TP5__SL8__H3__CAP200K,G Pro quality,SCORE50,5.0,8.0,3,200000.0,-37.771,-43.32,-14.009,429957.12,41,53.66,-19.841,1
G_Pro_quality__SCORE50__TP5__SL8__H3__CAP500K,G Pro quality,SCORE50,5.0,8.0,3,500000.0,-40.305,-63.086,-10.074,449628.8,25,56.0,-27.823,0
G_Pro_quality__SCORE50__TP5__SL8__H3__CAPALL,G Pro quality,SCORE50,5.0,8.0,3,,-40.341,-63.086,-10.315,448423.46,25,56.0,-27.968,0
G_Pro_quality__SCORE50__TP5__SL8__H5__CAP200K,G Pro quality,SCORE50,5.0,8.0,5,200000.0,-32.26,-51.399,-15.675,421627.46,40,57.5,-21.46,1
G_Pro_quality__SCORE50__TP5__SL8__H5__CAP500K,G Pro quality,SCORE50,5.0,8.0,5,500000.0,4.075,-66.794,-15.722,421392.44,24,62.5,-30.92,1
G_Pro_quality__SCORE50__TP5__SL8__H5__CAPALL,G Pro quality,SCORE50,5.0,8.0,5,,1.876,-66.794,-15.909,420453.68,24,62.5,-31.081,1
G_Pro_quality__SCORE50__TP5__SL8__H10__CAP200K,G Pro quality,SCORE50,5.0,8.0,10,200000.0,-36.735,-25.361,-12.924,435378.36,40,60.0,-21.46,1
G_Pro_quality__SCORE50__TP5__SL8__H10__CAP500K,G Pro quality,SCORE50,5.0,8.0,10,500000.0,-26.465,-55.291,-9.43,452850.38,24,66.67,-30.92,1
G_Pro_quality__SCORE50__TP5__SL8__H10__CAPALL,G Pro quality,SCORE50,5.0,8.0,10,,-26.885,-55.291,-9.624,451880.12,24,66.67,-31.081,1
G_Pro_quality__SCORE50__TP5__SL12__H3__CAP200K,G Pro quality,SCORE50,5.0,12.0,3,200000.0,-25.493,-32.698,-10.895,445526.07,39,56.41,-19.448,1
G_Pro_quality__SCORE50__TP5__SL12__H3__CAP500K,G Pro quality,SCORE50,5.0,12.0,3,500000.0,-24.522,-61.922,-14.907,425463.19,23,56.52,-38.565,0
G_Pro_quality__SCORE50__TP5__SL12__H3__CAPALL,G Pro quality,SCORE50,5.0,12.0,3,,-24.522,-61.922,-16.33,418351.76,23,56.52,-39.883,0
G_Pro_quality__SCORE50__TP5__SL12__H5__CAP200K,G Pro quality,SCORE50,5.0,12.0,5,200000.0,-29.161,-34.701,-5.295,473527.03,38,65.79,-24.165,1
G_Pro_quality__SCORE50__TP5__SL12__H5__CAP500K,G Pro quality,SCORE50,5.0,12.0,5,500000.0,-21.03,-54.662,-22.512,387438.77,21,66.67,-46.738,1
G_Pro_quality__SCORE50__TP5__SL12__H5__CAPALL,G Pro quality,SCORE50,5.0,12.0,5,,-21.03,-54.662,-23.792,381041.6,21,66.67,-47.879,1
G_Pro_quality__SCORE50__TP5__SL12__H10__CAP200K,G Pro quality,SCORE50,5.0,12.0,10,200000.0,-32.97,-38.176,-6.358,468210.53,35,71.43,-24.165,3
G_Pro_quality__SCORE50__TP5__SL12__H10__CAP500K,G Pro quality,SCORE50,5.0,12.0,10,500000.0,-36.367,-61.304,-11.784,441080.67,20,75.0,-46.738,1
G_Pro_quality__SCORE50__TP5__SL12__H10__CAPALL,G Pro quality,SCORE50,5.0,12.0,10,,-36.367,-61.304,-13.241,433793.54,20,75.0,-47.879,1
G_Pro_quality__SCORE50__TP5__SL0__H3__CAP200K,G Pro quality,SCORE50,5.0,,3,200000.0,-33.83,-33.336,-5.511,472443.97,39,56.41,-16.483,1
G_Pro_quality__SCORE50__TP5__SL0__H3__CAP500K,G Pro quality,SCORE50,5.0,,3,500000.0,-31.301,-64.419,18.089,590442.93,36,61.11,-20.03,1
G_Pro_quality__SCORE50__TP5__SL0__H3__CAPALL,G Pro quality,SCORE50,5.0,,3,,-31.301,-64.419,23.052,615261.32,24,62.5,-20.901,0
G_Pro_quality__SCORE50__TP5__SL0__H5__CAP200K,G Pro quality,SCORE50,5.0,,5,200000.0,-35.155,-37.764,3.939,519693.79,37,72.97,-23.46,1
G_Pro_quality__SCORE50__TP5__SL0__H5__CAP500K,G Pro quality,SCORE50,5.0,,5,500000.0,-50.608,-40.011,9.923,549613.91,31,74.19,-31.419,1
G_Pro_quality__SCORE50__TP5__SL0__H5__CAPALL,G Pro quality,SCORE50,5.0,,5,,-50.608,-40.011,3.322,516611.0,20,75.0,-34.903,1
G_Pro_quality__SCORE50__TP5__SL0__H10__CAP200K,G Pro quality,SCORE50,5.0,,10,200000.0,-45.698,-30.439,-12.078,439610.74,31,80.65,-31.61,3
G_Pro_quality__SCORE50__TP5__SL0__H10__CAP500K,G Pro quality,SCORE50,5.0,,10,500000.0,-38.937,-59.141,24.483,622415.38,27,85.19,-27.344,2
G_Pro_quality__SCORE50__TP5__SL0__H10__CAPALL,G Pro quality,SCORE50,5.0,,10,,-38.937,-59.141,35.849,679244.37,17,88.24,-26.679,1
G_Pro_quality__SCORE50__TP8__SL5__H3__CAP200K,G Pro quality,SCORE50,8.0,5.0,3,200000.0,-35.29,-45.34,6.99,534949.73,39,46.15,-14.082,2
G_Pro_quality__SCORE50__TP8__SL5__H3__CAP500K,G Pro quality,SCORE50,8.0,5.0,3,500000.0,-51.95,-67.222,33.167,665832.87,35,51.43,-24.257,2
G_Pro_quality__SCORE50__TP8__SL5__H3__CAPALL,G Pro quality,SCORE50,8.0,5.0,3,,-51.95,-67.224,33.49,667447.96,26,53.85,-25.584,1
G_Pro_quality__SCORE50__TP8__SL5__H5__CAP200K,G Pro quality,SCORE50,8.0,5.0,5,200000.0,-34.379,-51.19,9.848,549239.08,39,48.72,-13.879,2
G_Pro_quality__SCORE50__TP8__SL5__H5__CAP500K,G Pro quality,SCORE50,8.0,5.0,5,500000.0,-65.027,-59.163,40.738,703692.28,36,52.78,-23.844,2
G_Pro_quality__SCORE50__TP8__SL5__H5__CAPALL,G Pro quality,SCORE50,8.0,5.0,5,,-65.027,-59.257,44.326,721630.63,26,57.69,-25.599,1
G_Pro_quality__SCORE50__TP8__SL5__H10__CAP200K,G Pro quality,SCORE50,8.0,5.0,10,200000.0,-25.479,-11.551,10.255,551274.38,39,48.72,-13.879,2
G_Pro_quality__SCORE50__TP8__SL5__H10__CAP500K,G Pro quality,SCORE50,8.0,5.0,10,500000.0,-55.524,-29.266,41.675,708372.8,36,52.78,-23.844,2
G_Pro_quality__SCORE50__TP8__SL5__H10__CAPALL,G Pro quality,SCORE50,8.0,5.0,10,,-55.524,-29.662,45.432,727160.16,26,57.69,-25.599,1
G_Pro_quality__SCORE50__TP8__SL8__H3__CAP200K,G Pro quality,SCORE50,8.0,8.0,3,200000.0,-10.842,-36.514,-2.983,485084.65,39,48.72,-20.515,2
G_Pro_quality__SCORE50__TP8__SL8__H3__CAP500K,G Pro quality,SCORE50,8.0,8.0,3,500000.0,-16.812,-59.335,-11.872,440640.03,25,40.0,-29.129,1
G_Pro_quality__SCORE50__TP8__SL8__H3__CAPALL,G Pro quality,SCORE50,8.0,8.0,3,,-17.305,-59.335,-11.478,442611.33,22,45.45,-28.185,1
G_Pro_quality__SCORE50__TP8__SL8__H5__CAP200K,G Pro quality,SCORE50,8.0,8.0,5,200000.0,-18.275,-47.045,-3.371,483144.61,38,52.63,-21.716,2
G_Pro_quality__SCORE50__TP8__SL8__H5__CAP500K,G Pro quality,SCORE50,8.0,8.0,5,500000.0,-5.94,-69.153,-11.301,443493.68,25,48.0,-30.588,1
G_Pro_quality__SCORE50__TP8__SL8__H5__CAPALL,G Pro quality,SCORE50,8.0,8.0,5,,-5.94,-69.153,-10.856,445718.79,22,54.55,-29.662,1
G_Pro_quality__SCORE50__TP8__SL8__H10__CAP200K,G Pro quality,SCORE50,8.0,8.0,10,200000.0,-26.26,-1.313,-3.979,480103.81,38,52.63,-21.716,2
G_Pro_quality__SCORE50__TP8__SL8__H10__CAP500K,G Pro quality,SCORE50,8.0,8.0,10,500000.0,3.184,-36.144,-23.36,383197.95,25,44.0,-39.28,1
G_Pro_quality__SCORE50__TP8__SL8__H10__CAPALL,G Pro quality,SCORE50,8.0,8.0,10,,2.008,-36.144,-22.974,385132.11,22,50.0,-38.499,1
G_Pro_quality__SCORE50__TP8__SL12__H3__CAP200K,G Pro quality,SCORE50,8.0,12.0,3,200000.0,3.975,-45.495,-4.745,476273.54,37,51.35,-18.776,2
G_Pro_quality__SCORE50__TP8__SL12__H3__CAP500K,G Pro quality,SCORE50,8.0,12.0,3,500000.0,15.435,-75.214,-18.594,407027.64,25,48.0,-37.868,1
G_Pro_quality__SCORE50__TP8__SL12__H3__CAPALL,G Pro quality,SCORE50,8.0,12.0,3,,3.362,-75.214,-21.743,391284.38,20,45.0,-42.526,1
G_Pro_quality__SCORE50__TP8__SL12__H5__CAP200K,G Pro quality,SCORE50,8.0,12.0,5,200000.0,-10.655,-49.651,1.893,509466.95,36,61.11,-18.219,2
G_Pro_quality__SCORE50__TP8__SL12__H5__CAP500K,G Pro quality,SCORE50,8.0,12.0,5,500000.0,-8.19,-50.939,-17.292,413540.24,24,58.33,-35.682,1
G_Pro_quality__SCORE50__TP8__SL12__H5__CAPALL,G Pro quality,SCORE50,8.0,12.0,5,,-8.19,-50.939,-23.068,384659.68,19,57.89,-42.795,1
G_Pro_quality__SCORE50__TP8__SL12__H10__CAP200K,G Pro quality,SCORE50,8.0,12.0,10,200000.0,-23.501,-30.524,1.628,508137.83,34,64.71,-18.219,3
G_Pro_quality__SCORE50__TP8__SL12__H10__CAP500K,G Pro quality,SCORE50,8.0,12.0,10,500000.0,21.006,-60.895,-11.14,444301.58,23,60.87,-37.282,1
G_Pro_quality__SCORE50__TP8__SL12__H10__CAPALL,G Pro quality,SCORE50,8.0,12.0,10,,32.661,-60.895,-17.347,413265.31,18,61.11,-44.217,1
G_Pro_quality__SCORE50__TP8__SL0__H3__CAP200K,G Pro quality,SCORE50,8.0,,3,200000.0,1.631,-47.751,1.34,506701.05,37,51.35,-19.485,2
G_Pro_quality__SCORE50__TP8__SL0__H3__CAP500K,G Pro quality,SCORE50,8.0,,3,500000.0,-21.372,-77.178,36.466,682329.46,34,55.88,-24.512,2
G_Pro_quality__SCORE50__TP8__SL0__H3__CAPALL,G Pro quality,SCORE50,8.0,,3,,-21.372,-77.178,51.057,755283.88,22,59.09,-27.007,1
G_Pro_quality__SCORE50__TP8__SL0__H5__CAP200K,G Pro quality,SCORE50,8.0,,5,200000.0,-17.849,-48.235,15.423,577114.32,35,68.57,-21.725,2
G_Pro_quality__SCORE50__TP8__SL0__H5__CAP500K,G Pro quality,SCORE50,8.0,,5,500000.0,-41.272,-49.28,-4.664,476678.88,29,68.97,-29.93,1
G_Pro_quality__SCORE50__TP8__SL0__H5__CAPALL,G Pro quality,SCORE50,8.0,,5,,-41.272,-49.28,-13.882,430592.45,17,58.82,-36.333,1
G_Pro_quality__SCORE50__TP8__SL0__H10__CAP200K,G Pro quality,SCORE50,8.0,,10,200000.0,-37.504,-5.51,1.695,508475.47,32,75.0,-29.96,3
G_Pro_quality__SCORE50__TP8__SL0__H10__CAP500K,G Pro quality,SCORE50,8.0,,10,500000.0,5.804,-60.665,7.879,539397.48,20,70.0,-28.89,2
G_Pro_quality__SCORE50__TP8__SL0__H10__CAPALL,G Pro quality,SCORE50,8.0,,10,,0.701,-60.665,16.005,580027.43,13,69.23,-26.678,1
G_Pro_quality__SCORE50__TP10__SL5__H3__CAP200K,G Pro quality,SCORE50,10.0,5.0,3,200000.0,-26.654,-36.066,8.745,543725.41,39,43.59,-13.38,2
G_Pro_quality__SCORE50__TP10__SL5__H3__CAP500K,G Pro quality,SCORE50,10.0,5.0,3,500000.0,-31.984,-59.022,21.57,607848.19,34,47.06,-23.748,2
G_Pro_quality__SCORE50__TP10__SL5__H3__CAPALL,G Pro quality,SCORE50,10.0,5.0,3,,-31.984,-59.058,15.304,576517.67,23,47.83,-32.414,1
G_Pro_quality__SCORE50__TP10__SL5__H5__CAP200K,G Pro quality,SCORE50,10.0,5.0,5,200000.0,-28.627,-44.085,8.772,543862.3,39,41.03,-13.384,2
G_Pro_quality__SCORE50__TP10__SL5__H5__CAP500K,G Pro quality,SCORE50,10.0,5.0,5,500000.0,-61.804,-53.484,26.408,632037.91,34,44.12,-23.778,2
G_Pro_quality__SCORE50__TP10__SL5__H5__CAPALL,G Pro quality,SCORE50,10.0,5.0,5,,-61.804,-53.593,23.284,616421.3,23,43.48,-30.221,1
G_Pro_quality__SCORE50__TP10__SL5__H10__CAP200K,G Pro quality,SCORE50,10.0,5.0,10,200000.0,-17.548,-21.281,8.488,542438.7,39,41.03,-13.565,2
G_Pro_quality__SCORE50__TP10__SL5__H10__CAP500K,G Pro quality,SCORE50,10.0,5.0,10,500000.0,-35.031,-17.424,24.23,621149.38,34,44.12,-24.312,2
G_Pro_quality__SCORE50__TP10__SL5__H10__CAPALL,G Pro quality,SCORE50,10.0,5.0,10,,-35.031,-22.286,21.402,607010.68,23,43.48,-30.252,1
G_Pro_quality__SCORE50__TP10__SL8__H3__CAP200K,G Pro quality,SCORE50,10.0,8.0,3,200000.0,-6.97,-34.837,2.967,514836.45,39,48.72,-18.998,2
G_Pro_quality__SCORE50__TP10__SL8__H3__CAP500K,G Pro quality,SCORE50,10.0,8.0,3,500000.0,-16.744,-50.202,2.001,510006.02,31,48.39,-34.226,2
G_Pro_quality__SCORE50__TP10__SL8__H3__CAPALL,G Pro quality,SCORE50,10.0,8.0,3,,-16.744,-50.202,-3.733,481333.63,22,45.45,-40.368,1
G_Pro_quality__SCORE50__TP10__SL8__H5__CAP200K,G Pro quality,SCORE50,10.0,8.0,5,200000.0,-31.934,-37.518,-3.111,484444.14,38,44.74,-20.472,2
G_Pro_quality__SCORE50__TP10__SL8__H5__CAP500K,G Pro quality,SCORE50,10.0,8.0,5,500000.0,-45.433,-63.176,5.074,525371.79,31,48.39,-35.269,2
G_Pro_quality__SCORE50__TP10__SL8__H5__CAPALL,G Pro quality,SCORE50,10.0,8.0,5,,-45.433,-63.176,0.714,503569.51,22,50.0,-39.99,1
G_Pro_quality__SCORE50__TP10__SL8__H10__CAP200K,G Pro quality,SCORE50,10.0,8.0,10,200000.0,-38.308,-10.674,-2.108,489459.26,37,45.95,-20.176,3
G_Pro_quality__SCORE50__TP10__SL8__H10__CAP500K,G Pro quality,SCORE50,10.0,8.0,10,500000.0,11.052,-39.736,-19.713,401433.13,23,39.13,-42.871,1
G_Pro_quality__SCORE50__TP10__SL8__H10__CAPALL,G Pro quality,SCORE50,10.0,8.0,10,,11.648,-39.736,-21.054,394728.22,21,42.86,-45.62,1
G_Pro_quality__SCORE50__TP10__SL12__H3__CAP200K,G Pro quality,SCORE50,10.0,12.0,3,200000.0,5.749,-32.571,2.004,510020.76,37,51.35,-18.253,2
G_Pro_quality__SCORE50__TP10__SL12__H3__CAP500K,G Pro quality,SCORE50,10.0,12.0,3,500000.0,43.564,-71.586,-7.132,464342.17,25,48.0,-32.817,1
G_Pro_quality__SCORE50__TP10__SL12__H3__CAPALL,G Pro quality,SCORE50,10.0,12.0,3,,44.783,-71.586,-13.092,434539.99,19,47.37,-36.06,1
G_Pro_quality__SCORE50__TP10__SL12__H5__CAP200K,G Pro quality,SCORE50,10.0,12.0,5,200000.0,-17.398,-42.193,6.859,534295.45,36,55.56,-16.829,2
G_Pro_quality__SCORE50__TP10__SL12__H5__CAP500K,G Pro quality,SCORE50,10.0,12.0,5,500000.0,-43.68,-42.17,7.756,538782.2,30,56.67,-21.783,2
G_Pro_quality__SCORE50__TP10__SL12__H5__CAPALL,G Pro quality,SCORE50,10.0,12.0,5,,-43.68,-42.17,-2.364,488179.39,18,55.56,-26.68,1
G_Pro_quality__SCORE50__TP10__SL12__H10__CAP200K,G Pro quality,SCORE50,10.0,12.0,10,200000.0,-28.305,-7.962,12.743,563713.67,34,61.76,-16.771,3
G_Pro_quality__SCORE50__TP10__SL12__H10__CAP500K,G Pro quality,SCORE50,10.0,12.0,10,500000.0,-37.704,-39.174,1.622,508111.34,21,57.14,-25.492,2
G_Pro_quality__SCORE50__TP10__SL12__H10__CAPALL,G Pro quality,SCORE50,10.0,12.0,10,,-37.704,-39.469,-3.292,483541.11,16,56.25,-26.65,1
G_Pro_quality__SCORE50__TP10__SL0__H3__CAP200K,G Pro quality,SCORE50,10.0,,3,200000.0,1.589,-31.529,9.139,545695.1,37,51.35,-18.632,2
G_Pro_quality__SCORE50__TP10__SL0__H3__CAP500K,G Pro quality,SCORE50,10.0,,3,500000.0,-19.877,-76.646,37.303,686514.69,32,53.12,-25.943,2
G_Pro_quality__SCORE50__TP10__SL0__H3__CAPALL,G Pro quality,SCORE50,10.0,,3,,-19.877,-76.646,43.32,716599.23,20,60.0,-33.252,1
G_Pro_quality__SCORE50__TP10__SL0__H5__CAP200K,G Pro quality,SCORE50,10.0,,5,200000.0,-14.501,-43.302,17.132,585657.51,36,61.11,-21.082,2
G_Pro_quality__SCORE50__TP10__SL0__H5__CAP500K,G Pro quality,SCORE50,10.0,,5,500000.0,-35.771,-43.017,-0.051,499746.71,27,55.56,-29.875,1
G_Pro_quality__SCORE50__TP10__SL0__H5__CAPALL,G Pro quality,SCORE50,10.0,,5,,-35.771,-43.017,-4.407,477963.05,16,56.25,-33.56,1
G_Pro_quality__SCORE50__TP10__SL0__H10__CAP200K,G Pro quality,SCORE50,10.0,,10,200000.0,-36.838,-3.291,9.594,547970.4,30,70.0,-28.409,3
G_Pro_quality__SCORE50__TP10__SL0__H10__CAP500K,G Pro quality,SCORE50,10.0,,10,500000.0,7.026,-67.791,-15.897,420512.6,16,50.0,-42.394,1
G_Pro_quality__SCORE50__TP10__SL0__H10__CAPALL,G Pro quality,SCORE50,10.0,,10,,6.164,-67.791,-21.117,394415.77,11,54.55,-46.988,1
G_Pro_quality__SCORE60__TP3__SL5__H3__CAP200K,G Pro quality,SCORE60,3.0,5.0,3,200000.0,-45.903,-39.232,-13.468,432661.31,33,57.58,-15.285,1
G_Pro_quality__SCORE60__TP3__SL5__H3__CAP500K,G Pro quality,SCORE60,3.0,5.0,3,500000.0,-63.93,-50.54,-26.686,366569.35,26,57.69,-29.766,1
G_Pro_quality__SCORE60__TP3__SL5__H3__CAPALL,G Pro quality,SCORE60,3.0,5.0,3,,-63.93,-50.508,-26.871,365646.12,26,57.69,-29.975,1
G_Pro_quality__SCORE60__TP3__SL5__H5__CAP200K,G Pro quality,SCORE60,3.0,5.0,5,200000.0,-46.073,-37.763,-12.203,438982.9,33,60.61,-14.043,1
G_Pro_quality__SCORE60__TP3__SL5__H5__CAP500K,G Pro quality,SCORE60,3.0,5.0,5,500000.0,-67.538,-50.793,-24.199,379004.99,26,61.54,-29.123,1
G_Pro_quality__SCORE60__TP3__SL5__H5__CAPALL,G Pro quality,SCORE60,3.0,5.0,5,,-67.538,-50.779,-24.383,378086.76,26,61.54,-29.331,1
G_Pro_quality__SCORE60__TP3__SL5__H10__CAP200K,G Pro quality,SCORE60,3.0,5.0,10,200000.0,-44.592,-39.355,-12.203,438982.9,33,60.61,-14.043,1
G_Pro_quality__SCORE60__TP3__SL5__H10__CAP500K,G Pro quality,SCORE60,3.0,5.0,10,500000.0,-67.133,-49.287,-24.199,379004.99,26,61.54,-29.123,1
G_Pro_quality__SCORE60__TP3__SL5__H10__CAPALL,G Pro quality,SCORE60,3.0,5.0,10,,-67.133,-49.208,-24.383,378086.76,26,61.54,-29.331,1
G_Pro_quality__SCORE60__TP3__SL8__H3__CAP200K,G Pro quality,SCORE60,3.0,8.0,3,200000.0,-38.407,-34.438,-11.64,441800.4,33,66.67,-18.765,1
G_Pro_quality__SCORE60__TP3__SL8__H3__CAP500K,G Pro quality,SCORE60,3.0,8.0,3,500000.0,-63.297,-42.25,-25.778,371110.87,25,64.0,-39.966,0
G_Pro_quality__SCORE60__TP3__SL8__H3__CAPALL,G Pro quality,SCORE60,3.0,8.0,3,,-63.297,-42.306,-25.814,370930.28,25,64.0,-40.023,0
G_Pro_quality__SCORE60__TP3__SL8__H5__CAP200K,G Pro quality,SCORE60,3.0,8.0,5,200000.0,-34.548,-35.737,-11.654,441730.35,32,71.88,-18.765,1
G_Pro_quality__SCORE60__TP3__SL8__H5__CAP500K,G Pro quality,SCORE60,3.0,8.0,5,500000.0,-43.049,-47.928,-29.258,353711.96,23,69.57,-39.966,1
G_Pro_quality__SCORE60__TP3__SL8__H5__CAPALL,G Pro quality,SCORE60,3.0,8.0,5,,-43.049,-48.021,-29.294,353531.61,23,69.57,-40.023,1
G_Pro_quality__SCORE60__TP3__SL8__H10__CAP200K,G Pro quality,SCORE60,3.0,8.0,10,200000.0,-36.714,-25.826,-11.654,441730.35,32,71.88,-18.765,1
G_Pro_quality__SCORE60__TP3__SL8__H10__CAP500K,G Pro quality,SCORE60,3.0,8.0,10,500000.0,-46.044,-47.722,-29.258,353711.96,23,69.57,-39.966,1
G_Pro_quality__SCORE60__TP3__SL8__H10__CAPALL,G Pro quality,SCORE60,3.0,8.0,10,,-46.077,-48.026,-29.294,353531.61,23,69.57,-40.023,1
G_Pro_quality__SCORE60__TP3__SL12__H3__CAP200K,G Pro quality,SCORE60,3.0,12.0,3,200000.0,-35.436,-31.58,-6.02,469899.38,32,75.0,-16.221,1
G_Pro_quality__SCORE60__TP3__SL12__H3__CAP500K,G Pro quality,SCORE60,3.0,12.0,3,500000.0,-51.764,-48.223,-10.406,447970.93,25,76.0,-35.775,0
G_Pro_quality__SCORE60__TP3__SL12__H3__CAPALL,G Pro quality,SCORE60,3.0,12.0,3,,-51.764,-48.261,-11.238,443807.51,25,76.0,-36.415,0
G_Pro_quality__SCORE60__TP3__SL12__H5__CAP200K,G Pro quality,SCORE60,3.0,12.0,5,200000.0,-32.864,-33.375,-5.911,470445.37,31,80.65,-16.221,1
G_Pro_quality__SCORE60__TP3__SL12__H5__CAP500K,G Pro quality,SCORE60,3.0,12.0,5,500000.0,-27.702,-46.921,-14.1,429498.98,23,82.61,-35.775,1
G_Pro_quality__SCORE60__TP3__SL12__H5__CAPALL,G Pro quality,SCORE60,3.0,12.0,5,,-27.702,-46.776,-14.903,425486.48,23,82.61,-36.415,1
G_Pro_quality__SCORE60__TP3__SL12__H10__CAP200K,G Pro quality,SCORE60,3.0,12.0,10,200000.0,-29.094,-28.367,-3.416,482922.09,28,85.71,-16.221,3
G_Pro_quality__SCORE60__TP3__SL12__H10__CAP500K,G Pro quality,SCORE60,3.0,12.0,10,500000.0,-50.316,-45.211,-9.01,454948.48,22,86.36,-35.775,1
G_Pro_quality__SCORE60__TP3__SL12__H10__CAPALL,G Pro quality,SCORE60,3.0,12.0,10,,-50.316,-45.618,-9.859,450706.98,22,86.36,-36.415,1
G_Pro_quality__SCORE60__TP3__SL0__H3__CAP200K,G Pro quality,SCORE60,3.0,,3,200000.0,-34.698,-31.99,2.982,514908.38,32,75.0,-9.766,1
G_Pro_quality__SCORE60__TP3__SL0__H3__CAP500K,G Pro quality,SCORE60,3.0,,3,500000.0,-59.798,-49.364,18.133,590666.16,30,80.0,-17.008,1
G_Pro_quality__SCORE60__TP3__SL0__H3__CAPALL,G Pro quality,SCORE60,3.0,,3,,-59.798,-49.403,20.263,601316.32,24,79.17,-17.352,0
G_Pro_quality__SCORE60__TP3__SL0__H5__CAP200K,G Pro quality,SCORE60,3.0,,5,200000.0,-23.56,-35.529,11.533,557667.33,31,90.32,-11.285,1
G_Pro_quality__SCORE60__TP3__SL0__H5__CAP500K,G Pro quality,SCORE60,3.0,,5,500000.0,-16.313,-52.789,16.053,580266.88,30,90.0,-18.287,1
G_Pro_quality__SCORE60__TP3__SL0__H5__CAPALL,G Pro quality,SCORE60,3.0,,5,,-16.313,-53.057,14.618,573088.17,22,90.91,-18.878,1
G_Pro_quality__SCORE60__TP3__SL0__H10__CAP200K,G Pro quality,SCORE60,3.0,,10,200000.0,-9.999,-31.391,16.959,584795.67,28,96.43,-9.29,3
G_Pro_quality__SCORE60__TP3__SL0__H10__CAP500K,G Pro quality,SCORE60,3.0,,10,500000.0,-47.862,-44.54,31.983,659915.14,26,96.15,-14.069,2
G_Pro_quality__SCORE60__TP3__SL0__H10__CAPALL,G Pro quality,SCORE60,3.0,,10,,-47.862,-45.722,33.57,667851.68,20,95.0,-15.911,1
G_Pro_quality__SCORE60__TP5__SL5__H3__CAP200K,G Pro quality,SCORE60,5.0,5.0,3,200000.0,-34.907,-29.863,-4.937,475316.98,32,50.0,-9.612,1
G_Pro_quality__SCORE60__TP5__SL5__H3__CAP500K,G Pro quality,SCORE60,5.0,5.0,3,500000.0,-53.891,-38.884,-6.606,466971.81,23,47.83,-15.189,1
G_Pro_quality__SCORE60__TP5__SL5__H3__CAPALL,G Pro quality,SCORE60,5.0,5.0,3,,-53.891,-38.649,-6.783,466083.66,21,52.38,-15.477,1
G_Pro_quality__SCORE60__TP5__SL5__H5__CAP200K,G Pro quality,SCORE60,5.0,5.0,5,200000.0,-35.269,-24.507,-3.491,482543.94,32,53.12,-9.612,1
G_Pro_quality__SCORE60__TP5__SL5__H5__CAP500K,G Pro quality,SCORE60,5.0,5.0,5,500000.0,-57.908,-30.03,-2.328,488357.61,24,54.17,-15.189,1
G_Pro_quality__SCORE60__TP5__SL5__H5__CAPALL,G Pro quality,SCORE60,5.0,5.0,5,,-57.908,-30.409,-3.074,484632.09,21,57.14,-15.477,1
G_Pro_quality__SCORE60__TP5__SL5__H10__CAP200K,G Pro quality,SCORE60,5.0,5.0,10,200000.0,-33.997,-19.207,-0.762,496187.89,32,56.25,-9.612,1
G_Pro_quality__SCORE60__TP5__SL5__H10__CAP500K,G Pro quality,SCORE60,5.0,5.0,10,500000.0,-56.642,-15.833,4.51,522547.57,27,55.56,-15.189,1
G_Pro_quality__SCORE60__TP5__SL5__H10__CAPALL,G Pro quality,SCORE60,5.0,5.0,10,,-56.642,-16.684,4.174,520867.91,21,61.9,-15.477,1
G_Pro_quality__SCORE60__TP5__SL8__H3__CAP200K,G Pro quality,SCORE60,5.0,8.0,3,200000.0,-33.125,-27.283,-5.454,472731.15,32,56.25,-17.279,1
G_Pro_quality__SCORE60__TP5__SL8__H3__CAP500K,G Pro quality,SCORE60,5.0,8.0,3,500000.0,-53.268,-31.608,6.352,531759.06,24,62.5,-23.131,1
G_Pro_quality__SCORE60__TP5__SL8__H3__CAPALL,G Pro quality,SCORE60,5.0,8.0,3,,-53.298,-31.356,4.904,524519.74,20,60.0,-24.11,0
G_Pro_quality__SCORE60__TP5__SL8__H5__CAP200K,G Pro quality,SCORE60,5.0,8.0,5,200000.0,-33.046,-28.232,-7.257,463714.74,31,61.29,-18.872,1
G_Pro_quality__SCORE60__TP5__SL8__H5__CAP500K,G Pro quality,SCORE60,5.0,8.0,5,500000.0,-6.379,-26.105,-3.84,480797.68,21,66.67,-23.131,1
G_Pro_quality__SCORE60__TP5__SL8__H5__CAPALL,G Pro quality,SCORE60,5.0,8.0,5,,-6.474,-26.273,-5.609,471953.65,18,66.67,-24.11,1
G_Pro_quality__SCORE60__TP5__SL8__H10__CAP200K,G Pro quality,SCORE60,5.0,8.0,10,200000.0,-39.678,-7.737,-4.507,477465.63,31,64.52,-18.872,1
G_Pro_quality__SCORE60__TP5__SL8__H10__CAP500K,G Pro quality,SCORE60,5.0,8.0,10,500000.0,-35.367,-38.528,3.046,515230.77,22,72.73,-23.131,1
G_Pro_quality__SCORE60__TP5__SL8__H10__CAPALL,G Pro quality,SCORE60,5.0,8.0,10,,-35.944,-38.552,1.437,507185.33,18,72.22,-24.11,1
G_Pro_quality__SCORE60__TP5__SL12__H3__CAP200K,G Pro quality,SCORE60,5.0,12.0,3,200000.0,-19.418,-25.067,-8.55,457248.68,30,56.67,-18.976,1
G_Pro_quality__SCORE60__TP5__SL12__H3__CAP500K,G Pro quality,SCORE60,5.0,12.0,3,500000.0,-27.794,-49.198,-9.276,453621.61,20,60.0,-34.245,0
G_Pro_quality__SCORE60__TP5__SL12__H3__CAPALL,G Pro quality,SCORE60,5.0,12.0,3,,-27.794,-49.277,-10.337,448315.36,20,60.0,-35.117,0
G_Pro_quality__SCORE60__TP5__SL12__H5__CAP200K,G Pro quality,SCORE60,5.0,12.0,5,200000.0,-33.225,-29.782,-10.917,445414.7,29,62.07,-22.105,1
G_Pro_quality__SCORE60__TP5__SL12__H5__CAP500K,G Pro quality,SCORE60,5.0,12.0,5,500000.0,-19.53,-47.493,-21.481,392596.4,18,66.67,-35.892,1
G_Pro_quality__SCORE60__TP5__SL12__H5__CAPALL,G Pro quality,SCORE60,5.0,12.0,5,,-19.53,-48.014,-22.386,388070.17,18,66.67,-36.729,1
G_Pro_quality__SCORE60__TP5__SL12__H10__CAP200K,G Pro quality,SCORE60,5.0,12.0,10,200000.0,-35.093,-25.868,-7.45,462750.69,26,69.23,-22.105,3
G_Pro_quality__SCORE60__TP5__SL12__H10__CAP500K,G Pro quality,SCORE60,5.0,12.0,10,500000.0,-30.228,-47.224,-10.612,446940.97,17,76.47,-35.892,1
G_Pro_quality__SCORE60__TP5__SL12__H10__CAPALL,G Pro quality,SCORE60,5.0,12.0,10,,-30.228,-47.276,-11.642,441790.87,17,76.47,-36.729,1
G_Pro_quality__SCORE60__TP5__SL0__H3__CAP200K,G Pro quality,SCORE60,5.0,,3,200000.0,-25.47,-23.554,-3.007,484963.77,30,56.67,-14.647,1
G_Pro_quality__SCORE60__TP5__SL0__H3__CAP500K,G Pro quality,SCORE60,5.0,,3,500000.0,-34.269,-46.547,20.144,600722.25,27,62.96,-14.656,1
G_Pro_quality__SCORE60__TP5__SL0__H3__CAPALL,G Pro quality,SCORE60,5.0,,3,,-34.269,-46.621,21.508,607541.19,19,63.16,-15.636,0
G_Pro_quality__SCORE60__TP5__SL0__H5__CAP200K,G Pro quality,SCORE60,5.0,,5,200000.0,-38.702,-29.768,-1.96,490198.54,29,72.41,-19.479,1
G_Pro_quality__SCORE60__TP5__SL0__H5__CAP500K,G Pro quality,SCORE60,5.0,,5,500000.0,-49.681,-39.567,2.546,512730.22,24,75.0,-25.335,1
G_Pro_quality__SCORE60__TP5__SL0__H5__CAPALL,G Pro quality,SCORE60,5.0,,5,,-49.681,-40.202,-0.508,497457.89,17,76.47,-27.612,1
G_Pro_quality__SCORE60__TP5__SL0__H10__CAP200K,G Pro quality,SCORE60,5.0,,10,200000.0,-46.929,-18.77,-9.903,450486.33,26,80.77,-31.578,3
G_Pro_quality__SCORE60__TP5__SL0__H10__CAP500K,G Pro quality,SCORE60,5.0,,10,500000.0,-57.479,-39.702,-1.117,494413.07,17,82.35,-34.45,2
G_Pro_quality__SCORE60__TP5__SL0__H10__CAPALL,G Pro quality,SCORE60,5.0,,10,,-57.479,-40.308,-0.424,497878.67,15,86.67,-34.335,1
G_Pro_quality__SCORE60__TP8__SL5__H3__CAP200K,G Pro quality,SCORE60,8.0,5.0,3,200000.0,-39.428,-27.955,4.617,523083.31,31,45.16,-12.541,2
G_Pro_quality__SCORE60__TP8__SL5__H3__CAP500K,G Pro quality,SCORE60,8.0,5.0,3,500000.0,-54.74,-38.58,29.376,646880.23,28,50.0,-20.285,2
G_Pro_quality__SCORE60__TP8__SL5__H3__CAPALL,G Pro quality,SCORE60,8.0,5.0,3,,-54.74,-38.473,28.527,642634.17,20,55.0,-21.058,1
G_Pro_quality__SCORE60__TP8__SL5__H5__CAP200K,G Pro quality,SCORE60,8.0,5.0,5,200000.0,-37.454,-34.944,7.482,537410.05,31,48.39,-12.353,2
G_Pro_quality__SCORE60__TP8__SL5__H5__CAP500K,G Pro quality,SCORE60,8.0,5.0,5,500000.0,-64.723,-35.254,37.207,686036.07,29,51.72,-20.002,2
G_Pro_quality__SCORE60__TP8__SL5__H5__CAPALL,G Pro quality,SCORE60,8.0,5.0,5,,-64.723,-35.573,38.926,694627.78,20,60.0,-21.049,1
G_Pro_quality__SCORE60__TP8__SL5__H10__CAP200K,G Pro quality,SCORE60,8.0,5.0,10,200000.0,-31.675,-0.954,7.889,539445.36,31,48.39,-12.353,2
G_Pro_quality__SCORE60__TP8__SL5__H10__CAP500K,G Pro quality,SCORE60,8.0,5.0,10,500000.0,-55.081,8.676,37.603,688014.46,29,51.72,-20.002,2
G_Pro_quality__SCORE60__TP8__SL5__H10__CAPALL,G Pro quality,SCORE60,8.0,5.0,10,,-55.081,8.199,39.992,699957.87,20,60.0,-21.049,1
G_Pro_quality__SCORE60__TP8__SL8__H3__CAP200K,G Pro quality,SCORE60,8.0,8.0,3,200000.0,-29.961,-21.945,-0.954,495231.93,31,48.39,-17.212,2
G_Pro_quality__SCORE60__TP8__SL8__H3__CAP500K,G Pro quality,SCORE60,8.0,8.0,3,500000.0,-43.089,-32.048,1.049,505245.61,26,46.15,-19.32,2
G_Pro_quality__SCORE60__TP8__SL8__H3__CAPALL,G Pro quality,SCORE60,8.0,8.0,3,,-43.228,-32.046,0.683,503415.87,17,47.06,-20.888,1
G_Pro_quality__SCORE60__TP8__SL8__H5__CAP200K,G Pro quality,SCORE60,8.0,8.0,5,200000.0,-28.791,-29.726,-1.389,493054.36,30,53.33,-18.31,2
G_Pro_quality__SCORE60__TP8__SL8__H5__CAP500K,G Pro quality,SCORE60,8.0,8.0,5,500000.0,-24.521,-29.638,-4.787,476063.03,25,52.0,-22.828,1
G_Pro_quality__SCORE60__TP8__SL8__H5__CAPALL,G Pro quality,SCORE60,8.0,8.0,5,,-24.521,-30.073,-5.412,472940.48,16,56.25,-24.636,1
G_Pro_quality__SCORE60__TP8__SL8__H10__CAP200K,G Pro quality,SCORE60,8.0,8.0,10,200000.0,-36.656,13.724,-1.88,490598.91,30,53.33,-18.31,2
G_Pro_quality__SCORE60__TP8__SL8__H10__CAP500K,G Pro quality,SCORE60,8.0,8.0,10,500000.0,-24.909,7.02,-9.548,452258.26,23,52.17,-26.574,1
G_Pro_quality__SCORE60__TP8__SL8__H10__CAPALL,G Pro quality,SCORE60,8.0,8.0,10,,-24.909,3.553,-10.464,447680.77,15,53.33,-28.661,1
G_Pro_quality__SCORE60__TP8__SL12__H3__CAP200K,G Pro quality,SCORE60,8.0,12.0,3,200000.0,-4.343,-19.568,-8.551,457246.03,29,48.28,-21.136,2
G_Pro_quality__SCORE60__TP8__SL12__H3__CAP500K,G Pro quality,SCORE60,8.0,12.0,3,500000.0,-9.332,-48.979,-15.259,423705.39,19,42.11,-32.085,1
G_Pro_quality__SCORE60__TP8__SL12__H3__CAPALL,G Pro quality,SCORE60,8.0,12.0,3,,-9.332,-48.975,-15.979,420104.74,17,47.06,-33.98,1
G_Pro_quality__SCORE60__TP8__SL12__H5__CAP200K,G Pro quality,SCORE60,8.0,12.0,5,200000.0,-19.837,-18.873,-9.758,451211.92,28,53.57,-22.85,2
G_Pro_quality__SCORE60__TP8__SL12__H5__CAP500K,G Pro quality,SCORE60,8.0,12.0,5,500000.0,-20.252,-32.277,-22.877,385615.07,18,50.0,-37.057,1
G_Pro_quality__SCORE60__TP8__SL12__H5__CAPALL,G Pro quality,SCORE60,8.0,12.0,5,,-20.252,-33.424,-24.065,379675.97,16,56.25,-39.498,1
G_Pro_quality__SCORE60__TP8__SL12__H10__CAP200K,G Pro quality,SCORE60,8.0,12.0,10,200000.0,-24.87,12.616,-9.389,453057.2,26,57.69,-22.85,3
G_Pro_quality__SCORE60__TP8__SL12__H10__CAP500K,G Pro quality,SCORE60,8.0,12.0,10,500000.0,20.44,-33.643,-22.67,386649.83,16,50.0,-38.039,1
G_Pro_quality__SCORE60__TP8__SL12__H10__CAPALL,G Pro quality,SCORE60,8.0,12.0,10,,41.944,-34.0,-23.859,380702.63,14,57.14,-40.441,1
G_Pro_quality__SCORE60__TP8__SL0__H3__CAP200K,G Pro quality,SCORE60,8.0,,3,200000.0,-10.825,-20.121,-2.47,487649.42,29,48.28,-17.694,2
G_Pro_quality__SCORE60__TP8__SL0__H3__CAP500K,G Pro quality,SCORE60,8.0,,3,500000.0,-25.666,-48.034,30.515,652574.04,26,53.85,-17.742,2
G_Pro_quality__SCORE60__TP8__SL0__H3__CAPALL,G Pro quality,SCORE60,8.0,,3,,-25.666,-48.023,41.142,705710.65,17,58.82,-15.555,1
G_Pro_quality__SCORE60__TP8__SL0__H5__CAP200K,G Pro quality,SCORE60,8.0,,5,200000.0,-27.137,-14.951,2.503,512513.52,28,64.29,-22.901,2
G_Pro_quality__SCORE60__TP8__SL0__H5__CAP500K,G Pro quality,SCORE60,8.0,,5,500000.0,-37.005,-49.702,-18.992,405042.33,17,58.82,-36.204,1
G_Pro_quality__SCORE60__TP8__SL0__H5__CAPALL,G Pro quality,SCORE60,8.0,,5,,-37.005,-52.036,-19.54,402299.45,14,57.14,-35.893,1
G_Pro_quality__SCORE60__TP8__SL0__H10__CAP200K,G Pro quality,SCORE60,8.0,,10,200000.0,-43.868,20.504,-22.691,386544.5,23,69.57,-37.459,2
G_Pro_quality__SCORE60__TP8__SL0__H10__CAP500K,G Pro quality,SCORE60,8.0,,10,500000.0,-15.039,-14.358,-24.619,376905.01,13,61.54,-43.637,1
G_Pro_quality__SCORE60__TP8__SL0__H10__CAPALL,G Pro quality,SCORE60,8.0,,10,,-17.143,-17.073,-22.996,385018.36,10,60.0,-42.417,1
G_Pro_quality__SCORE60__TP10__SL5__H3__CAP200K,G Pro quality,SCORE60,10.0,5.0,3,200000.0,-32.62,-21.522,4.802,524009.02,31,41.94,-12.103,2
G_Pro_quality__SCORE60__TP10__SL5__H3__CAP500K,G Pro quality,SCORE60,10.0,5.0,3,500000.0,-46.665,-30.133,10.122,550610.64,28,46.43,-21.894,2
G_Pro_quality__SCORE60__TP10__SL5__H3__CAPALL,G Pro quality,SCORE60,10.0,5.0,3,,-46.665,-30.015,2.687,513436.01,20,45.0,-28.31,1
G_Pro_quality__SCORE60__TP10__SL5__H5__CAP200K,G Pro quality,SCORE60,10.0,5.0,5,200000.0,-31.017,-29.555,4.645,523224.89,31,38.71,-12.106,2
G_Pro_quality__SCORE60__TP10__SL5__H5__CAP500K,G Pro quality,SCORE60,10.0,5.0,5,500000.0,-58.14,-23.893,16.202,581008.66,28,42.86,-21.924,2
G_Pro_quality__SCORE60__TP10__SL5__H5__CAPALL,G Pro quality,SCORE60,10.0,5.0,5,,-58.14,-25.312,9.769,548843.58,20,40.0,-26.001,1
G_Pro_quality__SCORE60__TP10__SL5__H10__CAP200K,G Pro quality,SCORE60,10.0,5.0,10,200000.0,-20.217,-0.493,4.391,521957.15,31,38.71,-12.279,2
G_Pro_quality__SCORE60__TP10__SL5__H10__CAP500K,G Pro quality,SCORE60,10.0,5.0,10,500000.0,-28.744,1.056,13.317,566585.7,28,42.86,-22.452,2
G_Pro_quality__SCORE60__TP10__SL5__H10__CAPALL,G Pro quality,SCORE60,10.0,5.0,10,,-28.744,-7.333,8.083,540412.97,20,40.0,-25.994,1
G_Pro_quality__SCORE60__TP10__SL8__H3__CAP200K,G Pro quality,SCORE60,10.0,8.0,3,200000.0,-22.3,-18.665,2.362,511809.36,31,48.39,-16.417,2
G_Pro_quality__SCORE60__TP10__SL8__H3__CAP500K,G Pro quality,SCORE60,10.0,8.0,3,500000.0,-39.729,-20.858,-6.641,466795.81,20,40.0,-31.245,1
G_Pro_quality__SCORE60__TP10__SL8__H3__CAPALL,G Pro quality,SCORE60,10.0,8.0,3,,-39.729,-20.942,-11.275,443623.16,19,42.11,-34.538,1
G_Pro_quality__SCORE60__TP10__SL8__H5__CAP200K,G Pro quality,SCORE60,10.0,8.0,5,200000.0,-28.55,-24.02,-4.253,478732.75,30,43.33,-17.945,2
G_Pro_quality__SCORE60__TP10__SL8__H5__CAP500K,G Pro quality,SCORE60,10.0,8.0,5,500000.0,-51.34,-17.232,-10.621,446893.55,20,45.0,-31.56,1
G_Pro_quality__SCORE60__TP10__SL8__H5__CAPALL,G Pro quality,SCORE60,10.0,8.0,5,,-51.34,-18.675,-14.896,425518.32,18,44.44,-34.134,1
G_Pro_quality__SCORE60__TP10__SL8__H10__CAP200K,G Pro quality,SCORE60,10.0,8.0,10,200000.0,-44.954,7.094,-3.618,481909.2,29,44.83,-17.726,3
G_Pro_quality__SCORE60__TP10__SL8__H10__CAP500K,G Pro quality,SCORE60,10.0,8.0,10,500000.0,-41.644,-16.836,-24.772,376140.12,17,35.29,-35.787,1
G_Pro_quality__SCORE60__TP10__SL8__H10__CAPALL,G Pro quality,SCORE60,10.0,8.0,10,,-41.644,-22.762,-27.028,364859.16,16,37.5,-37.164,1
G_Pro_quality__SCORE60__TP10__SL12__H3__CAP200K,G Pro quality,SCORE60,10.0,12.0,3,200000.0,-8.153,-15.56,-4.603,476985.03,29,48.28,-16.73,2
G_Pro_quality__SCORE60__TP10__SL12__H3__CAP500K,G Pro quality,SCORE60,10.0,12.0,3,500000.0,18.548,-40.374,-11.199,444004.94,19,42.11,-31.336,1
G_Pro_quality__SCORE60__TP10__SL12__H3__CAPALL,G Pro quality,SCORE60,10.0,12.0,3,,19.26,-40.451,-15.098,424510.43,17,47.06,-35.035,1
G_Pro_quality__SCORE60__TP10__SL12__H5__CAP200K,G Pro quality,SCORE60,10.0,12.0,5,200000.0,-22.652,-20.062,-9.952,450239.52,28,46.43,-19.876,2
G_Pro_quality__SCORE60__TP10__SL12__H5__CAP500K,G Pro quality,SCORE60,10.0,12.0,5,500000.0,-42.41,-42.633,-15.241,423794.85,18,44.44,-30.771,1
G_Pro_quality__SCORE60__TP10__SL12__H5__CAPALL,G Pro quality,SCORE60,10.0,12.0,5,,-42.41,-40.937,-18.088,409561.77,16,50.0,-33.697,1
G_Pro_quality__SCORE60__TP10__SL12__H10__CAP200K,G Pro quality,SCORE60,10.0,12.0,10,200000.0,-5.88,-4.459,-4.576,477120.9,26,53.85,-19.649,3
G_Pro_quality__SCORE60__TP10__SL12__H10__CAP500K,G Pro quality,SCORE60,10.0,12.0,10,500000.0,-26.718,-37.166,-24.369,378154.14,14,42.86,-33.639,1
G_Pro_quality__SCORE60__TP10__SL12__H10__CAPALL,G Pro quality,SCORE60,10.0,12.0,10,,-26.718,-38.298,-25.57,372147.65,13,46.15,-34.692,1
G_Pro_quality__SCORE60__TP10__SL0__H3__CAP200K,G Pro quality,SCORE60,10.0,,3,200000.0,-12.297,-15.752,2.247,511232.53,29,48.28,-17.407,2
G_Pro_quality__SCORE60__TP10__SL0__H3__CAP500K,G Pro quality,SCORE60,10.0,,3,500000.0,0.638,-50.664,20.428,602139.7,25,52.0,-24.422,2
G_Pro_quality__SCORE60__TP10__SL0__H3__CAPALL,G Pro quality,SCORE60,10.0,,3,,0.638,-50.713,17.573,587865.16,16,56.25,-28.82,1
G_Pro_quality__SCORE60__TP10__SL0__H5__CAP200K,G Pro quality,SCORE60,10.0,,5,200000.0,-28.024,-19.562,-2.135,489322.8,28,57.14,-22.883,2
G_Pro_quality__SCORE60__TP10__SL0__H5__CAP500K,G Pro quality,SCORE60,10.0,,5,500000.0,-33.522,-54.563,-18.603,406983.9,17,47.06,-37.911,1
G_Pro_quality__SCORE60__TP10__SL0__H5__CAPALL,G Pro quality,SCORE60,10.0,,5,,-33.522,-53.795,-19.748,401257.55,14,50.0,-39.121,1
G_Pro_quality__SCORE60__TP10__SL0__H10__CAP200K,G Pro quality,SCORE60,10.0,,10,200000.0,-39.283,-4.857,-19.096,404518.85,23,65.22,-35.873,3
G_Pro_quality__SCORE60__TP10__SL0__H10__CAP500K,G Pro quality,SCORE60,10.0,,10,500000.0,-29.456,-33.781,-30.96,345201.47,12,41.67,-44.631,1
G_Pro_quality__SCORE60__TP10__SL0__H10__CAPALL,G Pro quality,SCORE60,10.0,,10,,-29.559,-37.548,-33.812,330939.0,9,44.44,-46.512,1
G_Pro_quality__SCORE70__TP3__SL5__H3__CAP200K,G Pro quality,SCORE70,3.0,5.0,3,200000.0,-44.119,-31.275,-11.176,444120.47,27,59.26,-12.279,1
G_Pro_quality__SCORE70__TP3__SL5__H3__CAP500K,G Pro quality,SCORE70,3.0,5.0,3,500000.0,-60.013,-46.413,-20.117,399414.15,21,61.9,-23.706,1
G_Pro_quality__SCORE70__TP3__SL5__H3__CAPALL,G Pro quality,SCORE70,3.0,5.0,3,,-60.013,-46.447,-20.198,399011.52,21,61.9,-23.785,1
G_Pro_quality__SCORE70__TP3__SL5__H5__CAP200K,G Pro quality,SCORE70,3.0,5.0,5,200000.0,-45.725,-27.315,-11.176,444120.47,27,59.26,-12.279,1
G_Pro_quality__SCORE70__TP3__SL5__H5__CAP500K,G Pro quality,SCORE70,3.0,5.0,5,500000.0,-65.825,-41.066,-20.117,399414.15,21,61.9,-23.706,1
G_Pro_quality__SCORE70__TP3__SL5__H5__CAPALL,G Pro quality,SCORE70,3.0,5.0,5,,-65.825,-40.973,-20.198,399011.52,21,61.9,-23.785,1
G_Pro_quality__SCORE70__TP3__SL5__H10__CAP200K,G Pro quality,SCORE70,3.0,5.0,10,200000.0,-43.266,-29.36,-11.176,444120.47,27,59.26,-12.279,1
G_Pro_quality__SCORE70__TP3__SL5__H10__CAP500K,G Pro quality,SCORE70,3.0,5.0,10,500000.0,-64.419,-39.194,-20.117,399414.15,21,61.9,-23.706,1
G_Pro_quality__SCORE70__TP3__SL5__H10__CAPALL,G Pro quality,SCORE70,3.0,5.0,10,,-64.419,-39.081,-20.198,399011.52,21,61.9,-23.785,1
G_Pro_quality__SCORE70__TP3__SL8__H3__CAP200K,G Pro quality,SCORE70,3.0,8.0,3,200000.0,-35.412,-21.899,-7.16,464201.61,27,70.37,-12.885,1
G_Pro_quality__SCORE70__TP3__SL8__H3__CAP500K,G Pro quality,SCORE70,3.0,8.0,3,500000.0,-63.962,-39.735,-11.699,441503.7,21,71.43,-29.477,0
G_Pro_quality__SCORE70__TP3__SL8__H3__CAPALL,G Pro quality,SCORE70,3.0,8.0,3,,-63.962,-39.787,-11.891,440543.63,21,71.43,-29.641,0
G_Pro_quality__SCORE70__TP3__SL8__H5__CAP200K,G Pro quality,SCORE70,3.0,8.0,5,200000.0,-35.555,-17.333,-8.415,457923.34,26,73.08,-12.885,1
G_Pro_quality__SCORE70__TP3__SL8__H5__CAP500K,G Pro quality,SCORE70,3.0,8.0,5,500000.0,-61.061,-24.981,-18.604,406977.73,19,73.68,-29.477,1
G_Pro_quality__SCORE70__TP3__SL8__H5__CAPALL,G Pro quality,SCORE70,3.0,8.0,5,,-61.061,-25.286,-18.781,406093.95,19,73.68,-29.641,1
G_Pro_quality__SCORE70__TP3__SL8__H10__CAP200K,G Pro quality,SCORE70,3.0,8.0,10,200000.0,-34.79,-9.921,-8.415,457923.34,26,73.08,-12.885,1
G_Pro_quality__SCORE70__TP3__SL8__H10__CAP500K,G Pro quality,SCORE70,3.0,8.0,10,500000.0,-56.19,-24.7,-18.604,406977.73,19,73.68,-29.477,1
G_Pro_quality__SCORE70__TP3__SL8__H10__CAPALL,G Pro quality,SCORE70,3.0,8.0,10,,-56.223,-26.425,-18.781,406093.95,19,73.68,-29.641,1
G_Pro_quality__SCORE70__TP3__SL12__H3__CAP200K,G Pro quality,SCORE70,3.0,12.0,3,200000.0,-33.5,-17.189,-3.382,483087.92,26,76.92,-11.224,1
G_Pro_quality__SCORE70__TP3__SL12__H3__CAP500K,G Pro quality,SCORE70,3.0,12.0,3,500000.0,-56.945,-30.666,1.108,505542.33,22,77.27,-26.426,1
G_Pro_quality__SCORE70__TP3__SL12__H3__CAPALL,G Pro quality,SCORE70,3.0,12.0,3,,-56.945,-30.78,1.412,507061.5,21,80.95,-26.625,0
G_Pro_quality__SCORE70__TP3__SL12__H5__CAP200K,G Pro quality,SCORE70,3.0,12.0,5,200000.0,-35.036,-11.604,-4.444,477781.39,25,80.0,-11.224,1
G_Pro_quality__SCORE70__TP3__SL12__H5__CAP500K,G Pro quality,SCORE70,3.0,12.0,5,500000.0,-48.962,-13.902,-5.899,470504.7,20,80.0,-26.426,1
G_Pro_quality__SCORE70__TP3__SL12__H5__CAPALL,G Pro quality,SCORE70,3.0,12.0,5,,-48.962,-14.617,-5.966,470169.96,19,84.21,-26.625,1
G_Pro_quality__SCORE70__TP3__SL12__H10__CAP200K,G Pro quality,SCORE70,3.0,12.0,10,200000.0,-21.853,-3.031,-2.005,489977.02,22,86.36,-11.224,3
G_Pro_quality__SCORE70__TP3__SL12__H10__CAP500K,G Pro quality,SCORE70,3.0,12.0,10,500000.0,-48.414,3.37,-0.103,499486.92,18,88.89,-26.426,2
G_Pro_quality__SCORE70__TP3__SL12__H10__CAPALL,G Pro quality,SCORE70,3.0,12.0,10,,-48.414,3.179,-0.394,498031.84,18,88.89,-26.625,1
G_Pro_quality__SCORE70__TP3__SL0__H3__CAP200K,G Pro quality,SCORE70,3.0,,3,200000.0,-34.227,-19.889,3.176,515879.2,26,76.92,-8.799,1
G_Pro_quality__SCORE70__TP3__SL0__H3__CAP500K,G Pro quality,SCORE70,3.0,,3,500000.0,-62.166,-39.95,22.053,610265.82,24,83.33,-11.664,1
G_Pro_quality__SCORE70__TP3__SL0__H3__CAPALL,G Pro quality,SCORE70,3.0,,3,,-62.166,-40.053,26.918,634592.41,20,85.0,-11.853,0
G_Pro_quality__SCORE70__TP3__SL0__H5__CAP200K,G Pro quality,SCORE70,3.0,,5,200000.0,-26.829,-14.079,5.693,528467.24,25,88.0,-11.63,1
G_Pro_quality__SCORE70__TP3__SL0__H5__CAP500K,G Pro quality,SCORE70,3.0,,5,500000.0,-40.925,-26.109,3.766,518831.97,21,85.71,-18.576,1
G_Pro_quality__SCORE70__TP3__SL0__H5__CAPALL,G Pro quality,SCORE70,3.0,,5,,-40.925,-27.624,3.972,519858.88,18,88.89,-18.876,1
G_Pro_quality__SCORE70__TP3__SL0__H10__CAP200K,G Pro quality,SCORE70,3.0,,10,200000.0,-4.603,-3.006,11.212,556057.83,22,95.45,-9.574,3
G_Pro_quality__SCORE70__TP3__SL0__H10__CAP500K,G Pro quality,SCORE70,3.0,,10,500000.0,-41.718,-0.698,19.546,597731.43,19,94.74,-15.657,2
G_Pro_quality__SCORE70__TP3__SL0__H10__CAPALL,G Pro quality,SCORE70,3.0,,10,,-41.718,-5.208,21.1,605499.62,16,93.75,-15.909,1
G_Pro_quality__SCORE70__TP5__SL5__H3__CAP200K,G Pro quality,SCORE70,5.0,5.0,3,200000.0,-35.651,-24.797,-4.863,475683.28,26,50.0,-7.996,1
G_Pro_quality__SCORE70__TP5__SL5__H3__CAP500K,G Pro quality,SCORE70,5.0,5.0,3,500000.0,-46.799,-37.257,-3.643,481785.32,19,52.63,-14.363,1
G_Pro_quality__SCORE70__TP5__SL5__H3__CAPALL,G Pro quality,SCORE70,5.0,5.0,3,,-46.799,-37.353,-4.01,479949.46,18,55.56,-14.37,1
G_Pro_quality__SCORE70__TP5__SL5__H5__CAP200K,G Pro quality,SCORE70,5.0,5.0,5,200000.0,-33.66,-15.667,-2.701,486494.86,26,53.85,-7.359,1
G_Pro_quality__SCORE70__TP5__SL5__H5__CAP500K,G Pro quality,SCORE70,5.0,5.0,5,500000.0,-56.766,-26.056,2.297,511486.81,21,57.14,-14.363,1
G_Pro_quality__SCORE70__TP5__SL5__H5__CAPALL,G Pro quality,SCORE70,5.0,5.0,5,,-56.766,-26.539,1.774,508871.12,18,61.11,-14.37,1
G_Pro_quality__SCORE70__TP5__SL5__H10__CAP200K,G Pro quality,SCORE70,5.0,5.0,10,200000.0,-34.271,-10.358,-2.701,486494.86,26,53.85,-7.359,1
G_Pro_quality__SCORE70__TP5__SL5__H10__CAP500K,G Pro quality,SCORE70,5.0,5.0,10,500000.0,-54.352,-11.037,2.297,511486.81,21,57.14,-14.363,1
G_Pro_quality__SCORE70__TP5__SL5__H10__CAPALL,G Pro quality,SCORE70,5.0,5.0,10,,-54.352,-12.015,1.774,508871.12,18,61.11,-14.37,1
G_Pro_quality__SCORE70__TP5__SL8__H3__CAP200K,G Pro quality,SCORE70,5.0,8.0,3,200000.0,-32.894,-17.973,-3.245,483777.17,26,57.69,-12.347,1
G_Pro_quality__SCORE70__TP5__SL8__H3__CAP500K,G Pro quality,SCORE70,5.0,8.0,3,500000.0,-47.268,-40.789,10.821,554106.76,19,63.16,-19.751,1
G_Pro_quality__SCORE70__TP5__SL8__H3__CAPALL,G Pro quality,SCORE70,5.0,8.0,3,,-47.296,-40.976,11.515,557574.54,17,64.71,-20.271,0
G_Pro_quality__SCORE70__TP5__SL8__H5__CAP200K,G Pro quality,SCORE70,5.0,8.0,5,200000.0,-33.236,-14.455,-4.367,478163.71,25,64.0,-13.966,1
G_Pro_quality__SCORE70__TP5__SL8__H5__CAP500K,G Pro quality,SCORE70,5.0,8.0,5,500000.0,-16.998,-29.042,2.924,514619.95,18,72.22,-19.751,1
G_Pro_quality__SCORE70__TP5__SL8__H5__CAPALL,G Pro quality,SCORE70,5.0,8.0,5,,-17.856,-30.039,2.313,511563.54,15,73.33,-20.271,1
G_Pro_quality__SCORE70__TP5__SL8__H10__CAP200K,G Pro quality,SCORE70,5.0,8.0,10,200000.0,-37.578,0.56,-4.367,478163.71,25,64.0,-13.966,1
G_Pro_quality__SCORE70__TP5__SL8__H10__CAP500K,G Pro quality,SCORE70,5.0,8.0,10,500000.0,-41.484,-30.244,2.924,514619.95,18,72.22,-19.751,1
G_Pro_quality__SCORE70__TP5__SL8__H10__CAPALL,G Pro quality,SCORE70,5.0,8.0,10,,-41.665,-31.188,2.313,511563.54,15,73.33,-20.271,1
G_Pro_quality__SCORE70__TP5__SL12__H3__CAP200K,G Pro quality,SCORE70,5.0,12.0,3,200000.0,-24.293,-13.188,-7.557,462217.28,25,56.0,-15.318,1
G_Pro_quality__SCORE70__TP5__SL12__H3__CAP500K,G Pro quality,SCORE70,5.0,12.0,3,500000.0,-30.779,-33.317,2.742,513711.13,18,61.11,-26.166,1
G_Pro_quality__SCORE70__TP5__SL12__H3__CAPALL,G Pro quality,SCORE70,5.0,12.0,3,,-30.779,-33.186,2.428,512141.86,17,64.71,-26.751,0
G_Pro_quality__SCORE70__TP5__SL12__H5__CAP200K,G Pro quality,SCORE70,5.0,12.0,5,200000.0,-40.829,-7.36,-9.271,453647.16,24,62.5,-18.498,1
G_Pro_quality__SCORE70__TP5__SL12__H5__CAP500K,G Pro quality,SCORE70,5.0,12.0,5,500000.0,-38.861,-27.019,-8.627,456864.25,15,73.33,-28.01,1
G_Pro_quality__SCORE70__TP5__SL12__H5__CAPALL,G Pro quality,SCORE70,5.0,12.0,5,,-38.861,-28.042,-9.546,452267.54,15,73.33,-28.574,1
G_Pro_quality__SCORE70__TP5__SL12__H10__CAP200K,G Pro quality,SCORE70,5.0,12.0,10,200000.0,-36.727,-13.325,-8.341,458295.21,21,66.67,-18.498,3
G_Pro_quality__SCORE70__TP5__SL12__H10__CAP500K,G Pro quality,SCORE70,5.0,12.0,10,500000.0,-49.98,-25.45,-3.271,483642.72,14,78.57,-28.01,1
G_Pro_quality__SCORE70__TP5__SL12__H10__CAPALL,G Pro quality,SCORE70,5.0,12.0,10,,-49.98,-26.496,-4.187,479066.37,14,78.57,-28.574,1
G_Pro_quality__SCORE70__TP5__SL0__H3__CAP200K,G Pro quality,SCORE70,5.0,,3,200000.0,-30.829,-14.587,1.803,509013.36,25,60.0,-10.84,1
G_Pro_quality__SCORE70__TP5__SL0__H3__CAP500K,G Pro quality,SCORE70,5.0,,3,500000.0,-37.006,-40.448,23.802,619010.21,22,63.64,-11.442,1
G_Pro_quality__SCORE70__TP5__SL0__H3__CAPALL,G Pro quality,SCORE70,5.0,,3,,-37.006,-40.359,28.292,641458.0,16,68.75,-11.996,0
G_Pro_quality__SCORE70__TP5__SL0__H5__CAP200K,G Pro quality,SCORE70,5.0,,5,200000.0,-45.047,-2.722,0.469,502346.44,24,75.0,-15.291,1
G_Pro_quality__SCORE70__TP5__SL0__H5__CAP500K,G Pro quality,SCORE70,5.0,,5,500000.0,-55.74,-28.038,-4.672,476640.66,16,75.0,-26.902,1
G_Pro_quality__SCORE70__TP5__SL0__H5__CAPALL,G Pro quality,SCORE70,5.0,,5,,-55.74,-28.931,-5.568,472159.97,14,78.57,-27.731,1
G_Pro_quality__SCORE70__TP5__SL0__H10__CAP200K,G Pro quality,SCORE70,5.0,,10,200000.0,-36.487,-0.192,-5.564,472181.64,21,80.95,-19.254,3
G_Pro_quality__SCORE70__TP5__SL0__H10__CAP500K,G Pro quality,SCORE70,5.0,,10,500000.0,-60.642,-13.316,-9.829,450854.97,13,84.62,-32.761,1
G_Pro_quality__SCORE70__TP5__SL0__H10__CAPALL,G Pro quality,SCORE70,5.0,,10,,-60.642,-13.786,-12.02,439897.83,12,83.33,-34.381,1
G_Pro_quality__SCORE70__TP8__SL5__H3__CAP200K,G Pro quality,SCORE70,8.0,5.0,3,200000.0,-32.027,-26.287,2.226,511131.38,25,44.0,-10.699,2
G_Pro_quality__SCORE70__TP8__SL5__H3__CAP500K,G Pro quality,SCORE70,8.0,5.0,3,500000.0,-36.641,-34.473,22.948,614740.21,22,50.0,-20.405,2
G_Pro_quality__SCORE70__TP8__SL5__H3__CAPALL,G Pro quality,SCORE70,8.0,5.0,3,,-36.641,-34.59,23.728,618638.25,18,55.56,-21.046,1
G_Pro_quality__SCORE70__TP8__SL5__H5__CAP200K,G Pro quality,SCORE70,8.0,5.0,5,200000.0,-32.942,-26.455,4.346,521728.29,25,48.0,-10.699,2
G_Pro_quality__SCORE70__TP8__SL5__H5__CAP500K,G Pro quality,SCORE70,8.0,5.0,5,500000.0,-56.198,-36.848,28.416,642081.9,22,54.55,-20.405,2
G_Pro_quality__SCORE70__TP8__SL5__H5__CAPALL,G Pro quality,SCORE70,8.0,5.0,5,,-56.198,-37.393,31.111,655556.11,18,61.11,-21.046,1
G_Pro_quality__SCORE70__TP8__SL5__H10__CAP200K,G Pro quality,SCORE70,8.0,5.0,10,200000.0,-27.798,6.104,0.904,504518.33,25,44.0,-10.699,2
G_Pro_quality__SCORE70__TP8__SL5__H10__CAP500K,G Pro quality,SCORE70,8.0,5.0,10,500000.0,-45.76,16.148,20.012,600059.3,22,50.0,-20.405,2
G_Pro_quality__SCORE70__TP8__SL5__H10__CAPALL,G Pro quality,SCORE70,8.0,5.0,10,,-45.76,13.587,19.519,597595.15,18,55.56,-21.046,1
G_Pro_quality__SCORE70__TP8__SL8__H3__CAP200K,G Pro quality,SCORE70,8.0,8.0,3,200000.0,-19.95,-17.87,-1.232,493840.17,25,48.0,-13.879,2
G_Pro_quality__SCORE70__TP8__SL8__H3__CAP500K,G Pro quality,SCORE70,8.0,8.0,3,500000.0,-18.436,-45.688,-2.772,486140.6,17,41.18,-19.394,1
G_Pro_quality__SCORE70__TP8__SL8__H3__CAPALL,G Pro quality,SCORE70,8.0,8.0,3,,-18.619,-45.796,-2.984,485080.88,15,46.67,-20.088,1
G_Pro_quality__SCORE70__TP8__SL8__H5__CAP200K,G Pro quality,SCORE70,8.0,8.0,5,200000.0,-16.24,-20.367,-2.391,488043.67,24,54.17,-15.476,2
G_Pro_quality__SCORE70__TP8__SL8__H5__CAP500K,G Pro quality,SCORE70,8.0,8.0,5,500000.0,-6.895,-34.179,-10.073,449636.33,16,50.0,-22.128,1
G_Pro_quality__SCORE70__TP8__SL8__H5__CAPALL,G Pro quality,SCORE70,8.0,8.0,5,,-8.207,-34.888,-10.557,447215.07,14,57.14,-22.413,1
G_Pro_quality__SCORE70__TP8__SL8__H10__CAP200K,G Pro quality,SCORE70,8.0,8.0,10,200000.0,-18.326,15.318,-5.706,471472.04,24,50.0,-15.476,2
G_Pro_quality__SCORE70__TP8__SL8__H10__CAP500K,G Pro quality,SCORE70,8.0,8.0,10,500000.0,-1.379,15.65,-23.147,384263.17,15,40.0,-28.278,1
G_Pro_quality__SCORE70__TP8__SL8__H10__CAPALL,G Pro quality,SCORE70,8.0,8.0,10,,-1.208,7.644,-23.408,382959.44,13,46.15,-28.522,1
G_Pro_quality__SCORE70__TP8__SL12__H3__CAP200K,G Pro quality,SCORE70,8.0,12.0,3,200000.0,-6.871,-12.817,-9.694,451531.99,24,45.83,-18.744,2
G_Pro_quality__SCORE70__TP8__SL12__H3__CAP500K,G Pro quality,SCORE70,8.0,12.0,3,500000.0,20.179,-50.363,-18.363,408185.02,15,46.67,-31.769,1
G_Pro_quality__SCORE70__TP8__SL12__H3__CAPALL,G Pro quality,SCORE70,8.0,12.0,3,,21.364,-50.453,-19.081,404597.03,15,46.67,-32.331,1
G_Pro_quality__SCORE70__TP8__SL12__H5__CAP200K,G Pro quality,SCORE70,8.0,12.0,5,200000.0,-20.294,-9.084,-11.421,442897.37,23,52.17,-21.888,2
G_Pro_quality__SCORE70__TP8__SL12__H5__CAP500K,G Pro quality,SCORE70,8.0,12.0,5,500000.0,-34.425,-23.219,-27.532,362338.58,14,57.14,-37.506,1
G_Pro_quality__SCORE70__TP8__SL12__H5__CAPALL,G Pro quality,SCORE70,8.0,12.0,5,,-34.425,-26.445,-28.234,358827.97,14,57.14,-38.066,1
G_Pro_quality__SCORE70__TP8__SL12__H10__CAP200K,G Pro quality,SCORE70,8.0,12.0,10,200000.0,-15.95,12.95,-12.768,436160.78,21,52.38,-21.888,3
G_Pro_quality__SCORE70__TP8__SL12__H10__CAP500K,G Pro quality,SCORE70,8.0,12.0,10,500000.0,8.271,-35.892,-34.267,328664.5,12,50.0,-39.775,1
G_Pro_quality__SCORE70__TP8__SL12__H10__CAPALL,G Pro quality,SCORE70,8.0,12.0,10,,14.766,-40.433,-34.899,325505.05,12,50.0,-40.353,1
G_Pro_quality__SCORE70__TP8__SL0__H3__CAP200K,G Pro quality,SCORE70,8.0,,3,200000.0,-14.205,-15.266,1.369,506844.19,24,50.0,-10.802,2
G_Pro_quality__SCORE70__TP8__SL0__H3__CAP500K,G Pro quality,SCORE70,8.0,,3,500000.0,-7.661,-52.522,27.315,636576.85,21,52.38,-15.692,2
G_Pro_quality__SCORE70__TP8__SL0__H3__CAPALL,G Pro quality,SCORE70,8.0,,3,,-7.661,-52.616,35.849,679246.71,15,60.0,-15.559,1
G_Pro_quality__SCORE70__TP8__SL0__H5__CAP200K,G Pro quality,SCORE70,8.0,,5,200000.0,-31.232,-5.092,1.794,508971.98,23,65.22,-15.293,2
G_Pro_quality__SCORE70__TP8__SL0__H5__CAP500K,G Pro quality,SCORE70,8.0,,5,500000.0,-48.243,-24.729,-22.606,386971.42,14,57.14,-35.178,1
G_Pro_quality__SCORE70__TP8__SL0__H5__CAPALL,G Pro quality,SCORE70,8.0,,5,,-48.243,-28.332,-23.911,380444.24,12,58.33,-35.549,1
G_Pro_quality__SCORE70__TP8__SL0__H10__CAP200K,G Pro quality,SCORE70,8.0,,10,200000.0,-31.515,15.236,-10.798,446011.37,21,71.43,-23.2,3
G_Pro_quality__SCORE70__TP8__SL0__H10__CAP500K,G Pro quality,SCORE70,8.0,,10,500000.0,-25.364,17.005,-32.109,339456.47,10,50.0,-41.047,1
G_Pro_quality__SCORE70__TP8__SL0__H10__CAPALL,G Pro quality,SCORE70,8.0,,10,,-25.474,5.882,-34.211,328945.52,8,50.0,-42.422,1
G_Pro_quality__SCORE70__TP10__SL5__H3__CAP200K,G Pro quality,SCORE70,10.0,5.0,3,200000.0,-26.588,-18.126,2.508,512540.1,25,40.0,-10.14,2
G_Pro_quality__SCORE70__TP10__SL5__H3__CAP500K,G Pro quality,SCORE70,10.0,5.0,3,500000.0,-31.615,-20.575,14.917,574584.73,23,43.48,-18.456,2
G_Pro_quality__SCORE70__TP10__SL5__H3__CAPALL,G Pro quality,SCORE70,10.0,5.0,3,,-31.615,-21.093,11.653,558263.01,17,47.06,-21.497,1
G_Pro_quality__SCORE70__TP10__SL5__H5__CAP200K,G Pro quality,SCORE70,10.0,5.0,5,200000.0,-27.811,-17.879,3.103,515514.22,25,40.0,-10.622,2
G_Pro_quality__SCORE70__TP10__SL5__H5__CAP500K,G Pro quality,SCORE70,10.0,5.0,5,500000.0,-52.447,-7.93,21.883,609417.06,23,43.48,-18.456,2
G_Pro_quality__SCORE70__TP10__SL5__H5__CAPALL,G Pro quality,SCORE70,10.0,5.0,5,,-52.447,-11.041,22.175,610872.6,17,47.06,-21.497,1
G_Pro_quality__SCORE70__TP10__SL5__H10__CAP200K,G Pro quality,SCORE70,10.0,5.0,10,200000.0,-17.158,10.123,-0.339,498304.26,25,36.0,-12.148,2
G_Pro_quality__SCORE70__TP10__SL5__H10__CAP500K,G Pro quality,SCORE70,10.0,5.0,10,500000.0,-31.865,39.768,14.077,570386.02,23,39.13,-18.456,2
G_Pro_quality__SCORE70__TP10__SL5__H10__CAPALL,G Pro quality,SCORE70,10.0,5.0,10,,-31.865,39.458,11.367,556835.75,17,41.18,-21.497,1
G_Pro_quality__SCORE70__TP10__SL8__H3__CAP200K,G Pro quality,SCORE70,10.0,8.0,3,200000.0,-16.64,-9.39,2.505,512526.34,25,48.0,-13.139,2
G_Pro_quality__SCORE70__TP10__SL8__H3__CAP500K,G Pro quality,SCORE70,10.0,8.0,3,500000.0,-22.94,-41.604,2.754,513770.87,18,38.89,-26.109,2
G_Pro_quality__SCORE70__TP10__SL8__H3__CAPALL,G Pro quality,SCORE70,10.0,8.0,3,,-22.94,-41.803,-0.346,498267.74,16,43.75,-27.842,1
G_Pro_quality__SCORE70__TP10__SL8__H5__CAP200K,G Pro quality,SCORE70,10.0,8.0,5,200000.0,-21.072,-10.314,-3.419,482906.85,24,45.83,-14.655,2
G_Pro_quality__SCORE70__TP10__SL8__H5__CAP500K,G Pro quality,SCORE70,10.0,8.0,5,500000.0,-37.694,-10.017,0.711,503555.1,17,47.06,-26.48,2
G_Pro_quality__SCORE70__TP10__SL8__H5__CAPALL,G Pro quality,SCORE70,10.0,8.0,5,,-37.694,-16.284,-2.19,489050.4,15,53.33,-27.842,1
G_Pro_quality__SCORE70__TP10__SL8__H10__CAP200K,G Pro quality,SCORE70,10.0,8.0,10,200000.0,-36.754,23.591,-6.843,465783.93,23,43.48,-14.655,3
G_Pro_quality__SCORE70__TP10__SL8__H10__CAP500K,G Pro quality,SCORE70,10.0,8.0,10,500000.0,-9.392,17.725,-15.11,424451.82,15,40.0,-29.622,1
G_Pro_quality__SCORE70__TP10__SL8__H10__CAPALL,G Pro quality,SCORE70,10.0,8.0,10,,-9.622,-2.934,-17.763,411182.91,14,42.86,-31.156,1
G_Pro_quality__SCORE70__TP10__SL12__H3__CAP200K,G Pro quality,SCORE70,10.0,12.0,3,200000.0,-12.894,-2.132,-5.626,471869.13,24,45.83,-16.606,2
G_Pro_quality__SCORE70__TP10__SL12__H3__CAP500K,G Pro quality,SCORE70,10.0,12.0,3,500000.0,22.035,-44.466,-11.01,444950.04,16,43.75,-32.007,1
G_Pro_quality__SCORE70__TP10__SL12__H3__CAPALL,G Pro quality,SCORE70,10.0,12.0,3,,23.386,-44.634,-12.85,435751.39,15,46.67,-33.368,1
G_Pro_quality__SCORE70__TP10__SL12__H5__CAP200K,G Pro quality,SCORE70,10.0,12.0,5,200000.0,-31.6,2.065,-10.272,448641.33,23,47.83,-19.656,2
G_Pro_quality__SCORE70__TP10__SL12__H5__CAP500K,G Pro quality,SCORE70,10.0,12.0,5,500000.0,-42.572,4.676,-12.123,439386.34,15,53.33,-32.007,1
G_Pro_quality__SCORE70__TP10__SL12__H5__CAPALL,G Pro quality,SCORE70,10.0,12.0,5,,-42.572,-27.325,-13.953,430236.84,14,57.14,-33.368,1
G_Pro_quality__SCORE70__TP10__SL12__H10__CAP200K,G Pro quality,SCORE70,10.0,12.0,10,200000.0,-23.681,31.223,-6.7,466501.36,21,52.38,-19.656,3
G_Pro_quality__SCORE70__TP10__SL12__H10__CAP500K,G Pro quality,SCORE70,10.0,12.0,10,500000.0,-23.059,-24.49,-21.737,391315.46,13,46.15,-33.216,1
G_Pro_quality__SCORE70__TP10__SL12__H10__CAPALL,G Pro quality,SCORE70,10.0,12.0,10,,-23.059,-34.483,-23.365,383175.15,12,50.0,-34.604,1
G_Pro_quality__SCORE70__TP10__SL0__H3__CAP200K,G Pro quality,SCORE70,10.0,,3,200000.0,-17.874,-4.385,7.359,536796.9,24,50.0,-10.728,2
G_Pro_quality__SCORE70__TP10__SL0__H3__CAP500K,G Pro quality,SCORE70,10.0,,3,500000.0,-3.391,-56.474,29.211,646053.65,21,52.38,-17.486,2
G_Pro_quality__SCORE70__TP10__SL0__H3__CAPALL,G Pro quality,SCORE70,10.0,,3,,-3.391,-56.604,34.689,673443.49,14,57.14,-20.485,1
G_Pro_quality__SCORE70__TP10__SL0__H5__CAP200K,G Pro quality,SCORE70,10.0,,5,200000.0,-35.17,6.306,-7.905,460477.24,23,56.52,-20.49,2
G_Pro_quality__SCORE70__TP10__SL0__H5__CAP500K,G Pro quality,SCORE70,10.0,,5,500000.0,-46.309,6.403,-6.062,469690.67,17,52.94,-32.443,1
G_Pro_quality__SCORE70__TP10__SL0__H5__CAPALL,G Pro quality,SCORE70,10.0,,5,,-46.309,-29.205,-6.734,466329.44,12,58.33,-32.758,1
G_Pro_quality__SCORE70__TP10__SL0__H10__CAP200K,G Pro quality,SCORE70,10.0,,10,200000.0,-22.6,26.902,-17.474,412629.24,20,65.0,-32.074,3
G_Pro_quality__SCORE70__TP10__SL0__H10__CAP500K,G Pro quality,SCORE70,10.0,,10,500000.0,-32.938,-0.023,-12.248,438761.7,11,45.45,-31.549,1
G_Pro_quality__SCORE70__TP10__SL0__H10__CAPALL,G Pro quality,SCORE70,10.0,,10,,-32.938,-16.591,-10.254,448732.23,8,50.0,-29.463,1
G_Pro_quality__SCORE60_NOT_STRONG_TOP__TP3__SL5__H3__CAP200K,G Pro quality,SCORE60_NOT_STRONG_TOP,3.0,5.0,3,200000.0,-45.903,-39.232,-13.468,432661.31,33,57.58,-15.285,1
G_Pro_quality__SCORE60_NOT_STRONG_TOP__TP3__SL5__H3__CAP500K,G Pro quality,SCORE60_NOT_STRONG_TOP,3.0,5.0,3,500000.0,-63.93,-50.54,-26.686,366569.35,26,57.69,-29.766,1
G_Pro_quality__SCORE60_NOT_STRONG_TOP__TP3__SL5__H3__CAPALL,G Pro quality,SCORE60_NOT_STRONG_TOP,3.0,5.0,3,,-63.93,-50.508,-26.871,365646.12,26,57.69,-29.975,1
G_Pro_quality__SCORE60_NOT_STRONG_TOP__TP3__SL5__H5__CAP200K,G Pro quality,SCORE60_NOT_STRONG_TOP,3.0,5.0,5,200000.0,-46.073,-37.763,-12.203,438982.9,33,60.61,-14.043,1
G_Pro_quality__SCORE60_NOT_STRONG_TOP__TP3__SL5__H5__CAP500K,G Pro quality,SCORE60_NOT_STRONG_TOP,3.0,5.0,5,500000.0,-67.538,-50.793,-24.199,379004.99,26,61.54,-29.123,1
G_Pro_quality__SCORE60_NOT_STRONG_TOP__TP3__SL5__H5__CAPALL,G Pro quality,SCORE60_NOT_STRONG_TOP,3.0,5.0,5,,-67.538,-50.779,-24.383,378086.76,26,61.54,-29.331,1
G_Pro_quality__SCORE60_NOT_STRONG_TOP__TP3__SL5__H10__CAP200K,G Pro quality,SCORE60_NOT_STRONG_TOP,3.0,5.0,10,200000.0,-44.592,-39.355,-12.203,438982.9,33,60.61,-14.043,1
G_Pro_quality__SCORE60_NOT_STRONG_TOP__TP3__SL5__H10__CAP500K,G Pro quality,SCORE60_NOT_STRONG_TOP,3.0,5.0,10,500000.0,-67.133,-49.287,-24.199,379004.99,26,61.54,-29.123,1
G_Pro_quality__SCORE60_NOT_STRONG_TOP__TP3__SL5__H10__CAPALL,G Pro quality,SCORE60_NOT_STRONG_TOP,3.0,5.0,10,,-67.133,-49.208,-24.383,378086.76,26,61.54,-29.331,1
G_Pro_quality__SCORE60_NOT_STRONG_TOP__TP3__SL8__H3__CAP200K,G Pro quality,SCORE60_NOT_STRONG_TOP,3.0,8.0,3,200000.0,-38.407,-34.438,-11.64,441800.4,33,66.67,-18.765,1
G_Pro_quality__SCORE60_NOT_STRONG_TOP__TP3__SL8__H3__CAP500K,G Pro quality,SCORE60_NOT_STRONG_TOP,3.0,8.0,3,500000.0,-63.297,-42.25,-25.778,371110.87,25,64.0,-39.966,0
G_Pro_quality__SCORE60_NOT_STRONG_TOP__TP3__SL8__H3__CAPALL,G Pro quality,SCORE60_NOT_STRONG_TOP,3.0,8.0,3,,-63.297,-42.306,-25.814,370930.28,25,64.0,-40.023,0
G_Pro_quality__SCORE60_NOT_STRONG_TOP__TP3__SL8__H5__CAP200K,G Pro quality,SCORE60_NOT_STRONG_TOP,3.0,8.0,5,200000.0,-34.548,-35.737,-11.654,441730.35,32,71.88,-18.765,1
G_Pro_quality__SCORE60_NOT_STRONG_TOP__TP3__SL8__H5__CAP500K,G Pro quality,SCORE60_NOT_STRONG_TOP,3.0,8.0,5,500000.0,-43.049,-47.928,-29.258,353711.96,23,69.57,-39.966,1
G_Pro_quality__SCORE60_NOT_STRONG_TOP__TP3__SL8__H5__CAPALL,G Pro quality,SCORE60_NOT_STRONG_TOP,3.0,8.0,5,,-43.049,-48.021,-29.294,353531.61,23,69.57,-40.023,1
G_Pro_quality__SCORE60_NOT_STRONG_TOP__TP3__SL8__H10__CAP200K,G Pro quality,SCORE60_NOT_STRONG_TOP,3.0,8.0,10,200000.0,-36.714,-25.826,-11.654,441730.35,32,71.88,-18.765,1
G_Pro_quality__SCORE60_NOT_STRONG_TOP__TP3__SL8__H10__CAP500K,G Pro quality,SCORE60_NOT_STRONG_TOP,3.0,8.0,10,500000.0,-46.044,-47.722,-29.258,353711.96,23,69.57,-39.966,1
G_Pro_quality__SCORE60_NOT_STRONG_TOP__TP3__SL8__H10__CAPALL,G Pro quality,SCORE60_NOT_STRONG_TOP,3.0,8.0,10,,-46.077,-48.026,-29.294,353531.61,23,69.57,-40.023,1
G_Pro_quality__SCORE60_NOT_STRONG_TOP__TP3__SL12__H3__CAP200K,G Pro quality,SCORE60_NOT_STRONG_TOP,3.0,12.0,3,200000.0,-35.436,-31.58,-6.02,469899.38,32,75.0,-16.221,1
G_Pro_quality__SCORE60_NOT_STRONG_TOP__TP3__SL12__H3__CAP500K,G Pro quality,SCORE60_NOT_STRONG_TOP,3.0,12.0,3,500000.0,-51.764,-48.223,-10.406,447970.93,25,76.0,-35.775,0
G_Pro_quality__SCORE60_NOT_STRONG_TOP__TP3__SL12__H3__CAPALL,G Pro quality,SCORE60_NOT_STRONG_TOP,3.0,12.0,3,,-51.764,-48.261,-11.238,443807.51,25,76.0,-36.415,0
G_Pro_quality__SCORE60_NOT_STRONG_TOP__TP3__SL12__H5__CAP200K,G Pro quality,SCORE60_NOT_STRONG_TOP,3.0,12.0,5,200000.0,-32.864,-33.375,-5.911,470445.37,31,80.65,-16.221,1
G_Pro_quality__SCORE60_NOT_STRONG_TOP__TP3__SL12__H5__CAP500K,G Pro quality,SCORE60_NOT_STRONG_TOP,3.0,12.0,5,500000.0,-27.702,-46.921,-14.1,429498.98,23,82.61,-35.775,1
G_Pro_quality__SCORE60_NOT_STRONG_TOP__TP3__SL12__H5__CAPALL,G Pro quality,SCORE60_NOT_STRONG_TOP,3.0,12.0,5,,-27.702,-46.776,-14.903,425486.48,23,82.61,-36.415,1
G_Pro_quality__SCORE60_NOT_STRONG_TOP__TP3__SL12__H10__CAP200K,G Pro quality,SCORE60_NOT_STRONG_TOP,3.0,12.0,10,200000.0,-29.094,-28.367,-3.416,482922.09,28,85.71,-16.221,3
G_Pro_quality__SCORE60_NOT_STRONG_TOP__TP3__SL12__H10__CAP500K,G Pro quality,SCORE60_NOT_STRONG_TOP,3.0,12.0,10,500000.0,-50.316,-45.211,-9.01,454948.48,22,86.36,-35.775,1
G_Pro_quality__SCORE60_NOT_STRONG_TOP__TP3__SL12__H10__CAPALL,G Pro quality,SCORE60_NOT_STRONG_TOP,3.0,12.0,10,,-50.316,-45.618,-9.859,450706.98,22,86.36,-36.415,1
G_Pro_quality__SCORE60_NOT_STRONG_TOP__TP3__SL0__H3__CAP200K,G Pro quality,SCORE60_NOT_STRONG_TOP,3.0,,3,200000.0,-34.698,-31.99,2.982,514908.38,32,75.0,-9.766,1
G_Pro_quality__SCORE60_NOT_STRONG_TOP__TP3__SL0__H3__CAP500K,G Pro quality,SCORE60_NOT_STRONG_TOP,3.0,,3,500000.0,-59.798,-49.364,18.133,590666.16,30,80.0,-17.008,1
G_Pro_quality__SCORE60_NOT_STRONG_TOP__TP3__SL0__H3__CAPALL,G Pro quality,SCORE60_NOT_STRONG_TOP,3.0,,3,,-59.798,-49.403,20.263,601316.32,24,79.17,-17.352,0
G_Pro_quality__SCORE60_NOT_STRONG_TOP__TP3__SL0__H5__CAP200K,G Pro quality,SCORE60_NOT_STRONG_TOP,3.0,,5,200000.0,-23.56,-35.529,11.533,557667.33,31,90.32,-11.285,1
G_Pro_quality__SCORE60_NOT_STRONG_TOP__TP3__SL0__H5__CAP500K,G Pro quality,SCORE60_NOT_STRONG_TOP,3.0,,5,500000.0,-16.313,-52.789,16.053,580266.88,30,90.0,-18.287,1
G_Pro_quality__SCORE60_NOT_STRONG_TOP__TP3__SL0__H5__CAPALL,G Pro quality,SCORE60_NOT_STRONG_TOP,3.0,,5,,-16.313,-53.057,14.618,573088.17,22,90.91,-18.878,1
G_Pro_quality__SCORE60_NOT_STRONG_TOP__TP3__SL0__H10__CAP200K,G Pro quality,SCORE60_NOT_STRONG_TOP,3.0,,10,200000.0,-9.999,-31.391,16.959,584795.67,28,96.43,-9.29,3
G_Pro_quality__SCORE60_NOT_STRONG_TOP__TP3__SL0__H10__CAP500K,G Pro quality,SCORE60_NOT_STRONG_TOP,3.0,,10,500000.0,-47.862,-44.54,31.983,659915.14,26,96.15,-14.069,2
G_Pro_quality__SCORE60_NOT_STRONG_TOP__TP3__SL0__H10__CAPALL,G Pro quality,SCORE60_NOT_STRONG_TOP,3.0,,10,,-47.862,-45.722,33.57,667851.68,20,95.0,-15.911,1
G_Pro_quality__SCORE60_NOT_STRONG_TOP__TP5__SL5__H3__CAP200K,G Pro quality,SCORE60_NOT_STRONG_TOP,5.0,5.0,3,200000.0,-34.907,-29.863,-4.937,475316.98,32,50.0,-9.612,1
G_Pro_quality__SCORE60_NOT_STRONG_TOP__TP5__SL5__H3__CAP500K,G Pro quality,SCORE60_NOT_STRONG_TOP,5.0,5.0,3,500000.0,-53.891,-38.884,-6.606,466971.81,23,47.83,-15.189,1
G_Pro_quality__SCORE60_NOT_STRONG_TOP__TP5__SL5__H3__CAPALL,G Pro quality,SCORE60_NOT_STRONG_TOP,5.0,5.0,3,,-53.891,-38.649,-6.783,466083.66,21,52.38,-15.477,1
G_Pro_quality__SCORE60_NOT_STRONG_TOP__TP5__SL5__H5__CAP200K,G Pro quality,SCORE60_NOT_STRONG_TOP,5.0,5.0,5,200000.0,-35.269,-24.507,-3.491,482543.94,32,53.12,-9.612,1
G_Pro_quality__SCORE60_NOT_STRONG_TOP__TP5__SL5__H5__CAP500K,G Pro quality,SCORE60_NOT_STRONG_TOP,5.0,5.0,5,500000.0,-57.908,-30.03,-2.328,488357.61,24,54.17,-15.189,1
G_Pro_quality__SCORE60_NOT_STRONG_TOP__TP5__SL5__H5__CAPALL,G Pro quality,SCORE60_NOT_STRONG_TOP,5.0,5.0,5,,-57.908,-30.409,-3.074,484632.09,21,57.14,-15.477,1
G_Pro_quality__SCORE60_NOT_STRONG_TOP__TP5__SL5__H10__CAP200K,G Pro quality,SCORE60_NOT_STRONG_TOP,5.0,5.0,10,200000.0,-33.997,-19.207,-0.762,496187.89,32,56.25,-9.612,1
G_Pro_quality__SCORE60_NOT_STRONG_TOP__TP5__SL5__H10__CAP500K,G Pro quality,SCORE60_NOT_STRONG_TOP,5.0,5.0,10,500000.0,-56.642,-15.833,4.51,522547.57,27,55.56,-15.189,1
G_Pro_quality__SCORE60_NOT_STRONG_TOP__TP5__SL5__H10__CAPALL,G Pro quality,SCORE60_NOT_STRONG_TOP,5.0,5.0,10,,-56.642,-16.684,4.174,520867.91,21,61.9,-15.477,1
G_Pro_quality__SCORE60_NOT_STRONG_TOP__TP5__SL8__H3__CAP200K,G Pro quality,SCORE60_NOT_STRONG_TOP,5.0,8.0,3,200000.0,-33.125,-27.283,-5.454,472731.15,32,56.25,-17.279,1
G_Pro_quality__SCORE60_NOT_STRONG_TOP__TP5__SL8__H3__CAP500K,G Pro quality,SCORE60_NOT_STRONG_TOP,5.0,8.0,3,500000.0,-53.268,-31.608,6.352,531759.06,24,62.5,-23.131,1
G_Pro_quality__SCORE60_NOT_STRONG_TOP__TP5__SL8__H3__CAPALL,G Pro quality,SCORE60_NOT_STRONG_TOP,5.0,8.0,3,,-53.298,-31.356,4.904,524519.74,20,60.0,-24.11,0
G_Pro_quality__SCORE60_NOT_STRONG_TOP__TP5__SL8__H5__CAP200K,G Pro quality,SCORE60_NOT_STRONG_TOP,5.0,8.0,5,200000.0,-33.046,-28.232,-7.257,463714.74,31,61.29,-18.872,1
G_Pro_quality__SCORE60_NOT_STRONG_TOP__TP5__SL8__H5__CAP500K,G Pro quality,SCORE60_NOT_STRONG_TOP,5.0,8.0,5,500000.0,-6.379,-26.105,-3.84,480797.68,21,66.67,-23.131,1
G_Pro_quality__SCORE60_NOT_STRONG_TOP__TP5__SL8__H5__CAPALL,G Pro quality,SCORE60_NOT_STRONG_TOP,5.0,8.0,5,,-6.474,-26.273,-5.609,471953.65,18,66.67,-24.11,1
G_Pro_quality__SCORE60_NOT_STRONG_TOP__TP5__SL8__H10__CAP200K,G Pro quality,SCORE60_NOT_STRONG_TOP,5.0,8.0,10,200000.0,-39.678,-7.737,-4.507,477465.63,31,64.52,-18.872,1
G_Pro_quality__SCORE60_NOT_STRONG_TOP__TP5__SL8__H10__CAP500K,G Pro quality,SCORE60_NOT_STRONG_TOP,5.0,8.0,10,500000.0,-35.367,-38.528,3.046,515230.77,22,72.73,-23.131,1
G_Pro_quality__SCORE60_NOT_STRONG_TOP__TP5__SL8__H10__CAPALL,G Pro quality,SCORE60_NOT_STRONG_TOP,5.0,8.0,10,,-35.944,-38.552,1.437,507185.33,18,72.22,-24.11,1
G_Pro_quality__SCORE60_NOT_STRONG_TOP__TP5__SL12__H3__CAP200K,G Pro quality,SCORE60_NOT_STRONG_TOP,5.0,12.0,3,200000.0,-19.418,-25.067,-8.55,457248.68,30,56.67,-18.976,1
G_Pro_quality__SCORE60_NOT_STRONG_TOP__TP5__SL12__H3__CAP500K,G Pro quality,SCORE60_NOT_STRONG_TOP,5.0,12.0,3,500000.0,-27.794,-49.198,-9.276,453621.61,20,60.0,-34.245,0
G_Pro_quality__SCORE60_NOT_STRONG_TOP__TP5__SL12__H3__CAPALL,G Pro quality,SCORE60_NOT_STRONG_TOP,5.0,12.0,3,,-27.794,-49.277,-10.337,448315.36,20,60.0,-35.117,0
G_Pro_quality__SCORE60_NOT_STRONG_TOP__TP5__SL12__H5__CAP200K,G Pro quality,SCORE60_NOT_STRONG_TOP,5.0,12.0,5,200000.0,-33.225,-29.782,-10.917,445414.7,29,62.07,-22.105,1
G_Pro_quality__SCORE60_NOT_STRONG_TOP__TP5__SL12__H5__CAP500K,G Pro quality,SCORE60_NOT_STRONG_TOP,5.0,12.0,5,500000.0,-19.53,-47.493,-21.481,392596.4,18,66.67,-35.892,1
G_Pro_quality__SCORE60_NOT_STRONG_TOP__TP5__SL12__H5__CAPALL,G Pro quality,SCORE60_NOT_STRONG_TOP,5.0,12.0,5,,-19.53,-48.014,-22.386,388070.17,18,66.67,-36.729,1
G_Pro_quality__SCORE60_NOT_STRONG_TOP__TP5__SL12__H10__CAP200K,G Pro quality,SCORE60_NOT_STRONG_TOP,5.0,12.0,10,200000.0,-35.093,-25.868,-7.45,462750.69,26,69.23,-22.105,3
G_Pro_quality__SCORE60_NOT_STRONG_TOP__TP5__SL12__H10__CAP500K,G Pro quality,SCORE60_NOT_STRONG_TOP,5.0,12.0,10,500000.0,-30.228,-47.224,-10.612,446940.97,17,76.47,-35.892,1
G_Pro_quality__SCORE60_NOT_STRONG_TOP__TP5__SL12__H10__CAPALL,G Pro quality,SCORE60_NOT_STRONG_TOP,5.0,12.0,10,,-30.228,-47.276,-11.642,441790.87,17,76.47,-36.729,1
G_Pro_quality__SCORE60_NOT_STRONG_TOP__TP5__SL0__H3__CAP200K,G Pro quality,SCORE60_NOT_STRONG_TOP,5.0,,3,200000.0,-25.47,-23.554,-3.007,484963.77,30,56.67,-14.647,1
G_Pro_quality__SCORE60_NOT_STRONG_TOP__TP5__SL0__H3__CAP500K,G Pro quality,SCORE60_NOT_STRONG_TOP,5.0,,3,500000.0,-34.269,-46.547,20.144,600722.25,27,62.96,-14.656,1
G_Pro_quality__SCORE60_NOT_STRONG_TOP__TP5__SL0__H3__CAPALL,G Pro quality,SCORE60_NOT_STRONG_TOP,5.0,,3,,-34.269,-46.621,21.508,607541.19,19,63.16,-15.636,0
G_Pro_quality__SCORE60_NOT_STRONG_TOP__TP5__SL0__H5__CAP200K,G Pro quality,SCORE60_NOT_STRONG_TOP,5.0,,5,200000.0,-38.702,-29.768,-1.96,490198.54,29,72.41,-19.479,1
G_Pro_quality__SCORE60_NOT_STRONG_TOP__TP5__SL0__H5__CAP500K,G Pro quality,SCORE60_NOT_STRONG_TOP,5.0,,5,500000.0,-49.681,-39.567,2.546,512730.22,24,75.0,-25.335,1
G_Pro_quality__SCORE60_NOT_STRONG_TOP__TP5__SL0__H5__CAPALL,G Pro quality,SCORE60_NOT_STRONG_TOP,5.0,,5,,-49.681,-40.202,-0.508,497457.89,17,76.47,-27.612,1
G_Pro_quality__SCORE60_NOT_STRONG_TOP__TP5__SL0__H10__CAP200K,G Pro quality,SCORE60_NOT_STRONG_TOP,5.0,,10,200000.0,-46.929,-18.77,-9.903,450486.33,26,80.77,-31.578,3
G_Pro_quality__SCORE60_NOT_STRONG_TOP__TP5__SL0__H10__CAP500K,G Pro quality,SCORE60_NOT_STRONG_TOP,5.0,,10,500000.0,-57.479,-39.702,-1.117,494413.07,17,82.35,-34.45,2
G_Pro_quality__SCORE60_NOT_STRONG_TOP__TP5__SL0__H10__CAPALL,G Pro quality,SCORE60_NOT_STRONG_TOP,5.0,,10,,-57.479,-40.308,-0.424,497878.67,15,86.67,-34.335,1
G_Pro_quality__SCORE60_NOT_STRONG_TOP__TP8__SL5__H3__CAP200K,G Pro quality,SCORE60_NOT_STRONG_TOP,8.0,5.0,3,200000.0,-39.428,-27.955,4.617,523083.31,31,45.16,-12.541,2
G_Pro_quality__SCORE60_NOT_STRONG_TOP__TP8__SL5__H3__CAP500K,G Pro quality,SCORE60_NOT_STRONG_TOP,8.0,5.0,3,500000.0,-54.74,-38.58,29.376,646880.23,28,50.0,-20.285,2
G_Pro_quality__SCORE60_NOT_STRONG_TOP__TP8__SL5__H3__CAPALL,G Pro quality,SCORE60_NOT_STRONG_TOP,8.0,5.0,3,,-54.74,-38.473,28.527,642634.17,20,55.0,-21.058,1
G_Pro_quality__SCORE60_NOT_STRONG_TOP__TP8__SL5__H5__CAP200K,G Pro quality,SCORE60_NOT_STRONG_TOP,8.0,5.0,5,200000.0,-37.454,-34.944,7.482,537410.05,31,48.39,-12.353,2
G_Pro_quality__SCORE60_NOT_STRONG_TOP__TP8__SL5__H5__CAP500K,G Pro quality,SCORE60_NOT_STRONG_TOP,8.0,5.0,5,500000.0,-64.723,-35.254,37.207,686036.07,29,51.72,-20.002,2
G_Pro_quality__SCORE60_NOT_STRONG_TOP__TP8__SL5__H5__CAPALL,G Pro quality,SCORE60_NOT_STRONG_TOP,8.0,5.0,5,,-64.723,-35.573,38.926,694627.78,20,60.0,-21.049,1
G_Pro_quality__SCORE60_NOT_STRONG_TOP__TP8__SL5__H10__CAP200K,G Pro quality,SCORE60_NOT_STRONG_TOP,8.0,5.0,10,200000.0,-31.675,-0.954,7.889,539445.36,31,48.39,-12.353,2
G_Pro_quality__SCORE60_NOT_STRONG_TOP__TP8__SL5__H10__CAP500K,G Pro quality,SCORE60_NOT_STRONG_TOP,8.0,5.0,10,500000.0,-55.081,8.676,37.603,688014.46,29,51.72,-20.002,2
G_Pro_quality__SCORE60_NOT_STRONG_TOP__TP8__SL5__H10__CAPALL,G Pro quality,SCORE60_NOT_STRONG_TOP,8.0,5.0,10,,-55.081,8.199,39.992,699957.87,20,60.0,-21.049,1
G_Pro_quality__SCORE60_NOT_STRONG_TOP__TP8__SL8__H3__CAP200K,G Pro quality,SCORE60_NOT_STRONG_TOP,8.0,8.0,3,200000.0,-29.961,-21.945,-0.954,495231.93,31,48.39,-17.212,2
G_Pro_quality__SCORE60_NOT_STRONG_TOP__TP8__SL8__H3__CAP500K,G Pro quality,SCORE60_NOT_STRONG_TOP,8.0,8.0,3,500000.0,-43.089,-32.048,1.049,505245.61,26,46.15,-19.32,2
G_Pro_quality__SCORE60_NOT_STRONG_TOP__TP8__SL8__H3__CAPALL,G Pro quality,SCORE60_NOT_STRONG_TOP,8.0,8.0,3,,-43.228,-32.046,0.683,503415.87,17,47.06,-20.888,1
G_Pro_quality__SCORE60_NOT_STRONG_TOP__TP8__SL8__H5__CAP200K,G Pro quality,SCORE60_NOT_STRONG_TOP,8.0,8.0,5,200000.0,-28.791,-29.726,-1.389,493054.36,30,53.33,-18.31,2
G_Pro_quality__SCORE60_NOT_STRONG_TOP__TP8__SL8__H5__CAP500K,G Pro quality,SCORE60_NOT_STRONG_TOP,8.0,8.0,5,500000.0,-24.521,-29.638,-4.787,476063.03,25,52.0,-22.828,1
G_Pro_quality__SCORE60_NOT_STRONG_TOP__TP8__SL8__H5__CAPALL,G Pro quality,SCORE60_NOT_STRONG_TOP,8.0,8.0,5,,-24.521,-30.073,-5.412,472940.48,16,56.25,-24.636,1
G_Pro_quality__SCORE60_NOT_STRONG_TOP__TP8__SL8__H10__CAP200K,G Pro quality,SCORE60_NOT_STRONG_TOP,8.0,8.0,10,200000.0,-36.656,13.724,-1.88,490598.91,30,53.33,-18.31,2
G_Pro_quality__SCORE60_NOT_STRONG_TOP__TP8__SL8__H10__CAP500K,G Pro quality,SCORE60_NOT_STRONG_TOP,8.0,8.0,10,500000.0,-24.909,7.02,-9.548,452258.26,23,52.17,-26.574,1
G_Pro_quality__SCORE60_NOT_STRONG_TOP__TP8__SL8__H10__CAPALL,G Pro quality,SCORE60_NOT_STRONG_TOP,8.0,8.0,10,,-24.909,3.553,-10.464,447680.77,15,53.33,-28.661,1
G_Pro_quality__SCORE60_NOT_STRONG_TOP__TP8__SL12__H3__CAP200K,G Pro quality,SCORE60_NOT_STRONG_TOP,8.0,12.0,3,200000.0,-4.343,-19.568,-8.551,457246.03,29,48.28,-21.136,2
G_Pro_quality__SCORE60_NOT_STRONG_TOP__TP8__SL12__H3__CAP500K,G Pro quality,SCORE60_NOT_STRONG_TOP,8.0,12.0,3,500000.0,-9.332,-48.979,-15.259,423705.39,19,42.11,-32.085,1
G_Pro_quality__SCORE60_NOT_STRONG_TOP__TP8__SL12__H3__CAPALL,G Pro quality,SCORE60_NOT_STRONG_TOP,8.0,12.0,3,,-9.332,-48.975,-15.979,420104.74,17,47.06,-33.98,1
G_Pro_quality__SCORE60_NOT_STRONG_TOP__TP8__SL12__H5__CAP200K,G Pro quality,SCORE60_NOT_STRONG_TOP,8.0,12.0,5,200000.0,-19.837,-18.873,-9.758,451211.92,28,53.57,-22.85,2
G_Pro_quality__SCORE60_NOT_STRONG_TOP__TP8__SL12__H5__CAP500K,G Pro quality,SCORE60_NOT_STRONG_TOP,8.0,12.0,5,500000.0,-20.252,-32.277,-22.877,385615.07,18,50.0,-37.057,1
G_Pro_quality__SCORE60_NOT_STRONG_TOP__TP8__SL12__H5__CAPALL,G Pro quality,SCORE60_NOT_STRONG_TOP,8.0,12.0,5,,-20.252,-33.424,-24.065,379675.97,16,56.25,-39.498,1
G_Pro_quality__SCORE60_NOT_STRONG_TOP__TP8__SL12__H10__CAP200K,G Pro quality,SCORE60_NOT_STRONG_TOP,8.0,12.0,10,200000.0,-24.87,12.616,-9.389,453057.2,26,57.69,-22.85,3
G_Pro_quality__SCORE60_NOT_STRONG_TOP__TP8__SL12__H10__CAP500K,G Pro quality,SCORE60_NOT_STRONG_TOP,8.0,12.0,10,500000.0,20.44,-33.643,-22.67,386649.83,16,50.0,-38.039,1
G_Pro_quality__SCORE60_NOT_STRONG_TOP__TP8__SL12__H10__CAPALL,G Pro quality,SCORE60_NOT_STRONG_TOP,8.0,12.0,10,,41.944,-34.0,-23.859,380702.63,14,57.14,-40.441,1
G_Pro_quality__SCORE60_NOT_STRONG_TOP__TP8__SL0__H3__CAP200K,G Pro quality,SCORE60_NOT_STRONG_TOP,8.0,,3,200000.0,-10.825,-20.121,-2.47,487649.42,29,48.28,-17.694,2
G_Pro_quality__SCORE60_NOT_STRONG_TOP__TP8__SL0__H3__CAP500K,G Pro quality,SCORE60_NOT_STRONG_TOP,8.0,,3,500000.0,-25.666,-48.034,30.515,652574.04,26,53.85,-17.742,2
G_Pro_quality__SCORE60_NOT_STRONG_TOP__TP8__SL0__H3__CAPALL,G Pro quality,SCORE60_NOT_STRONG_TOP,8.0,,3,,-25.666,-48.023,41.142,705710.65,17,58.82,-15.555,1
G_Pro_quality__SCORE60_NOT_STRONG_TOP__TP8__SL0__H5__CAP200K,G Pro quality,SCORE60_NOT_STRONG_TOP,8.0,,5,200000.0,-27.137,-14.951,2.503,512513.52,28,64.29,-22.901,2
G_Pro_quality__SCORE60_NOT_STRONG_TOP__TP8__SL0__H5__CAP500K,G Pro quality,SCORE60_NOT_STRONG_TOP,8.0,,5,500000.0,-37.005,-49.702,-18.992,405042.33,17,58.82,-36.204,1
G_Pro_quality__SCORE60_NOT_STRONG_TOP__TP8__SL0__H5__CAPALL,G Pro quality,SCORE60_NOT_STRONG_TOP,8.0,,5,,-37.005,-52.036,-19.54,402299.45,14,57.14,-35.893,1
G_Pro_quality__SCORE60_NOT_STRONG_TOP__TP8__SL0__H10__CAP200K,G Pro quality,SCORE60_NOT_STRONG_TOP,8.0,,10,200000.0,-43.868,20.504,-22.691,386544.5,23,69.57,-37.459,2
G_Pro_quality__SCORE60_NOT_STRONG_TOP__TP8__SL0__H10__CAP500K,G Pro quality,SCORE60_NOT_STRONG_TOP,8.0,,10,500000.0,-15.039,-14.358,-24.619,376905.01,13,61.54,-43.637,1
G_Pro_quality__SCORE60_NOT_STRONG_TOP__TP8__SL0__H10__CAPALL,G Pro quality,SCORE60_NOT_STRONG_TOP,8.0,,10,,-17.143,-17.073,-22.996,385018.36,10,60.0,-42.417,1
G_Pro_quality__SCORE60_NOT_STRONG_TOP__TP10__SL5__H3__CAP200K,G Pro quality,SCORE60_NOT_STRONG_TOP,10.0,5.0,3,200000.0,-32.62,-21.522,4.802,524009.02,31,41.94,-12.103,2
G_Pro_quality__SCORE60_NOT_STRONG_TOP__TP10__SL5__H3__CAP500K,G Pro quality,SCORE60_NOT_STRONG_TOP,10.0,5.0,3,500000.0,-46.665,-30.133,10.122,550610.64,28,46.43,-21.894,2
G_Pro_quality__SCORE60_NOT_STRONG_TOP__TP10__SL5__H3__CAPALL,G Pro quality,SCORE60_NOT_STRONG_TOP,10.0,5.0,3,,-46.665,-30.015,2.687,513436.01,20,45.0,-28.31,1
G_Pro_quality__SCORE60_NOT_STRONG_TOP__TP10__SL5__H5__CAP200K,G Pro quality,SCORE60_NOT_STRONG_TOP,10.0,5.0,5,200000.0,-31.017,-29.555,4.645,523224.89,31,38.71,-12.106,2
G_Pro_quality__SCORE60_NOT_STRONG_TOP__TP10__SL5__H5__CAP500K,G Pro quality,SCORE60_NOT_STRONG_TOP,10.0,5.0,5,500000.0,-58.14,-23.893,16.202,581008.66,28,42.86,-21.924,2
G_Pro_quality__SCORE60_NOT_STRONG_TOP__TP10__SL5__H5__CAPALL,G Pro quality,SCORE60_NOT_STRONG_TOP,10.0,5.0,5,,-58.14,-25.312,9.769,548843.58,20,40.0,-26.001,1
G_Pro_quality__SCORE60_NOT_STRONG_TOP__TP10__SL5__H10__CAP200K,G Pro quality,SCORE60_NOT_STRONG_TOP,10.0,5.0,10,200000.0,-20.217,-0.493,4.391,521957.15,31,38.71,-12.279,2
G_Pro_quality__SCORE60_NOT_STRONG_TOP__TP10__SL5__H10__CAP500K,G Pro quality,SCORE60_NOT_STRONG_TOP,10.0,5.0,10,500000.0,-28.744,1.056,13.317,566585.7,28,42.86,-22.452,2
G_Pro_quality__SCORE60_NOT_STRONG_TOP__TP10__SL5__H10__CAPALL,G Pro quality,SCORE60_NOT_STRONG_TOP,10.0,5.0,10,,-28.744,-7.333,8.083,540412.97,20,40.0,-25.994,1
G_Pro_quality__SCORE60_NOT_STRONG_TOP__TP10__SL8__H3__CAP200K,G Pro quality,SCORE60_NOT_STRONG_TOP,10.0,8.0,3,200000.0,-22.3,-18.665,2.362,511809.36,31,48.39,-16.417,2
G_Pro_quality__SCORE60_NOT_STRONG_TOP__TP10__SL8__H3__CAP500K,G Pro quality,SCORE60_NOT_STRONG_TOP,10.0,8.0,3,500000.0,-39.729,-20.858,-6.641,466795.81,20,40.0,-31.245,1
G_Pro_quality__SCORE60_NOT_STRONG_TOP__TP10__SL8__H3__CAPALL,G Pro quality,SCORE60_NOT_STRONG_TOP,10.0,8.0,3,,-39.729,-20.942,-11.275,443623.16,19,42.11,-34.538,1
G_Pro_quality__SCORE60_NOT_STRONG_TOP__TP10__SL8__H5__CAP200K,G Pro quality,SCORE60_NOT_STRONG_TOP,10.0,8.0,5,200000.0,-28.55,-24.02,-4.253,478732.75,30,43.33,-17.945,2
G_Pro_quality__SCORE60_NOT_STRONG_TOP__TP10__SL8__H5__CAP500K,G Pro quality,SCORE60_NOT_STRONG_TOP,10.0,8.0,5,500000.0,-51.34,-17.232,-10.621,446893.55,20,45.0,-31.56,1
G_Pro_quality__SCORE60_NOT_STRONG_TOP__TP10__SL8__H5__CAPALL,G Pro quality,SCORE60_NOT_STRONG_TOP,10.0,8.0,5,,-51.34,-18.675,-14.896,425518.32,18,44.44,-34.134,1
G_Pro_quality__SCORE60_NOT_STRONG_TOP__TP10__SL8__H10__CAP200K,G Pro quality,SCORE60_NOT_STRONG_TOP,10.0,8.0,10,200000.0,-44.954,7.094,-3.618,481909.2,29,44.83,-17.726,3
G_Pro_quality__SCORE60_NOT_STRONG_TOP__TP10__SL8__H10__CAP500K,G Pro quality,SCORE60_NOT_STRONG_TOP,10.0,8.0,10,500000.0,-41.644,-16.836,-24.772,376140.12,17,35.29,-35.787,1
G_Pro_quality__SCORE60_NOT_STRONG_TOP__TP10__SL8__H10__CAPALL,G Pro quality,SCORE60_NOT_STRONG_TOP,10.0,8.0,10,,-41.644,-22.762,-27.028,364859.16,16,37.5,-37.164,1
G_Pro_quality__SCORE60_NOT_STRONG_TOP__TP10__SL12__H3__CAP200K,G Pro quality,SCORE60_NOT_STRONG_TOP,10.0,12.0,3,200000.0,-8.153,-15.56,-4.603,476985.03,29,48.28,-16.73,2
G_Pro_quality__SCORE60_NOT_STRONG_TOP__TP10__SL12__H3__CAP500K,G Pro quality,SCORE60_NOT_STRONG_TOP,10.0,12.0,3,500000.0,18.548,-40.374,-11.199,444004.94,19,42.11,-31.336,1
G_Pro_quality__SCORE60_NOT_STRONG_TOP__TP10__SL12__H3__CAPALL,G Pro quality,SCORE60_NOT_STRONG_TOP,10.0,12.0,3,,19.26,-40.451,-15.098,424510.43,17,47.06,-35.035,1
G_Pro_quality__SCORE60_NOT_STRONG_TOP__TP10__SL12__H5__CAP200K,G Pro quality,SCORE60_NOT_STRONG_TOP,10.0,12.0,5,200000.0,-22.652,-20.062,-9.952,450239.52,28,46.43,-19.876,2
G_Pro_quality__SCORE60_NOT_STRONG_TOP__TP10__SL12__H5__CAP500K,G Pro quality,SCORE60_NOT_STRONG_TOP,10.0,12.0,5,500000.0,-42.41,-42.633,-15.241,423794.85,18,44.44,-30.771,1
G_Pro_quality__SCORE60_NOT_STRONG_TOP__TP10__SL12__H5__CAPALL,G Pro quality,SCORE60_NOT_STRONG_TOP,10.0,12.0,5,,-42.41,-40.937,-18.088,409561.77,16,50.0,-33.697,1
G_Pro_quality__SCORE60_NOT_STRONG_TOP__TP10__SL12__H10__CAP200K,G Pro quality,SCORE60_NOT_STRONG_TOP,10.0,12.0,10,200000.0,-5.88,-4.459,-4.576,477120.9,26,53.85,-19.649,3
G_Pro_quality__SCORE60_NOT_STRONG_TOP__TP10__SL12__H10__CAP500K,G Pro quality,SCORE60_NOT_STRONG_TOP,10.0,12.0,10,500000.0,-26.718,-37.166,-24.369,378154.14,14,42.86,-33.639,1
G_Pro_quality__SCORE60_NOT_STRONG_TOP__TP10__SL12__H10__CAPALL,G Pro quality,SCORE60_NOT_STRONG_TOP,10.0,12.0,10,,-26.718,-38.298,-25.57,372147.65,13,46.15,-34.692,1
G_Pro_quality__SCORE60_NOT_STRONG_TOP__TP10__SL0__H3__CAP200K,G Pro quality,SCORE60_NOT_STRONG_TOP,10.0,,3,200000.0,-12.297,-15.752,2.247,511232.53,29,48.28,-17.407,2
G_Pro_quality__SCORE60_NOT_STRONG_TOP__TP10__SL0__H3__CAP500K,G Pro quality,SCORE60_NOT_STRONG_TOP,10.0,,3,500000.0,0.638,-50.664,20.428,602139.7,25,52.0,-24.422,2
G_Pro_quality__SCORE60_NOT_STRONG_TOP__TP10__SL0__H3__CAPALL,G Pro quality,SCORE60_NOT_STRONG_TOP,10.0,,3,,0.638,-50.713,17.573,587865.16,16,56.25,-28.82,1
G_Pro_quality__SCORE60_NOT_STRONG_TOP__TP10__SL0__H5__CAP200K,G Pro quality,SCORE60_NOT_STRONG_TOP,10.0,,5,200000.0,-28.024,-19.562,-2.135,489322.8,28,57.14,-22.883,2
G_Pro_quality__SCORE60_NOT_STRONG_TOP__TP10__SL0__H5__CAP500K,G Pro quality,SCORE60_NOT_STRONG_TOP,10.0,,5,500000.0,-33.522,-54.563,-18.603,406983.9,17,47.06,-37.911,1
G_Pro_quality__SCORE60_NOT_STRONG_TOP__TP10__SL0__H5__CAPALL,G Pro quality,SCORE60_NOT_STRONG_TOP,10.0,,5,,-33.522,-53.795,-19.748,401257.55,14,50.0,-39.121,1
G_Pro_quality__SCORE60_NOT_STRONG_TOP__TP10__SL0__H10__CAP200K,G Pro quality,SCORE60_NOT_STRONG_TOP,10.0,,10,200000.0,-39.283,-4.857,-19.096,404518.85,23,65.22,-35.873,3
G_Pro_quality__SCORE60_NOT_STRONG_TOP__TP10__SL0__H10__CAP500K,G Pro quality,SCORE60_NOT_STRONG_TOP,10.0,,10,500000.0,-29.456,-33.781,-30.96,345201.47,12,41.67,-44.631,1
G_Pro_quality__SCORE60_NOT_STRONG_TOP__TP10__SL0__H10__CAPALL,G Pro quality,SCORE60_NOT_STRONG_TOP,10.0,,10,,-29.559,-37.548,-33.812,330939.0,9,44.44,-46.512,1
