date,index,ma5,ma20,ret5,ret20,trend,breadth,foreign,score,state,dayRet,mode,activeState,oversoldScore,bottomConfirmScore,bottomState,overboughtScore,topConfirmScore,topState,distMA20,indexRvol,closePosition,breakPrevHigh,breakPrevLow,recentOversold,recentOverbought,volExpansion,up,down,breadthSource,foreignSource
2023-10-11,16672.03,16474.77,16508.48,0.69,0.58,多,39.2,231.1,56,🟡 Neutral,0.92,NORMAL,⚪ Normal,0,0,⚪ Inactive,0,0,⚪ Inactive,0.99,1.35,64.5,True,False,False,False,1.26,357,554,https://www.twse.com.tw/rwd/zh/afterTrading/MI_INDEX?type=ALL,https://www.twse.com.tw/rwd/zh/fund/BFI82U
2023-10-12,16825.91,16549.08,16528.13,2.26,2.39,多,79.7,241.0,91,🟢 Strong Risk ON,0.92,NORMAL,⚪ Normal,0,0,⚪ Inactive,0,0,⚪ Inactive,1.8,1.06,100.0,True,False,False,False,1.37,723,184,https://www.twse.com.tw/rwd/zh/afterTrading/MI_INDEX?type=ALL,https://www.twse.com.tw/rwd/zh/fund/BFI82U
2023-10-13,16782.57,16650.92,16538.62,3.13,1.27,多,31.0,-60.9,51,🟡 Neutral,-0.26,TOP,⚪ Top Watch,0,0,⚪ Inactive,0,0,⚪ Top Watch,1.48,1.08,62.7,False,False,False,False,1.03,273,607,https://www.twse.com.tw/rwd/zh/afterTrading/MI_INDEX?type=ALL,https://www.twse.com.tw/rwd/zh/fund/BFI82U
2023-10-16,16652.24,16690.66,16542.16,1.21,0.43,多,28.8,-156.3,46,🟡 Neutral,-0.78,NORMAL,⚪ Normal,0,0,⚪ Inactive,0,0,⚪ Inactive,0.67,1.03,38.6,False,True,False,False,0.88,258,639,https://www.twse.com.tw/rwd/zh/afterTrading/MI_INDEX?type=ALL,https://www.twse.com.tw/rwd/zh/fund/BFI82U
2023-10-17,16642.55,16715.06,16533.91,0.74,-0.98,多,28.3,-46.2,48,🟡 Neutral,-0.06,NORMAL,⚪ Normal,0,0,⚪ Inactive,0,0,⚪ Inactive,0.66,1.07,15.9,False,False,False,False,0.81,247,625,https://www.twse.com.tw/rwd/zh/afterTrading/MI_INDEX?type=ALL,https://www.twse.com.tw/rwd/zh/fund/BFI82U
2023-10-18,16440.91,16668.84,16509.91,-1.39,-2.84,空,24.8,-86.2,21,🔴 Risk OFF,-1.21,NORMAL,⚪ Normal,0,0,⚪ Inactive,0,0,⚪ Inactive,-0.42,1.4,19.7,False,True,False,False,0.85,225,683,https://www.twse.com.tw/rwd/zh/afterTrading/MI_INDEX?type=ALL,https://www.twse.com.tw/rwd/zh/fund/BFI82U
2023-10-19,16452.73,16594.2,16497.63,-2.22,-1.47,空,44.1,-131.2,22,🔴 Risk OFF,0.07,NORMAL,⚪ Normal,0,0,⚪ Inactive,0,0,⚪ Inactive,-0.27,0.95,72.5,False,False,False,False,0.62,386,490,https://www.twse.com.tw/rwd/zh/afterTrading/MI_INDEX?type=ALL,https://www.twse.com.tw/rwd/zh/fund/BFI82U
2023-10-20,16440.72,16525.83,16487.85,-2.04,-1.18,空,22.8,-73.0,12,🔴 Risk OFF,-0.07,NORMAL,⚪ Normal,0,0,⚪ Inactive,0,0,⚪ Inactive,-0.29,1.11,88.5,False,False,False,False,0.6,204,689,https://www.twse.com.tw/rwd/zh/afterTrading/MI_INDEX?type=ALL,https://www.twse.com.tw/rwd/zh/fund/BFI82U
2023-10-23,16251.36,16445.65,16473.68,-2.41,-1.71,空,43.8,-141.9,2,🔴 Risk OFF,-1.15,NORMAL,⚪ Normal,0,0,⚪ Inactive,0,0,⚪ Inactive,-1.35,0.83,3.8,False,True,False,False,0.67,378,486,https://www.twse.com.tw/rwd/zh/afterTrading/MI_INDEX?type=ALL,https://www.twse.com.tw/rwd/zh/fund/BFI82U
2023-10-24,16309.76,16379.1,16473.34,-2.0,-0.04,空,70.6,-132.1,36,🔴 Risk OFF,0.36,NORMAL,⚪ Normal,0,0,⚪ Inactive,0,0,⚪ Inactive,-0.99,0.98,94.2,False,False,False,False,0.81,619,258,https://www.twse.com.tw/rwd/zh/afterTrading/MI_INDEX?type=ALL,https://www.twse.com.tw/rwd/zh/fund/BFI82U
2023-10-25,16358.89,16362.69,16474.06,-0.5,0.09,空,75.0,-75.0,40,🔴 Risk OFF,0.3,NORMAL,⚪ Normal,0,0,⚪ Inactive,0,0,⚪ Inactive,-0.7,0.99,27.5,True,False,False,False,0.54,659,220,https://www.twse.com.tw/rwd/zh/afterTrading/MI_INDEX?type=ALL,https://www.twse.com.tw/rwd/zh/fund/BFI82U
2023-10-26,16073.74,16286.89,16455.14,-2.3,-2.3,空,12.0,-286.9,2,🔴 Risk OFF,-1.74,NORMAL,⚪ Normal,0,0,⚪ Inactive,0,0,⚪ Inactive,-2.32,0.95,0.0,False,True,False,False,1.09,109,796,https://www.twse.com.tw/rwd/zh/afterTrading/MI_INDEX?type=ALL,https://www.twse.com.tw/rwd/zh/fund/BFI82U
2023-10-27,16134.61,16225.67,16448.06,-1.86,-0.87,空,56.9,-89.9,36,🔴 Risk OFF,0.38,NORMAL,⚪ Normal,0,0,⚪ Inactive,0,0,⚪ Inactive,-1.91,0.78,25.0,False,False,False,False,1.2,482,365,https://www.twse.com.tw/rwd/zh/afterTrading/MI_INDEX?type=ALL,https://www.twse.com.tw/rwd/zh/fund/BFI82U
2023-10-30,16149.68,16205.34,16440.03,-0.63,-0.99,空,53.6,-67.9,28,🔴 Risk OFF,0.09,NORMAL,⚪ Normal,0,0,⚪ Inactive,0,0,⚪ Inactive,-1.77,0.83,47.4,False,False,False,False,0.84,460,399,https://www.twse.com.tw/rwd/zh/afterTrading/MI_INDEX?type=ALL,https://www.twse.com.tw/rwd/zh/fund/BFI82U
2023-10-31,16001.27,16143.64,16422.4,-1.89,-2.16,空,15.4,-173.0,6,🔴 Risk OFF,-0.92,NORMAL,⚪ Normal,0,0,⚪ Inactive,0,0,⚪ Inactive,-2.56,0.99,10.6,False,True,False,False,1.09,139,763,https://www.twse.com.tw/rwd/zh/afterTrading/MI_INDEX?type=ALL,https://www.twse.com.tw/rwd/zh/fund/BFI82U
2023-11-01,16038.56,16079.57,16396.47,-1.96,-3.13,空,62.1,-60.5,36,🔴 Risk OFF,0.23,NORMAL,⚪ Normal,0,0,⚪ Inactive,0,0,⚪ Inactive,-2.18,0.8,49.9,False,False,False,False,1.05,525,320,https://www.twse.com.tw/rwd/zh/afterTrading/MI_INDEX?type=ALL,https://www.twse.com.tw/rwd/zh/fund/BFI82U
2023-11-02,16396.95,16144.21,16393.6,2.01,-0.35,多,86.2,159.5,77,🟢 Strong Risk ON,2.23,NORMAL,⚪ Normal,0,0,⚪ Inactive,0,0,⚪ Inactive,0.02,0.91,100.0,True,False,False,False,1.11,767,123,https://www.twse.com.tw/rwd/zh/afterTrading/MI_INDEX?type=ALL,https://www.twse.com.tw/rwd/zh/fund/BFI82U
2023-11-03,16507.65,16218.82,16405.31,2.31,1.44,多,68.4,90.8,81,🟢 Strong Risk ON,0.68,NORMAL,⚪ Normal,0,0,⚪ Inactive,0,0,⚪ Inactive,0.62,1.04,88.4,True,False,False,False,1.26,590,273,https://www.twse.com.tw/rwd/zh/afterTrading/MI_INDEX?type=ALL,https://www.twse.com.tw/rwd/zh/fund/BFI82U
2023-11-06,16649.36,16318.76,16415.1,3.09,1.19,多,85.4,185.3,81,🟢 Strong Risk ON,0.86,TOP,🟡 Overbought Watch,0,0,⚪ Inactive,3,0,🟡 Overbought Watch,1.43,1.0,51.9,True,False,False,False,1.51,775,133,https://www.twse.com.tw/rwd/zh/afterTrading/MI_INDEX?type=ALL,https://www.twse.com.tw/rwd/zh/fund/BFI82U
2023-11-07,16684.95,16455.49,16423.32,4.27,0.99,多,44.9,12.6,76,🟢 Strong Risk ON,0.21,TOP,⚪ Top Watch,0,0,⚪ Inactive,0,0,⚪ Top Watch,1.59,0.8,100.0,False,False,False,False,1.23,392,481,https://www.twse.com.tw/rwd/zh/afterTrading/MI_INDEX?type=ALL,https://www.twse.com.tw/rwd/zh/fund/BFI82U
2023-11-08,16740.83,16595.95,16426.76,4.38,0.41,多,55.1,37.7,96,🟢 Strong Risk ON,0.33,TOP,⚪ Top Watch,0,0,⚪ Inactive,0,0,⚪ Top Watch,1.91,0.98,68.7,True,False,False,False,1.36,477,388,https://www.twse.com.tw/rwd/zh/afterTrading/MI_INDEX?type=ALL,https://www.twse.com.tw/rwd/zh/fund/BFI82U
2023-11-09,16745.65,16665.69,16422.75,2.13,-0.48,多,34.5,-20.1,63,🟢 Risk ON,0.03,NORMAL,⚪ Normal,0,0,⚪ Inactive,0,0,⚪ Inactive,1.97,0.91,82.5,False,False,False,False,0.59,304,578,https://www.twse.com.tw/rwd/zh/afterTrading/MI_INDEX?type=ALL,https://www.twse.com.tw/rwd/zh/fund/BFI82U
2023-11-10,16682.67,16700.69,16417.75,1.06,-0.6,多,32.2,-70.7,42,🔴 Risk OFF,-0.38,NORMAL,⚪ Normal,0,0,⚪ Inactive,0,0,⚪ Inactive,1.61,0.81,42.1,False,False,False,False,0.52,283,595,https://www.twse.com.tw/rwd/zh/afterTrading/MI_INDEX?type=ALL,https://www.twse.com.tw/rwd/zh/fund/BFI82U
2023-11-13,16839.29,16738.68,16427.11,1.14,1.12,多,51.3,203.6,83,🟢 Strong Risk ON,0.94,NORMAL,⚪ Normal,0,0,⚪ Inactive,0,0,⚪ Inactive,2.51,0.96,51.2,True,False,False,False,0.55,457,434,https://www.twse.com.tw/rwd/zh/afterTrading/MI_INDEX?type=ALL,https://www.twse.com.tw/rwd/zh/fund/BFI82U
2023-11-14,16915.71,16784.83,16440.76,1.38,1.64,多,65.2,115.8,91,🟢 Strong Risk ON,0.45,NORMAL,⚪ Normal,0,0,⚪ Inactive,0,0,⚪ Inactive,2.89,1.01,50.4,False,False,False,False,0.63,568,303,https://www.twse.com.tw/rwd/zh/afterTrading/MI_INDEX?type=ALL,https://www.twse.com.tw/rwd/zh/fund/BFI82U
2023-11-15,17128.78,16862.42,16475.16,2.32,4.18,多,80.6,465.4,96,🟢 Strong Risk ON,1.26,TOP,⚪ Top Watch,0,0,⚪ Inactive,2,0,⚪ Top Watch,3.97,1.53,86.1,True,False,False,False,0.95,729,175,https://www.twse.com.tw/rwd/zh/afterTrading/MI_INDEX?type=ALL,https://www.twse.com.tw/rwd/zh/fund/BFI82U
2023-11-16,17171.18,16947.53,16511.08,2.54,4.37,多,65.8,196.3,96,🟢 Strong Risk ON,0.25,TOP,⚪ Top Watch,0,0,⚪ Inactive,0,0,⚪ Top Watch,4.0,1.28,77.9,True,False,False,False,1.09,565,294,https://www.twse.com.tw/rwd/zh/afterTrading/MI_INDEX?type=ALL,https://www.twse.com.tw/rwd/zh/fund/BFI82U
2023-11-17,17208.95,17052.78,16549.49,3.15,4.67,多,66.4,236.9,96,🟢 Strong Risk ON,0.22,TOP,⚪ Top Watch,0,0,⚪ Inactive,0,0,⚪ Top Watch,3.98,1.22,58.0,True,False,False,False,1.03,576,291,https://www.twse.com.tw/rwd/zh/afterTrading/MI_INDEX?type=ALL,https://www.twse.com.tw/rwd/zh/fund/BFI82U
2023-11-20,17210.47,17127.02,16597.45,2.2,5.9,多,67.2,91.2,100,🟢 Strong Risk ON,0.01,TOP,⚪ Top Watch,0,0,⚪ Inactive,0,0,⚪ Top Watch,3.69,1.16,86.3,False,False,False,False,0.71,595,291,https://www.twse.com.tw/rwd/zh/afterTrading/MI_INDEX?type=ALL,https://www.twse.com.tw/rwd/zh/fund/BFI82U
2023-11-21,17416.7,17227.22,16652.79,2.96,6.79,多,68.8,421.5,100,🟢 Strong Risk ON,1.2,TOP,⚪ Top Watch,0,0,⚪ Inactive,0,0,⚪ Top Watch,4.59,1.4,97.5,True,False,False,False,0.93,603,274,https://www.twse.com.tw/rwd/zh/afterTrading/MI_INDEX?type=ALL,https://www.twse.com.tw/rwd/zh/fund/BFI82U
2023-11-22,17310.26,17263.51,16700.36,1.06,5.82,多,56.0,-74.0,70,🟢 Risk ON,-0.61,TOP,⚪ Top Watch,0,0,⚪ Inactive,0,0,⚪ Top Watch,3.65,1.17,56.9,False,False,False,False,0.72,493,388,https://www.twse.com.tw/rwd/zh/afterTrading/MI_INDEX?type=ALL,https://www.twse.com.tw/rwd/zh/fund/BFI82U
2023-11-23,17294.55,17288.19,16761.4,0.72,7.6,多,53.2,13.7,77,🟢 Strong Risk ON,-0.09,TOP,⚪ Top Watch,0,0,⚪ Inactive,0,0,⚪ Top Watch,3.18,1.16,57.4,False,False,False,False,0.66,452,397,https://www.twse.com.tw/rwd/zh/afterTrading/MI_INDEX?type=ALL,https://www.twse.com.tw/rwd/zh/fund/BFI82U
2023-11-24,17287.42,17303.88,16819.04,0.46,7.14,多,43.8,34.4,65,🟢 Risk ON,-0.04,NORMAL,⚪ Normal,0,0,⚪ Inactive,0,0,⚪ Inactive,2.78,1.1,28.1,False,False,False,False,0.6,376,482,https://www.twse.com.tw/rwd/zh/afterTrading/MI_INDEX?type=ALL,https://www.twse.com.tw/rwd/zh/fund/BFI82U
2023-11-27,17137.42,17289.27,16868.43,-0.42,6.12,多,29.2,-18.2,50,🟡 Neutral,-0.87,NORMAL,⚪ Normal,0,0,⚪ Inactive,0,0,⚪ Inactive,1.59,1.12,1.7,False,True,False,False,0.95,265,642,https://www.twse.com.tw/rwd/zh/afterTrading/MI_INDEX?type=ALL,https://www.twse.com.tw/rwd/zh/fund/BFI82U
2023-11-28,17341.25,17274.18,16935.43,-0.43,8.37,多,86.7,200.0,89,🟢 Strong Risk ON,1.19,NORMAL,⚪ Normal,0,0,⚪ Inactive,0,0,⚪ Inactive,2.4,1.2,91.1,False,False,False,False,0.88,805,123,https://www.twse.com.tw/rwd/zh/afterTrading/MI_INDEX?type=ALL,https://www.twse.com.tw/rwd/zh/fund/BFI82U
2023-11-29,17370.56,17286.24,17002.03,0.35,8.3,多,50.2,99.2,87,🟢 Strong Risk ON,0.17,NORMAL,⚪ Normal,0,0,⚪ Inactive,0,0,⚪ Inactive,2.17,1.18,39.9,True,False,False,False,0.72,440,437,https://www.twse.com.tw/rwd/zh/afterTrading/MI_INDEX?type=ALL,https://www.twse.com.tw/rwd/zh/fund/BFI82U
2023-11-30,17433.85,17314.1,17053.87,0.81,6.32,多,56.2,79.6,95,🟢 Strong Risk ON,0.36,NORMAL,⚪ Normal,0,0,⚪ Inactive,0,0,⚪ Inactive,2.23,1.51,100.0,False,False,False,False,0.93,493,385,https://www.twse.com.tw/rwd/zh/afterTrading/MI_INDEX?type=ALL,https://www.twse.com.tw/rwd/zh/fund/BFI82U
2023-12-01,17438.35,17344.29,17100.41,0.87,5.64,多,60.1,12.1,95,🟢 Strong Risk ON,0.03,NORMAL,⚪ Normal,0,0,⚪ Inactive,0,0,⚪ Inactive,1.98,1.11,87.5,True,False,False,False,0.95,524,348,https://www.twse.com.tw/rwd/zh/afterTrading/MI_INDEX?type=ALL,https://www.twse.com.tw/rwd/zh/fund/BFI82U
2023-12-04,17421.48,17401.1,17139.02,1.66,4.64,多,58.4,-52.9,66,🟢 Risk ON,-0.1,NORMAL,⚪ Normal,0,0,⚪ Inactive,0,0,⚪ Inactive,1.65,1.27,19.7,False,False,False,False,0.62,519,369,https://www.twse.com.tw/rwd/zh/afterTrading/MI_INDEX?type=ALL,https://www.twse.com.tw/rwd/zh/fund/BFI82U
2023-12-05,17328.01,17398.45,17171.17,-0.08,3.85,多,33.6,-104.6,40,🔴 Risk OFF,-0.54,NORMAL,⚪ Normal,0,0,⚪ Inactive,0,0,⚪ Inactive,0.91,1.15,50.6,False,True,False,False,0.39,295,582,https://www.twse.com.tw/rwd/zh/afterTrading/MI_INDEX?type=ALL,https://www.twse.com.tw/rwd/zh/fund/BFI82U
2023-12-06,17360.72,17396.48,17202.16,-0.06,3.7,多,52.2,2.5,77,🟢 Strong Risk ON,0.19,NORMAL,⚪ Normal,0,0,⚪ Inactive,0,0,⚪ Inactive,0.92,1.03,22.7,False,False,False,False,0.4,456,418,https://www.twse.com.tw/rwd/zh/afterTrading/MI_INDEX?type=ALL,https://www.twse.com.tw/rwd/zh/fund/BFI82U
2023-12-07,17278.74,17365.46,17228.82,-0.89,3.18,多,31.3,-51.6,40,🔴 Risk OFF,-0.47,NORMAL,⚪ Normal,0,0,⚪ Inactive,0,0,⚪ Inactive,0.29,1.04,4.4,False,True,False,False,0.52,274,602,https://www.twse.com.tw/rwd/zh/afterTrading/MI_INDEX?type=ALL,https://www.twse.com.tw/rwd/zh/fund/BFI82U
2023-12-08,17383.99,17354.59,17263.88,-0.31,4.2,多,58.0,152.1,85,🟢 Strong Risk ON,0.61,NORMAL,⚪ Normal,0,0,⚪ Inactive,0,0,⚪ Inactive,0.7,0.96,47.8,False,False,False,False,0.8,513,371,https://www.twse.com.tw/rwd/zh/afterTrading/MI_INDEX?type=ALL,https://www.twse.com.tw/rwd/zh/fund/BFI82U
2023-12-11,17418.34,17353.96,17292.84,-0.02,3.44,多,41.5,11.9,65,🟢 Risk ON,0.2,NORMAL,⚪ Normal,0,0,⚪ Inactive,0,0,⚪ Inactive,0.73,0.9,57.6,False,False,False,False,0.92,370,521,https://www.twse.com.tw/rwd/zh/afterTrading/MI_INDEX?type=ALL,https://www.twse.com.tw/rwd/zh/fund/BFI82U
2023-12-12,17450.63,17378.48,17319.58,0.71,3.16,多,43.8,102.9,71,🟢 Risk ON,0.19,NORMAL,⚪ Normal,0,0,⚪ Inactive,0,0,⚪ Inactive,0.76,0.99,36.9,False,False,False,False,0.73,389,499,https://www.twse.com.tw/rwd/zh/afterTrading/MI_INDEX?type=ALL,https://www.twse.com.tw/rwd/zh/fund/BFI82U
2023-12-13,17468.93,17400.13,17336.59,0.62,1.99,多,44.0,34.7,71,🟢 Risk ON,0.1,NORMAL,⚪ Normal,0,0,⚪ Inactive,0,0,⚪ Inactive,0.76,1.0,43.7,False,False,False,False,0.7,392,498,https://www.twse.com.tw/rwd/zh/afterTrading/MI_INDEX?type=ALL,https://www.twse.com.tw/rwd/zh/fund/BFI82U
2023-12-14,17653.11,17475.0,17360.69,2.17,2.81,多,67.9,338.2,96,🟢 Strong Risk ON,1.05,NORMAL,⚪ Normal,0,0,⚪ Inactive,0,0,⚪ Inactive,1.68,1.2,91.8,True,False,False,False,0.92,621,293,https://www.twse.com.tw/rwd/zh/afterTrading/MI_INDEX?type=ALL,https://www.twse.com.tw/rwd/zh/fund/BFI82U
2023-12-15,17673.87,17532.98,17383.93,1.67,2.7,多,54.5,211.7,83,🟢 Strong Risk ON,0.12,NORMAL,⚪ Normal,0,0,⚪ Inactive,0,0,⚪ Inactive,1.67,1.47,30.8,True,False,False,False,0.69,487,406,https://www.twse.com.tw/rwd/zh/afterTrading/MI_INDEX?type=ALL,https://www.twse.com.tw/rwd/zh/fund/BFI82U
2023-12-18,17652.03,17579.71,17406.01,1.34,2.57,多,35.6,7.4,61,🟢 Risk ON,-0.12,NORMAL,⚪ Normal,0,0,⚪ Inactive,0,0,⚪ Inactive,1.41,1.13,82.4,False,False,False,False,0.72,318,575,https://www.twse.com.tw/rwd/zh/afterTrading/MI_INDEX?type=ALL,https://www.twse.com.tw/rwd/zh/fund/BFI82U
2023-12-19,17576.55,17604.9,17414.0,0.72,0.92,多,21.7,1.6,61,🟢 Risk ON,-0.43,NORMAL,⚪ Normal,0,0,⚪ Inactive,0,0,⚪ Inactive,0.93,1.1,45.9,False,True,False,False,0.85,200,721,https://www.twse.com.tw/rwd/zh/afterTrading/MI_INDEX?type=ALL,https://www.twse.com.tw/rwd/zh/fund/BFI82U
2023-12-20,17635.2,17638.15,17430.25,0.95,1.88,多,71.6,246.2,91,🟢 Strong Risk ON,0.33,NORMAL,⚪ Normal,0,0,⚪ Inactive,0,0,⚪ Inactive,1.18,1.17,62.7,False,False,False,False,1.11,633,251,https://www.twse.com.tw/rwd/zh/afterTrading/MI_INDEX?type=ALL,https://www.twse.com.tw/rwd/zh/fund/BFI82U
2023-12-21,17543.74,17616.28,17442.71,-0.62,1.44,多,28.5,-27.7,46,🟡 Neutral,-0.52,NORMAL,⚪ Normal,0,0,⚪ Inactive,0,0,⚪ Inactive,0.58,1.11,91.7,False,True,False,False,0.74,255,641,https://www.twse.com.tw/rwd/zh/afterTrading/MI_INDEX?type=ALL,https://www.twse.com.tw/rwd/zh/fund/BFI82U
2023-12-22,17596.63,17600.83,17458.17,-0.44,1.79,多,39.5,61.8,65,🟢 Risk ON,0.3,NORMAL,⚪ Normal,0,0,⚪ Inactive,0,0,⚪ Inactive,0.79,1.01,57.4,True,False,False,False,0.84,344,527,https://www.twse.com.tw/rwd/zh/afterTrading/MI_INDEX?type=ALL,https://www.twse.com.tw/rwd/zh/fund/BFI82U
2023-12-25,17604.84,17591.39,17481.54,-0.27,2.73,多,41.2,-8.6,56,🟡 Neutral,0.05,NORMAL,⚪ Normal,0,0,⚪ Inactive,0,0,⚪ Inactive,0.71,0.82,14.1,False,False,False,False,0.79,366,522,https://www.twse.com.tw/rwd/zh/afterTrading/MI_INDEX?type=ALL,https://www.twse.com.tw/rwd/zh/fund/BFI82U
2023-12-26,17751.73,17626.43,17502.07,1.0,2.37,多,84.4,180.5,91,🟢 Strong Risk ON,0.83,NORMAL,⚪ Normal,0,0,⚪ Inactive,0,0,⚪ Inactive,1.43,0.79,100.0,True,False,False,False,1.09,776,143,https://www.twse.com.tw/rwd/zh/afterTrading/MI_INDEX?type=ALL,https://www.twse.com.tw/rwd/zh/fund/BFI82U
2023-12-27,17891.5,17677.69,17528.11,1.45,3.0,多,57.5,367.9,91,🟢 Strong Risk ON,0.79,NORMAL,⚪ Normal,0,0,⚪ Inactive,0,0,⚪ Inactive,2.07,0.92,95.7,True,False,False,False,1.38,497,367,https://www.twse.com.tw/rwd/zh/afterTrading/MI_INDEX?type=ALL,https://www.twse.com.tw/rwd/zh/fund/BFI82U
2023-12-28,17910.37,17751.01,17551.94,2.09,2.73,多,53.0,193.3,88,🟢 Strong Risk ON,0.11,NORMAL,⚪ Normal,0,0,⚪ Inactive,0,0,⚪ Inactive,2.04,0.9,79.4,True,False,False,False,1.09,464,412,https://www.twse.com.tw/rwd/zh/afterTrading/MI_INDEX?type=ALL,https://www.twse.com.tw/rwd/zh/fund/BFI82U
2023-12-29,17930.81,17817.85,17576.56,1.9,2.82,多,48.2,121.6,76,🟢 Strong Risk ON,0.11,NORMAL,⚪ Normal,0,0,⚪ Inactive,0,0,⚪ Inactive,2.02,0.8,81.7,True,False,False,False,0.96,420,452,https://www.twse.com.tw/rwd/zh/afterTrading/MI_INDEX?type=ALL,https://www.twse.com.tw/rwd/zh/fund/BFI82U
2024-01-02,17853.76,17867.63,17598.17,1.41,2.48,多,46.1,10.5,66,🟢 Risk ON,-0.43,NORMAL,⚪ Normal,0,0,⚪ Inactive,0,0,⚪ Inactive,1.45,0.91,40.0,False,True,False,False,1.29,403,471,https://www.twse.com.tw/rwd/zh/afterTrading/MI_INDEX?type=ALL,https://www.twse.com.tw/rwd/zh/fund/BFI82U
2024-01-03,17559.31,17829.15,17609.74,-1.08,1.33,空,20.8,-228.1,25,🔴 Risk OFF,-1.65,NORMAL,⚪ Normal,0,0,⚪ Inactive,0,0,⚪ Inactive,-0.29,0.87,13.2,False,True,False,False,1.84,191,729,https://www.twse.com.tw/rwd/zh/afterTrading/MI_INDEX?type=ALL,https://www.twse.com.tw/rwd/zh/fund/BFI82U
2024-01-04,17549.65,17760.78,17619.19,-1.91,1.09,空,34.8,-34.6,31,🔴 Risk OFF,-0.06,NORMAL,⚪ Normal,0,0,⚪ Inactive,0,0,⚪ Inactive,-0.39,0.88,36.0,False,False,False,False,1.28,300,563,https://www.twse.com.tw/rwd/zh/afterTrading/MI_INDEX?type=ALL,https://www.twse.com.tw/rwd/zh/fund/BFI82U
2024-01-05,17519.14,17682.53,17631.21,-2.18,1.39,空,56.5,-42.3,47,🟡 Neutral,-0.17,NORMAL,⚪ Normal,0,0,⚪ Inactive,0,0,⚪ Inactive,-0.64,0.88,21.3,False,False,False,False,1.37,477,367,https://www.twse.com.tw/rwd/zh/afterTrading/MI_INDEX?type=ALL,https://www.twse.com.tw/rwd/zh/fund/BFI82U
2024-01-08,17572.66,17610.9,17640.64,-2.0,1.09,空,42.5,24.0,40,🔴 Risk OFF,0.31,NORMAL,⚪ Normal,0,0,⚪ Inactive,0,0,⚪ Inactive,-0.39,0.87,24.8,False,False,False,False,1.46,371,502,https://www.twse.com.tw/rwd/zh/afterTrading/MI_INDEX?type=ALL,https://www.twse.com.tw/rwd/zh/fund/BFI82U
2024-01-09,17535.49,17547.25,17646.5,-1.78,0.67,空,20.2,-5.8,21,🔴 Risk OFF,-0.21,NORMAL,⚪ Normal,0,0,⚪ Inactive,0,0,⚪ Inactive,-0.63,0.92,10.2,False,False,False,False,1.28,186,734,https://www.twse.com.tw/rwd/zh/afterTrading/MI_INDEX?type=ALL,https://www.twse.com.tw/rwd/zh/fund/BFI82U
2024-01-10,17465.63,17528.51,17647.25,-0.53,0.09,空,25.6,-31.1,21,🔴 Risk OFF,-0.4,NORMAL,⚪ Normal,0,0,⚪ Inactive,0,0,⚪ Inactive,-1.03,0.81,43.8,False,True,False,False,0.53,230,667,https://www.twse.com.tw/rwd/zh/afterTrading/MI_INDEX?type=ALL,https://www.twse.com.tw/rwd/zh/fund/BFI82U
2024-01-11,17545.32,17527.65,17651.07,-0.02,0.44,空,66.4,36.1,60,🟢 Risk ON,0.46,NORMAL,⚪ Normal,0,0,⚪ Inactive,0,0,⚪ Inactive,-0.6,0.83,69.8,True,False,False,False,0.73,596,301,https://www.twse.com.tw/rwd/zh/afterTrading/MI_INDEX?type=ALL,https://www.twse.com.tw/rwd/zh/fund/BFI82U
2024-01-12,17512.83,17526.39,17644.05,-0.04,-0.79,空,31.8,27.4,26,🔴 Risk OFF,-0.19,NORMAL,⚪ Normal,0,0,⚪ Inactive,0,0,⚪ Inactive,-0.74,0.75,42.6,False,False,False,False,0.76,283,608,https://www.twse.com.tw/rwd/zh/afterTrading/MI_INDEX?type=ALL,https://www.twse.com.tw/rwd/zh/fund/BFI82U
2024-01-15,17546.82,17521.22,17637.7,-0.15,-0.72,空,61.1,-90.9,36,🔴 Risk OFF,0.19,NORMAL,⚪ Normal,0,0,⚪ Inactive,0,0,⚪ Inactive,-0.52,0.0,13.9,False,False,False,False,0.74,533,340,https://www.twse.com.tw/rwd/zh/afterTrading/MI_INDEX?type=ALL,https://www.twse.com.tw/rwd/zh/fund/BFI82U
2024-01-16,17346.87,17483.49,17622.44,-1.08,-1.73,空,14.0,-451.3,6,🔴 Risk OFF,-1.14,NORMAL,⚪ Normal,0,0,⚪ Inactive,0,0,⚪ Inactive,-1.56,1.04,5.0,False,True,False,False,1.2,132,813,https://www.twse.com.tw/rwd/zh/afterTrading/MI_INDEX?type=ALL,https://www.twse.com.tw/rwd/zh/fund/BFI82U
2024-01-17,17161.79,17422.73,17601.7,-1.74,-2.36,空,14.3,-782.2,6,🔴 Risk OFF,-1.07,NORMAL,⚪ Normal,0,0,⚪ Inactive,0,0,⚪ Inactive,-2.5,1.22,4.9,False,True,False,False,1.5,137,819,https://www.twse.com.tw/rwd/zh/afterTrading/MI_INDEX?type=ALL,https://www.twse.com.tw/rwd/zh/fund/BFI82U
2024-01-18,17227.79,17359.22,17581.33,-1.81,-2.31,空,47.9,-87.3,21,🔴 Risk OFF,0.38,NORMAL,⚪ Normal,0,0,⚪ Inactive,0,0,⚪ Inactive,-2.01,0.93,44.7,False,False,False,False,1.41,411,447,https://www.twse.com.tw/rwd/zh/afterTrading/MI_INDEX?type=ALL,https://www.twse.com.tw/rwd/zh/fund/BFI82U
2024-01-19,17681.52,17392.96,17588.22,0.96,0.79,多,69.5,808.0,76,🟢 Strong Risk ON,2.63,NORMAL,⚪ Normal,0,0,⚪ Inactive,0,0,⚪ Inactive,0.53,1.05,99.2,True,False,False,False,2.86,605,266,https://www.twse.com.tw/rwd/zh/afterTrading/MI_INDEX?type=ALL,https://www.twse.com.tw/rwd/zh/fund/BFI82U
2024-01-22,17815.1,17446.61,17599.15,1.53,1.24,多,72.6,369.4,76,🟢 Strong Risk ON,0.76,NORMAL,⚪ Normal,0,0,⚪ Inactive,0,0,⚪ Inactive,1.23,1.1,48.1,True,False,False,False,3.13,652,246,https://www.twse.com.tw/rwd/zh/afterTrading/MI_INDEX?type=ALL,https://www.twse.com.tw/rwd/zh/fund/BFI82U
2024-01-23,17874.59,17552.16,17612.63,3.04,1.53,多,68.7,90.6,81,🟢 Strong Risk ON,0.33,TOP,⚪ Top Watch,0,0,⚪ Inactive,1,0,⚪ Top Watch,1.49,1.01,79.2,True,False,False,False,2.39,598,273,https://www.twse.com.tw/rwd/zh/afterTrading/MI_INDEX?type=ALL,https://www.twse.com.tw/rwd/zh/fund/BFI82U
2024-01-24,17875.83,17694.97,17618.84,4.16,0.7,多,62.4,19.5,96,🟢 Strong Risk ON,0.01,TOP,⚪ Top Watch,0,0,⚪ Inactive,1,0,⚪ Top Watch,1.46,0.85,22.0,False,False,False,False,1.77,546,329,https://www.twse.com.tw/rwd/zh/afterTrading/MI_INDEX?type=ALL,https://www.twse.com.tw/rwd/zh/fund/BFI82U
2024-01-25,18002.62,17849.93,17624.39,4.5,0.62,多,34.1,280.4,76,🟢 Strong Risk ON,0.71,TOP,⚪ Top Watch,0,0,⚪ Inactive,1,0,⚪ Top Watch,2.15,0.79,90.3,True,False,False,False,1.9,295,571,https://www.twse.com.tw/rwd/zh/afterTrading/MI_INDEX?type=ALL,https://www.twse.com.tw/rwd/zh/fund/BFI82U
2024-01-26,17995.03,17912.63,17628.63,1.77,0.47,多,46.4,52.7,66,🟢 Risk ON,-0.04,NORMAL,⚪ Normal,0,0,⚪ Inactive,0,0,⚪ Inactive,2.08,0.8,59.6,False,False,False,False,0.64,403,466,https://www.twse.com.tw/rwd/zh/afterTrading/MI_INDEX?type=ALL,https://www.twse.com.tw/rwd/zh/fund/BFI82U
2024-01-29,18119.63,17973.54,17638.07,1.71,1.05,多,69.7,127.8,91,🟢 Strong Risk ON,0.69,NORMAL,⚪ Normal,0,0,⚪ Inactive,0,0,⚪ Inactive,2.73,0.71,100.0,True,False,False,False,0.6,615,267,https://www.twse.com.tw/rwd/zh/afterTrading/MI_INDEX?type=ALL,https://www.twse.com.tw/rwd/zh/fund/BFI82U
2024-01-30,18034.63,18005.55,17647.11,0.9,1.01,多,28.0,15.2,61,🟢 Risk ON,-0.47,NORMAL,⚪ Normal,0,0,⚪ Inactive,0,0,⚪ Inactive,2.2,0.8,0.0,False,False,False,False,0.63,256,659,https://www.twse.com.tw/rwd/zh/afterTrading/MI_INDEX?type=ALL,https://www.twse.com.tw/rwd/zh/fund/BFI82U
2024-01-31,17889.56,18008.29,17663.62,0.08,1.88,多,35.3,-124.5,46,🟡 Neutral,-0.8,NORMAL,⚪ Normal,0,0,⚪ Inactive,0,0,⚪ Inactive,1.28,0.77,12.0,False,True,False,False,0.95,310,569,https://www.twse.com.tw/rwd/zh/afterTrading/MI_INDEX?type=ALL,https://www.twse.com.tw/rwd/zh/fund/BFI82U
2024-02-01,17968.11,18001.39,17684.55,-0.19,2.38,多,69.6,219.9,85,🟢 Strong Risk ON,0.44,NORMAL,⚪ Normal,0,0,⚪ Inactive,0,0,⚪ Inactive,1.6,0.89,100.0,False,False,False,False,0.87,630,275,https://www.twse.com.tw/rwd/zh/afterTrading/MI_INDEX?type=ALL,https://www.twse.com.tw/rwd/zh/fund/BFI82U
2024-02-02,18059.93,18014.37,17711.59,0.36,3.09,多,42.4,151.7,71,🟢 Risk ON,0.51,NORMAL,⚪ Normal,0,0,⚪ Inactive,0,0,⚪ Inactive,1.97,0.93,100.0,True,False,False,False,1.04,373,506,https://www.twse.com.tw/rwd/zh/afterTrading/MI_INDEX?type=ALL,https://www.twse.com.tw/rwd/zh/fund/BFI82U
2024-02-05,18096.07,18009.66,17737.76,-0.13,2.98,多,30.8,-61.7,50,🟡 Neutral,0.2,NORMAL,⚪ Normal,0,0,⚪ Inactive,0,0,⚪ Inactive,2.02,0.89,84.0,True,False,False,False,0.82,284,637,https://www.twse.com.tw/rwd/zh/afterTrading/MI_INDEX?type=ALL,https://www.twse.com.tw/rwd/zh/fund/BFI82U
2024-02-15,18644.57,18131.65,17793.21,3.38,6.32,多,63.9,562.6,100,🟢 Strong Risk ON,3.03,TOP,🟡 Overbought Watch,0,0,⚪ Inactive,2,1,🟡 Overbought Watch,4.78,1.3,53.7,True,False,False,True,1.68,581,328,https://www.twse.com.tw/rwd/zh/afterTrading/MI_INDEX?type=ALL,https://www.twse.com.tw/rwd/zh/fund/BFI82U
2024-02-16,18607.25,18275.19,17850.29,4.01,6.54,多,79.1,37.3,90,🟢 Strong Risk ON,-0.2,TOP,🟡 Overbought Watch,0,0,⚪ Inactive,3,1,🟡 Overbought Watch,4.24,1.27,16.9,False,False,False,True,1.59,725,191,https://www.twse.com.tw/rwd/zh/afterTrading/MI_INDEX?type=ALL,https://www.twse.com.tw/rwd/zh/fund/BFI82U
2024-02-19,18635.8,18408.72,17904.82,3.72,6.22,多,75.3,-109.5,85,🟢 Strong Risk ON,0.15,TOP,🟡 Overbought Watch,0,0,⚪ Inactive,2,2,🟡 Overbought Watch,4.08,1.31,72.8,False,False,False,True,1.44,711,233,https://www.twse.com.tw/rwd/zh/afterTrading/MI_INDEX?type=ALL,https://www.twse.com.tw/rwd/zh/fund/BFI82U
2024-02-20,18753.16,18547.37,17966.83,3.84,7.08,多,37.8,63.8,80,🟢 Strong Risk ON,0.63,TOP,🟡 Overbought Watch,0,0,⚪ Inactive,0,2,🟡 Overbought Watch,4.38,1.13,97.8,True,False,False,True,1.44,346,569,https://www.twse.com.tw/rwd/zh/afterTrading/MI_INDEX?type=ALL,https://www.twse.com.tw/rwd/zh/fund/BFI82U
2024-02-21,18676.31,18663.42,18023.31,3.21,6.44,多,56.8,-135.2,75,🟢 Strong Risk ON,-0.41,TOP,🟡 Overbought Watch,0,0,⚪ Inactive,1,1,🟡 Overbought Watch,3.62,1.09,37.1,False,False,False,True,1.52,502,382,https://www.twse.com.tw/rwd/zh/afterTrading/MI_INDEX?type=ALL,https://www.twse.com.tw/rwd/zh/fund/BFI82U
2024-02-22,18852.78,18705.06,18098.6,1.12,8.68,多,50.2,164.8,87,🟢 Strong Risk ON,0.94,TOP,⚪ Top Watch,0,0,⚪ Inactive,0,0,⚪ Top Watch,4.17,1.18,76.5,True,False,False,False,0.65,452,449,https://www.twse.com.tw/rwd/zh/afterTrading/MI_INDEX?type=ALL,https://www.twse.com.tw/rwd/zh/fund/BFI82U
2024-02-23,18889.19,18761.45,18184.97,1.52,10.07,多,27.2,308.3,75,🟢 Strong Risk ON,0.19,TOP,⚪ Top Watch,0,0,⚪ Inactive,0,0,⚪ Top Watch,3.87,1.21,0.0,True,False,False,False,0.65,252,673,https://www.twse.com.tw/rwd/zh/afterTrading/MI_INDEX?type=ALL,https://www.twse.com.tw/rwd/zh/fund/BFI82U
2024-02-26,18948.05,18823.9,18270.99,1.68,9.99,多,61.1,50.6,95,🟢 Strong Risk ON,0.31,TOP,⚪ Top Watch,0,0,⚪ Inactive,0,0,⚪ Top Watch,3.71,1.06,78.2,False,False,False,False,0.71,553,352,https://www.twse.com.tw/rwd/zh/afterTrading/MI_INDEX?type=ALL,https://www.twse.com.tw/rwd/zh/fund/BFI82U
2024-02-27,18854.41,18844.15,18329.63,0.54,6.63,多,25.1,-121.8,50,🟡 Neutral,-0.49,NORMAL,⚪ Normal,0,0,⚪ Inactive,0,0,⚪ Inactive,2.86,1.24,37.7,False,True,False,False,0.65,233,695,https://www.twse.com.tw/rwd/zh/afterTrading/MI_INDEX?type=ALL,https://www.twse.com.tw/rwd/zh/fund/BFI82U
2024-02-29,18966.77,18902.24,18387.21,1.56,6.46,多,68.6,31.3,95,🟢 Strong Risk ON,0.6,TOP,⚪ Top Watch,0,0,⚪ Inactive,0,0,⚪ Top Watch,3.15,1.27,76.5,False,False,False,False,0.7,627,287,https://www.twse.com.tw/rwd/zh/afterTrading/MI_INDEX?type=ALL,https://www.twse.com.tw/rwd/zh/fund/BFI82U
2024-03-01,18935.93,18918.87,18440.28,0.44,5.94,多,41.6,102.7,65,🟢 Risk ON,-0.16,NORMAL,⚪ Normal,0,0,⚪ Inactive,0,0,⚪ Inactive,2.69,1.09,10.5,False,False,False,False,0.49,383,537,https://www.twse.com.tw/rwd/zh/afterTrading/MI_INDEX?type=ALL,https://www.twse.com.tw/rwd/zh/fund/BFI82U
2024-03-04,19305.31,19002.09,18511.76,2.2,8.0,多,46.9,368.8,85,🟢 Strong Risk ON,1.95,TOP,⚪ Top Watch,0,0,⚪ Inactive,0,0,⚪ Top Watch,4.29,1.3,92.6,True,False,False,False,1.04,418,473,https://www.twse.com.tw/rwd/zh/afterTrading/MI_INDEX?type=ALL,https://www.twse.com.tw/rwd/zh/fund/BFI82U
2024-03-05,19386.92,19089.87,18580.97,2.32,7.69,多,46.8,58.6,85,🟢 Strong Risk ON,0.42,TOP,⚪ Top Watch,0,0,⚪ Inactive,0,0,⚪ Top Watch,4.34,1.21,44.7,True,False,False,False,1.08,418,476,https://www.twse.com.tw/rwd/zh/afterTrading/MI_INDEX?type=ALL,https://www.twse.com.tw/rwd/zh/fund/BFI82U
2024-03-06,19499.45,19218.88,18656.19,3.42,8.36,多,55.1,-11.4,91,🟢 Strong Risk ON,0.58,TOP,⚪ Top Watch,0,0,⚪ Inactive,0,0,⚪ Top Watch,4.52,1.2,88.5,True,False,False,False,1.31,489,399,https://www.twse.com.tw/rwd/zh/afterTrading/MI_INDEX?type=ALL,https://www.twse.com.tw/rwd/zh/fund/BFI82U
2024-03-07,19693.52,19364.23,18734.89,3.83,8.69,多,24.6,119.5,80,🟢 Strong Risk ON,1.0,TOP,⚪ Top Watch,0,0,⚪ Inactive,0,0,⚪ Top Watch,5.12,1.39,38.3,True,False,False,False,1.47,229,702,https://www.twse.com.tw/rwd/zh/afterTrading/MI_INDEX?type=ALL,https://www.twse.com.tw/rwd/zh/fund/BFI82U
2024-03-08,19785.32,19534.1,18822.42,4.49,9.71,多,18.1,432.4,80,🟢 Strong Risk ON,0.47,TOP,⚪ Top Watch,0,0,⚪ Inactive,1,0,⚪ Top Watch,5.12,1.43,34.4,False,False,False,False,1.61,175,793,https://www.twse.com.tw/rwd/zh/afterTrading/MI_INDEX?type=ALL,https://www.twse.com.tw/rwd/zh/fund/BFI82U
2024-03-11,19726.08,19618.26,18914.25,2.18,10.27,多,64.8,-46.1,81,🟢 Strong Risk ON,-0.3,TOP,⚪ Top Watch,0,0,⚪ Inactive,0,0,⚪ Top Watch,4.29,1.0,42.7,False,False,False,False,0.85,599,326,https://www.twse.com.tw/rwd/zh/afterTrading/MI_INDEX?type=ALL,https://www.twse.com.tw/rwd/zh/fund/BFI82U
2024-03-12,19914.55,19723.78,19011.57,2.72,10.83,多,77.7,58.1,100,🟢 Strong Risk ON,0.96,TOP,⚪ Top Watch,0,0,⚪ Inactive,2,0,⚪ Top Watch,4.75,1.12,99.0,True,False,False,False,1.04,722,207,https://www.twse.com.tw/rwd/zh/afterTrading/MI_INDEX?type=ALL,https://www.twse.com.tw/rwd/zh/fund/BFI82U
2024-03-13,19928.51,19809.6,19105.0,2.2,10.35,多,24.7,69.8,80,🟢 Strong Risk ON,0.07,TOP,⚪ Top Watch,0,0,⚪ Inactive,0,0,⚪ Top Watch,4.31,1.32,25.1,True,False,False,False,0.84,234,713,https://www.twse.com.tw/rwd/zh/afterTrading/MI_INDEX?type=ALL,https://www.twse.com.tw/rwd/zh/fund/BFI82U
2024-03-14,19937.92,19858.48,19197.09,1.24,10.18,多,44.5,5.1,75,🟢 Strong Risk ON,0.05,TOP,⚪ Top Watch,0,0,⚪ Inactive,0,0,⚪ Top Watch,3.86,1.18,73.8,False,False,False,False,0.54,406,506,https://www.twse.com.tw/rwd/zh/afterTrading/MI_INDEX?type=ALL,https://www.twse.com.tw/rwd/zh/fund/BFI82U
2024-03-15,19682.5,19837.91,19248.99,-0.52,5.57,多,30.4,-117.2,44,🔴 Risk OFF,-1.28,NORMAL,⚪ Normal,0,0,⚪ Inactive,0,0,⚪ Inactive,2.25,1.34,0.0,False,True,False,False,0.79,283,647,https://www.twse.com.tw/rwd/zh/afterTrading/MI_INDEX?type=ALL,https://www.twse.com.tw/rwd/zh/fund/BFI82U
2024-03-18,19879.85,19868.67,19312.62,0.78,6.84,多,63.7,-86.3,80,🟢 Strong Risk ON,1.0,NORMAL,⚪ Normal,0,0,⚪ Inactive,0,0,⚪ Inactive,2.94,0.95,100.0,False,False,False,False,1.03,585,333,https://www.twse.com.tw/rwd/zh/afterTrading/MI_INDEX?type=ALL,https://www.twse.com.tw/rwd/zh/fund/BFI82U
2024-03-19,19857.2,19857.2,19373.69,-0.29,6.55,多,46.6,-215.7,49,🟡 Neutral,-0.11,NORMAL,⚪ Normal,0,0,⚪ Inactive,0,0,⚪ Inactive,2.5,1.03,59.7,False,False,False,False,0.74,428,491,https://www.twse.com.tw/rwd/zh/afterTrading/MI_INDEX?type=ALL,https://www.twse.com.tw/rwd/zh/fund/BFI82U
2024-03-20,19784.45,19828.38,19425.25,-0.72,5.5,多,36.0,-269.8,44,🔴 Risk OFF,-0.37,NORMAL,⚪ Normal,0,0,⚪ Inactive,0,0,⚪ Inactive,1.85,1.13,21.1,False,False,False,False,0.86,332,591,https://www.twse.com.tw/rwd/zh/afterTrading/MI_INDEX?type=ALL,https://www.twse.com.tw/rwd/zh/fund/BFI82U
2024-03-21,20199.09,19880.62,19501.39,1.31,8.15,多,72.7,183.6,95,🟢 Strong Risk ON,2.1,TOP,🟡 Overbought Watch,0,0,⚪ Inactive,3,0,🟡 Overbought Watch,3.58,1.1,99.9,True,False,False,False,1.51,667,250,https://www.twse.com.tw/rwd/zh/afterTrading/MI_INDEX?type=ALL,https://www.twse.com.tw/rwd/zh/fund/BFI82U
2024-03-22,20228.43,19989.8,19570.17,2.77,7.3,多,52.0,24.4,92,🟢 Strong Risk ON,0.15,TOP,⚪ Top Watch,0,0,⚪ Inactive,0,0,⚪ Top Watch,3.36,1.15,68.0,True,False,False,False,1.33,466,431,https://www.twse.com.tw/rwd/zh/afterTrading/MI_INDEX?type=ALL,https://www.twse.com.tw/rwd/zh/fund/BFI82U
2024-03-25,20192.25,20052.28,19635.33,1.57,6.9,多,61.6,-92.6,70,🟢 Risk ON,-0.18,NORMAL,⚪ Normal,0,0,⚪ Inactive,0,0,⚪ Inactive,2.84,0.87,17.3,False,False,False,False,0.97,556,347,https://www.twse.com.tw/rwd/zh/afterTrading/MI_INDEX?type=ALL,https://www.twse.com.tw/rwd/zh/fund/BFI82U
2024-03-26,20126.49,20106.14,19694.25,1.36,6.22,多,23.9,-54.3,50,🟡 Neutral,-0.33,NORMAL,⚪ Normal,0,0,⚪ Inactive,0,0,⚪ Inactive,2.19,1.11,35.5,False,True,False,False,1.04,223,710,https://www.twse.com.tw/rwd/zh/afterTrading/MI_INDEX?type=ALL,https://www.twse.com.tw/rwd/zh/fund/BFI82U
2024-03-27,20200.12,20189.28,19761.53,2.1,7.14,多,72.0,-68.9,85,🟢 Strong Risk ON,0.37,NORMAL,⚪ Normal,0,0,⚪ Inactive,0,0,⚪ Inactive,2.22,0.92,62.4,False,False,False,False,1.07,659,256,https://www.twse.com.tw/rwd/zh/afterTrading/MI_INDEX?type=ALL,https://www.twse.com.tw/rwd/zh/fund/BFI82U
2024-03-28,20146.55,20178.77,19820.52,-0.26,6.22,多,47.3,-237.6,49,🟡 Neutral,-0.27,NORMAL,⚪ Normal,0,0,⚪ Inactive,0,0,⚪ Inactive,1.64,1.02,51.6,False,False,False,False,0.38,413,460,https://www.twse.com.tw/rwd/zh/afterTrading/MI_INDEX?type=ALL,https://www.twse.com.tw/rwd/zh/fund/BFI82U
2024-03-29,20294.45,20191.97,19888.45,0.33,7.17,多,41.8,4.0,75,🟢 Strong Risk ON,0.73,NORMAL,⚪ Normal,0,0,⚪ Inactive,0,0,⚪ Inactive,2.04,1.0,76.9,True,False,False,False,0.6,373,519,https://www.twse.com.tw/rwd/zh/afterTrading/MI_INDEX?type=ALL,https://www.twse.com.tw/rwd/zh/fund/BFI82U
2024-04-01,20222.33,20197.99,19934.3,0.15,4.75,多,72.5,-26.2,72,🟢 Risk ON,-0.36,NORMAL,⚪ Normal,0,0,⚪ Inactive,0,0,⚪ Inactive,1.44,0.74,2.8,False,False,False,False,0.65,669,254,https://www.twse.com.tw/rwd/zh/afterTrading/MI_INDEX?type=ALL,https://www.twse.com.tw/rwd/zh/fund/BFI82U
2024-04-02,20466.57,20266.0,19988.28,1.69,5.57,多,43.5,71.1,75,🟢 Strong Risk ON,1.21,NORMAL,⚪ Normal,0,0,⚪ Inactive,0,0,⚪ Inactive,2.39,0.81,100.0,True,False,False,False,0.93,390,506,https://www.twse.com.tw/rwd/zh/afterTrading/MI_INDEX?type=ALL,https://www.twse.com.tw/rwd/zh/fund/BFI82U
2024-04-03,20337.6,20293.5,20030.19,0.68,4.3,多,34.6,-181.9,46,🟡 Neutral,-0.63,NORMAL,⚪ Normal,0,0,⚪ Inactive,0,0,⚪ Inactive,1.53,0.82,50.7,False,True,False,False,1.03,320,604,https://www.twse.com.tw/rwd/zh/afterTrading/MI_INDEX?type=ALL,https://www.twse.com.tw/rwd/zh/fund/BFI82U
2024-04-08,20417.7,20347.73,20066.4,1.35,3.68,多,60.9,-123.7,76,🟢 Strong Risk ON,0.39,NORMAL,⚪ Normal,0,0,⚪ Inactive,0,0,⚪ Inactive,1.75,0.86,35.1,True,False,False,False,1.1,561,360,https://www.twse.com.tw/rwd/zh/afterTrading/MI_INDEX?type=ALL,https://www.twse.com.tw/rwd/zh/fund/BFI82U
2024-04-09,20796.2,20448.08,20116.94,2.47,5.11,多,64.0,206.0,100,🟢 Strong Risk ON,1.85,TOP,⚪ Top Watch,0,0,⚪ Inactive,0,0,⚪ Top Watch,3.38,1.12,91.8,True,False,False,False,1.4,596,335,https://www.twse.com.tw/rwd/zh/afterTrading/MI_INDEX?type=ALL,https://www.twse.com.tw/rwd/zh/fund/BFI82U
2024-04-10,20763.53,20556.32,20168.81,2.68,5.26,多,58.2,-2.6,81,🟢 Strong Risk ON,-0.16,NORMAL,⚪ Normal,0,0,⚪ Inactive,0,0,⚪ Inactive,2.95,1.1,0.0,False,False,False,False,1.53,530,380,https://www.twse.com.tw/rwd/zh/afterTrading/MI_INDEX?type=ALL,https://www.twse.com.tw/rwd/zh/fund/BFI82U
2024-04-11,20753.22,20613.65,20210.75,1.4,4.21,多,29.0,-52.0,46,🟡 Neutral,-0.05,NORMAL,⚪ Normal,0,0,⚪ Inactive,0,0,⚪ Inactive,2.68,1.09,85.2,False,True,False,False,1.04,270,661,https://www.twse.com.tw/rwd/zh/afterTrading/MI_INDEX?type=ALL,https://www.twse.com.tw/rwd/zh/fund/BFI82U
2024-04-12,20736.57,20693.44,20251.15,1.96,4.05,多,49.8,-74.7,51,🟡 Neutral,-0.08,NORMAL,⚪ Normal,0,0,⚪ Inactive,0,0,⚪ Inactive,2.4,1.13,20.4,False,False,False,False,0.85,457,460,https://www.twse.com.tw/rwd/zh/afterTrading/MI_INDEX?type=ALL,https://www.twse.com.tw/rwd/zh/fund/BFI82U
2024-04-15,20449.77,20699.86,20276.74,0.16,2.57,多,26.4,-278.8,46,🟡 Neutral,-1.38,NORMAL,⚪ Normal,0,0,⚪ Inactive,0,0,⚪ Inactive,0.85,1.14,0.0,False,True,False,False,1.25,249,693,https://www.twse.com.tw/rwd/zh/afterTrading/MI_INDEX?type=ALL,https://www.twse.com.tw/rwd/zh/fund/BFI82U
2024-04-16,19901.96,20521.01,20287.72,-4.3,1.12,空,4.6,-394.9,21,🔴 Risk OFF,-2.68,BOTTOM,⚪ Bottom Watch,2,0,⚪ Bottom Watch,0,0,⚪ Inactive,-1.9,1.28,11.0,False,True,False,False,1.37,45,929,https://www.twse.com.tw/rwd/zh/afterTrading/MI_INDEX?type=ALL,https://www.twse.com.tw/rwd/zh/fund/BFI82U
2024-04-17,20213.33,20410.97,20304.39,-2.65,1.68,空,86.2,-222.2,51,🟡 Neutral,1.56,NORMAL,⚪ Normal,0,0,⚪ Inactive,0,0,⚪ Inactive,-0.45,0.95,81.4,False,False,False,False,1.84,820,131,https://www.twse.com.tw/rwd/zh/afterTrading/MI_INDEX?type=ALL,https://www.twse.com.tw/rwd/zh/fund/BFI82U
2024-04-18,20301.2,20320.57,20326.59,-2.18,2.24,空,60.9,-66.6,41,🔴 Risk OFF,0.43,NORMAL,⚪ Normal,0,0,⚪ Inactive,0,0,⚪ Inactive,-0.12,1.15,79.7,True,False,False,False,2.11,559,359,https://www.twse.com.tw/rwd/zh/afterTrading/MI_INDEX?type=ALL,https://www.twse.com.tw/rwd/zh/fund/BFI82U
2024-04-19,19527.12,20078.68,20313.72,-5.83,-1.3,空,10.1,-857.5,7,🔴 Risk OFF,-3.81,BOTTOM,🟣 Oversold Watch,4,1,🟣 Oversold Watch,0,0,⚪ Inactive,-3.87,1.67,33.6,False,True,True,False,3.39,99,880,https://www.twse.com.tw/rwd/zh/afterTrading/MI_INDEX?type=ALL,https://www.twse.com.tw/rwd/zh/fund/BFI82U
2024-04-22,19411.22,19870.97,20274.33,-5.08,-3.9,空,46.3,-129.5,7,🔴 Risk OFF,-0.59,BOTTOM,🟣 Oversold Watch,1,1,🟣 Oversold Watch,0,0,⚪ Inactive,-4.26,1.3,5.3,False,False,True,False,2.8,435,504,https://www.twse.com.tw/rwd/zh/afterTrading/MI_INDEX?type=ALL,https://www.twse.com.tw/rwd/zh/fund/BFI82U
2024-04-23,19599.28,19810.43,20242.87,-1.52,-3.11,空,77.6,14.8,51,🟡 Neutral,0.97,BOTTOM,🟣 Oversold Watch,1,3,🟣 Oversold Watch,0,0,⚪ Inactive,-3.18,0.92,44.9,False,False,True,False,2.05,732,211,https://www.twse.com.tw/rwd/zh/afterTrading/MI_INDEX?type=ALL,https://www.twse.com.tw/rwd/zh/fund/BFI82U
2024-04-24,20131.74,19794.11,20239.85,-0.4,-0.3,空,76.9,298.7,51,🟡 Neutral,2.72,BOTTOM,🟢 Strong Bottom Reversal,1,8,🟢 Strong Bottom Reversal,0,0,⚪ Inactive,-0.53,1.06,91.4,True,False,True,False,2.28,710,213,https://www.twse.com.tw/rwd/zh/afterTrading/MI_INDEX?type=ALL,https://www.twse.com.tw/rwd/zh/fund/BFI82U
2024-04-25,19857.42,19705.36,20226.39,-2.19,-1.34,空,37.6,-246.3,2,🔴 Risk OFF,-1.36,BOTTOM,🟣 Oversold Watch,1,0,🟣 Oversold Watch,0,0,⚪ Inactive,-1.82,0.85,5.7,False,False,True,False,2.48,335,557,https://www.twse.com.tw/rwd/zh/afterTrading/MI_INDEX?type=ALL,https://www.twse.com.tw/rwd/zh/fund/BFI82U
2024-04-26,20120.51,19824.03,20222.41,3.04,-0.39,空,62.1,205.1,62,🟢 Risk ON,1.32,TOP,⚪ Top Watch,0,0,⚪ Inactive,0,0,⚪ Top Watch,-0.5,1.06,23.7,True,False,False,False,1.49,548,334,https://www.twse.com.tw/rwd/zh/afterTrading/MI_INDEX?type=ALL,https://www.twse.com.tw/rwd/zh/fund/BFI82U
2024-04-29,20495.52,20040.89,20239.86,5.59,1.73,多,84.7,342.6,81,🟢 Strong Risk ON,1.86,TOP,🟡 Overbought Watch,0,0,⚪ Inactive,3,0,🟡 Overbought Watch,1.26,1.23,100.0,True,False,False,False,1.91,804,145,https://www.twse.com.tw/rwd/zh/afterTrading/MI_INDEX?type=ALL,https://www.twse.com.tw/rwd/zh/fund/BFI82U
2024-04-30,20396.6,20200.36,20244.97,4.07,0.5,多,43.1,23.4,56,🟡 Neutral,-0.48,TOP,⚪ Top Watch,0,0,⚪ Inactive,1,0,⚪ Top Watch,0.75,0.95,0.0,False,False,False,False,1.72,397,525,https://www.twse.com.tw/rwd/zh/afterTrading/MI_INDEX?type=ALL,https://www.twse.com.tw/rwd/zh/fund/BFI82U
2024-05-02,20222.44,20218.5,20244.97,0.45,0.0,空,61.0,-181.0,41,🔴 Risk OFF,-0.85,NORMAL,⚪ Normal,0,0,⚪ Inactive,0,0,⚪ Inactive,-0.11,1.04,0.0,False,True,False,False,1.14,548,351,https://www.twse.com.tw/rwd/zh/afterTrading/MI_INDEX?type=ALL,https://www.twse.com.tw/rwd/zh/fund/BFI82U
2024-05-03,20330.32,20313.08,20238.16,2.38,-0.67,多,40.3,167.0,72,🟢 Risk ON,0.53,NORMAL,⚪ Normal,0,0,⚪ Inactive,0,0,⚪ Inactive,0.46,1.03,23.3,False,False,False,False,0.94,358,531,https://www.twse.com.tw/rwd/zh/afterTrading/MI_INDEX?type=ALL,https://www.twse.com.tw/rwd/zh/fund/BFI82U
2024-05-06,20523.31,20393.64,20247.45,2.0,0.91,多,62.2,216.6,96,🟢 Strong Risk ON,0.95,NORMAL,⚪ Normal,0,0,⚪ Inactive,0,0,⚪ Inactive,1.36,0.98,27.2,True,False,False,False,0.83,567,345,https://www.twse.com.tw/rwd/zh/afterTrading/MI_INDEX?type=ALL,https://www.twse.com.tw/rwd/zh/fund/BFI82U
2024-05-07,20653.53,20425.24,20259.24,0.77,1.16,多,38.6,69.9,71,🟢 Risk ON,0.63,NORMAL,⚪ Normal,0,0,⚪ Inactive,0,0,⚪ Inactive,1.95,0.96,81.7,True,False,False,False,0.57,357,568,https://www.twse.com.tw/rwd/zh/afterTrading/MI_INDEX?type=ALL,https://www.twse.com.tw/rwd/zh/fund/BFI82U
2024-05-08,20700.51,20486.02,20254.45,1.49,-0.46,多,45.9,23.9,72,🟢 Risk ON,0.23,NORMAL,⚪ Normal,0,0,⚪ Inactive,0,0,⚪ Inactive,2.2,0.93,100.0,True,False,False,False,0.53,415,490,https://www.twse.com.tw/rwd/zh/afterTrading/MI_INDEX?type=ALL,https://www.twse.com.tw/rwd/zh/fund/BFI82U
2024-05-09,20560.77,20553.69,20244.32,1.67,-0.98,多,27.6,-207.8,37,🔴 Risk OFF,-0.68,NORMAL,⚪ Normal,0,0,⚪ Inactive,0,0,⚪ Inactive,1.56,0.9,0.0,False,False,False,False,0.49,256,672,https://www.twse.com.tw/rwd/zh/afterTrading/MI_INDEX?type=ALL,https://www.twse.com.tw/rwd/zh/fund/BFI82U
2024-05-10,20708.84,20629.39,20242.1,1.86,-0.21,多,58.7,166.0,87,🟢 Strong Risk ON,0.72,NORMAL,⚪ Normal,0,0,⚪ Inactive,0,0,⚪ Inactive,2.31,1.09,70.3,False,False,False,False,0.54,545,384,https://www.twse.com.tw/rwd/zh/afterTrading/MI_INDEX?type=ALL,https://www.twse.com.tw/rwd/zh/fund/BFI82U
2024-05-13,20857.71,20696.27,20248.15,1.63,0.58,多,46.2,158.9,76,🟢 Strong Risk ON,0.72,TOP,⚪ Top Watch,0,0,⚪ Inactive,0,0,⚪ Top Watch,3.01,1.0,35.3,True,False,False,False,0.49,431,501,https://www.twse.com.tw/rwd/zh/afterTrading/MI_INDEX?type=ALL,https://www.twse.com.tw/rwd/zh/fund/BFI82U
2024-05-14,20985.85,20762.74,20274.96,1.61,2.62,多,49.1,219.2,76,🟢 Strong Risk ON,0.61,TOP,⚪ Top Watch,0,0,⚪ Inactive,0,0,⚪ Top Watch,3.51,1.04,95.1,True,False,False,False,0.49,450,466,https://www.twse.com.tw/rwd/zh/afterTrading/MI_INDEX?type=ALL,https://www.twse.com.tw/rwd/zh/fund/BFI82U
2024-05-15,21147.21,20852.08,20337.22,2.16,6.26,多,55.8,266.9,100,🟢 Strong Risk ON,0.77,TOP,⚪ Top Watch,0,0,⚪ Inactive,0,0,⚪ Top Watch,3.98,1.06,50.2,True,False,False,False,0.62,518,410,https://www.twse.com.tw/rwd/zh/afterTrading/MI_INDEX?type=ALL,https://www.twse.com.tw/rwd/zh/fund/BFI82U
2024-05-16,21304.26,21000.77,20391.77,3.62,5.4,多,75.2,483.8,100,🟢 Strong Risk ON,0.74,TOP,⚪ Top Watch,0,0,⚪ Inactive,2,0,⚪ Top Watch,4.47,1.16,20.5,False,False,False,False,0.61,707,233,https://www.twse.com.tw/rwd/zh/afterTrading/MI_INDEX?type=ALL,https://www.twse.com.tw/rwd/zh/fund/BFI82U
2024-05-17,21258.47,21110.7,20439.63,2.65,4.72,多,53.5,13.4,78,🟢 Strong Risk ON,-0.21,TOP,⚪ Top Watch,0,0,⚪ Inactive,0,0,⚪ Top Watch,4.01,1.04,31.3,False,False,False,False,0.51,492,428,https://www.twse.com.tw/rwd/zh/afterTrading/MI_INDEX?type=ALL,https://www.twse.com.tw/rwd/zh/fund/BFI82U
2024-05-20,21271.63,21193.48,20526.86,1.98,8.93,多,54.7,-65.5,72,🟢 Risk ON,0.06,TOP,⚪ Top Watch,0,0,⚪ Inactive,0,0,⚪ Top Watch,3.63,1.07,71.7,False,False,False,False,0.39,510,423,https://www.twse.com.tw/rwd/zh/afterTrading/MI_INDEX?type=ALL,https://www.twse.com.tw/rwd/zh/fund/BFI82U
2024-05-21,21236.75,21243.66,20618.13,1.2,9.4,多,39.3,-31.8,56,🟡 Neutral,-0.16,TOP,⚪ Top Watch,0,0,⚪ Inactive,0,0,⚪ Top Watch,3.0,0.95,59.9,False,False,False,False,0.33,366,566,https://www.twse.com.tw/rwd/zh/afterTrading/MI_INDEX?type=ALL,https://www.twse.com.tw/rwd/zh/fund/BFI82U
2024-05-22,21551.83,21324.59,20715.76,1.91,9.96,多,59.0,321.1,95,🟢 Strong Risk ON,1.48,TOP,⚪ Top Watch,0,0,⚪ Inactive,0,0,⚪ Top Watch,4.04,1.13,95.1,True,False,False,False,0.49,544,378,https://www.twse.com.tw/rwd/zh/afterTrading/MI_INDEX?type=ALL,https://www.twse.com.tw/rwd/zh/fund/BFI82U
2024-05-23,21607.43,21385.22,20789.55,1.42,7.33,多,15.1,166.8,75,🟢 Strong Risk ON,0.26,TOP,⚪ Top Watch,0,0,⚪ Inactive,0,0,⚪ Top Watch,3.93,1.14,68.2,True,False,False,False,0.42,148,829,https://www.twse.com.tw/rwd/zh/afterTrading/MI_INDEX?type=ALL,https://www.twse.com.tw/rwd/zh/fund/BFI82U
2024-05-24,21565.34,21446.6,20874.94,1.44,8.6,多,55.5,60.6,85,🟢 Strong Risk ON,-0.19,TOP,⚪ Top Watch,0,0,⚪ Inactive,0,0,⚪ Top Watch,3.31,0.87,80.9,False,False,False,False,0.42,502,403,https://www.twse.com.tw/rwd/zh/afterTrading/MI_INDEX?type=ALL,https://www.twse.com.tw/rwd/zh/fund/BFI82U
2024-05-27,21803.77,21553.02,20959.1,2.5,8.37,多,70.4,33.9,100,🟢 Strong Risk ON,1.11,TOP,⚪ Top Watch,0,0,⚪ Inactive,2,0,⚪ Top Watch,4.03,1.0,60.6,True,False,False,False,0.75,649,273,https://www.twse.com.tw/rwd/zh/afterTrading/MI_INDEX?type=ALL,https://www.twse.com.tw/rwd/zh/fund/BFI82U
2024-05-28,21858.41,21677.36,21027.25,2.93,6.65,多,76.9,-24.0,91,🟢 Strong Risk ON,0.25,TOP,⚪ Top Watch,0,0,⚪ Inactive,2,0,⚪ Top Watch,3.95,1.0,36.9,False,False,False,False,0.79,729,219,https://www.twse.com.tw/rwd/zh/afterTrading/MI_INDEX?type=ALL,https://www.twse.com.tw/rwd/zh/fund/BFI82U
2024-05-29,21662.5,21699.49,21090.54,0.51,6.21,多,42.1,-274.9,50,🟡 Neutral,-0.9,NORMAL,⚪ Normal,0,0,⚪ Inactive,0,0,⚪ Inactive,2.71,1.07,0.0,False,True,False,False,0.63,396,545,https://www.twse.com.tw/rwd/zh/afterTrading/MI_INDEX?type=ALL,https://www.twse.com.tw/rwd/zh/fund/BFI82U
2024-05-30,21364.48,21650.9,21147.65,-1.12,5.65,多,23.6,-435.1,44,🔴 Risk OFF,-1.38,NORMAL,⚪ Normal,0,0,⚪ Inactive,0,0,⚪ Inactive,1.03,0.92,0.1,False,True,False,False,1.04,222,718,https://www.twse.com.tw/rwd/zh/afterTrading/MI_INDEX?type=ALL,https://www.twse.com.tw/rwd/zh/fund/BFI82U
2024-05-31,21174.22,21572.68,21189.84,-1.81,4.15,空,61.9,-330.2,45,🟡 Neutral,-0.89,NORMAL,⚪ Normal,0,0,⚪ Inactive,0,0,⚪ Inactive,-0.07,1.46,0.0,False,True,False,False,1.34,583,359,https://www.twse.com.tw/rwd/zh/afterTrading/MI_INDEX?type=ALL,https://www.twse.com.tw/rwd/zh/fund/BFI82U
2024-06-03,21536.76,21519.27,21240.51,-1.22,4.94,多,57.7,29.0,85,🟢 Strong Risk ON,1.71,NORMAL,⚪ Normal,0,0,⚪ Inactive,0,0,⚪ Inactive,1.39,0.95,68.5,False,False,False,False,1.55,529,388,https://www.twse.com.tw/rwd/zh/afterTrading/MI_INDEX?type=ALL,https://www.twse.com.tw/rwd/zh/fund/BFI82U
2024-06-04,21356.62,21418.92,21275.67,-2.3,3.4,多,36.4,-202.8,36,🔴 Risk OFF,-0.84,NORMAL,⚪ Normal,0,0,⚪ Inactive,0,0,⚪ Inactive,0.38,0.97,21.6,False,True,False,False,1.96,337,588,https://www.twse.com.tw/rwd/zh/afterTrading/MI_INDEX?type=ALL,https://www.twse.com.tw/rwd/zh/fund/BFI82U
2024-06-05,21484.88,21383.39,21314.89,-0.82,3.79,多,36.2,-187.3,50,🟡 Neutral,0.6,NORMAL,⚪ Normal,0,0,⚪ Inactive,0,0,⚪ Inactive,0.8,0.82,89.4,False,False,False,False,1.79,330,581,https://www.twse.com.tw/rwd/zh/afterTrading/MI_INDEX?type=ALL,https://www.twse.com.tw/rwd/zh/fund/BFI82U
2024-06-06,21902.7,21491.04,21381.98,2.52,6.53,多,32.3,215.0,80,🟢 Strong Risk ON,1.94,NORMAL,⚪ Normal,0,0,⚪ Inactive,0,0,⚪ Inactive,2.44,0.95,44.7,True,False,False,False,1.9,296,620,https://www.twse.com.tw/rwd/zh/afterTrading/MI_INDEX?type=ALL,https://www.twse.com.tw/rwd/zh/fund/BFI82U
2024-06-07,21858.38,21627.87,21439.46,3.23,5.55,多,76.9,-98.5,75,🟢 Strong Risk ON,-0.2,TOP,🟡 Overbought Watch,0,0,⚪ Inactive,3,1,🟡 Overbought Watch,1.95,0.99,35.8,False,False,False,False,1.64,716,215,https://www.twse.com.tw/rwd/zh/afterTrading/MI_INDEX?type=ALL,https://www.twse.com.tw/rwd/zh/fund/BFI82U
2024-06-11,21792.12,21678.94,21486.18,1.19,4.48,多,26.1,-332.9,46,🟡 Neutral,-0.3,NORMAL,⚪ Normal,0,0,⚪ Inactive,0,0,⚪ Inactive,1.42,1.05,0.0,False,True,False,False,1.13,245,695,https://www.twse.com.tw/rwd/zh/afterTrading/MI_INDEX?type=ALL,https://www.twse.com.tw/rwd/zh/fund/BFI82U
2024-06-12,22048.96,21817.41,21539.34,3.24,5.07,多,41.3,168.2,80,🟢 Strong Risk ON,1.18,TOP,⚪ Top Watch,0,0,⚪ Inactive,0,0,⚪ Top Watch,2.37,0.86,81.8,True,False,False,False,1.22,386,549,https://www.twse.com.tw/rwd/zh/afterTrading/MI_INDEX?type=ALL,https://www.twse.com.tw/rwd/zh/fund/BFI82U
2024-06-13,22312.04,21982.84,21597.58,3.85,5.51,多,57.0,323.1,100,🟢 Strong Risk ON,1.19,TOP,⚪ Top Watch,0,0,⚪ Inactive,0,0,⚪ Top Watch,3.31,0.84,44.1,True,False,False,False,1.35,509,384,https://www.twse.com.tw/rwd/zh/afterTrading/MI_INDEX?type=ALL,https://www.twse.com.tw/rwd/zh/fund/BFI82U
2024-06-14,22504.72,22103.24,21657.6,2.75,5.63,多,65.0,199.3,100,🟢 Strong Risk ON,0.86,TOP,⚪ Top Watch,0,0,⚪ Inactive,0,0,⚪ Top Watch,3.91,0.87,100.0,True,False,False,False,0.96,598,322,https://www.twse.com.tw/rwd/zh/afterTrading/MI_INDEX?type=ALL,https://www.twse.com.tw/rwd/zh/fund/BFI82U
2024-06-17,22496.53,22230.87,21719.5,2.92,5.82,多,56.1,-135.4,75,🟢 Strong Risk ON,-0.04,TOP,⚪ Top Watch,0,0,⚪ Inactive,0,0,⚪ Top Watch,3.58,0.86,48.0,False,False,False,False,0.95,517,404,https://www.twse.com.tw/rwd/zh/afterTrading/MI_INDEX?type=ALL,https://www.twse.com.tw/rwd/zh/fund/BFI82U
2024-06-18,22757.43,22423.94,21793.79,4.43,6.98,多,50.4,181.2,92,🟢 Strong Risk ON,1.16,TOP,⚪ Top Watch,0,0,⚪ Inactive,0,0,⚪ Top Watch,4.42,0.88,79.1,True,False,False,False,1.21,450,443,https://www.twse.com.tw/rwd/zh/afterTrading/MI_INDEX?type=ALL,https://www.twse.com.tw/rwd/zh/fund/BFI82U
2024-06-19,23209.54,22656.05,21892.43,5.26,9.29,多,36.9,485.5,80,🟢 Strong Risk ON,1.99,TOP,🟡 Overbought Watch,0,0,⚪ Inactive,2,2,🟡 Overbought Watch,6.02,1.04,84.2,True,False,False,True,1.38,341,583,https://www.twse.com.tw/rwd/zh/afterTrading/MI_INDEX?type=ALL,https://www.twse.com.tw/rwd/zh/fund/BFI82U
2024-06-20,23406.1,22874.86,21985.15,4.9,8.6,多,78.2,227.1,100,🟢 Strong Risk ON,0.85,TOP,🟡 Overbought Watch,0,0,⚪ Inactive,4,0,🟡 Overbought Watch,6.46,0.92,100.0,True,False,False,True,1.25,709,198,https://www.twse.com.tw/rwd/zh/afterTrading/MI_INDEX?type=ALL,https://www.twse.com.tw/rwd/zh/fund/BFI82U
2024-06-21,23253.39,23024.6,22067.44,3.33,7.62,多,49.0,-137.9,60,🟢 Risk ON,-0.65,TOP,🟡 Overbought Watch,0,0,⚪ Inactive,0,2,🟡 Overbought Watch,5.37,1.34,51.1,False,False,False,True,1.19,446,465,https://www.twse.com.tw/rwd/zh/afterTrading/MI_INDEX?type=ALL,https://www.twse.com.tw/rwd/zh/fund/BFI82U
2024-06-24,22813.7,23088.03,22129.86,1.41,5.79,多,30.7,-450.9,50,🟡 Neutral,-1.89,TOP,🔴 Strong Top Reversal,0,0,⚪ Inactive,1,6,🔴 Strong Top Reversal,3.09,1.05,0.0,False,True,False,True,1.68,289,651,https://www.twse.com.tw/rwd/zh/afterTrading/MI_INDEX?type=ALL,https://www.twse.com.tw/rwd/zh/fund/BFI82U
2024-06-25,22875.97,23111.74,22183.47,0.52,4.92,多,54.4,-97.1,68,🟢 Risk ON,0.27,TOP,🟡 Overbought Watch,0,0,⚪ Inactive,0,1,🟡 Overbought Watch,3.12,0.9,100.0,False,False,False,True,1.36,491,412,https://www.twse.com.tw/rwd/zh/afterTrading/MI_INDEX?type=ALL,https://www.twse.com.tw/rwd/zh/fund/BFI82U
2024-06-26,22986.69,23067.17,22239.89,-0.96,5.16,多,46.0,-79.3,59,🟡 Neutral,0.48,TOP,🟡 Overbought Watch,0,0,⚪ Inactive,0,1,🟡 Overbought Watch,3.36,0.88,51.4,True,False,False,True,0.9,426,500,https://www.twse.com.tw/rwd/zh/afterTrading/MI_INDEX?type=ALL,https://www.twse.com.tw/rwd/zh/fund/BFI82U
2024-06-27,22905.98,22967.15,22302.06,-2.14,5.74,多,26.4,-161.3,40,🔴 Risk OFF,-0.35,NORMAL,⚪ Normal,0,0,⚪ Inactive,0,0,⚪ Inactive,2.71,0.94,89.5,False,False,False,False,0.82,241,672,https://www.twse.com.tw/rwd/zh/afterTrading/MI_INDEX?type=ALL,https://www.twse.com.tw/rwd/zh/fund/BFI82U
2024-06-28,23032.25,22922.92,22385.45,-0.95,7.81,多,71.6,90.8,89,🟢 Strong Risk ON,0.55,NORMAL,⚪ Normal,0,0,⚪ Inactive,0,0,⚪ Inactive,2.89,0.9,55.2,True,False,False,False,0.78,656,260,https://www.twse.com.tw/rwd/zh/afterTrading/MI_INDEX?type=ALL,https://www.twse.com.tw/rwd/zh/fund/BFI82U
2024-07-01,23058.57,22971.89,22479.67,1.07,8.9,多,48.5,-64.4,65,🟢 Risk ON,0.11,NORMAL,⚪ Normal,0,0,⚪ Inactive,0,0,⚪ Inactive,2.58,0.89,25.1,False,False,False,False,0.36,446,473,https://www.twse.com.tw/rwd/zh/afterTrading/MI_INDEX?type=ALL,https://www.twse.com.tw/rwd/zh/fund/BFI82U
2024-07-02,22879.37,22972.57,22546.8,0.01,6.23,多,36.3,-242.4,50,🟡 Neutral,-0.78,NORMAL,⚪ Normal,0,0,⚪ Inactive,0,0,⚪ Inactive,1.48,1.08,21.9,False,True,False,False,0.48,326,573,https://www.twse.com.tw/rwd/zh/afterTrading/MI_INDEX?type=ALL,https://www.twse.com.tw/rwd/zh/fund/BFI82U
2024-07-03,23172.43,23009.72,22637.59,0.81,8.5,多,69.1,94.2,95,🟢 Strong Risk ON,1.28,NORMAL,⚪ Normal,0,0,⚪ Inactive,0,0,⚪ Inactive,2.36,1.22,100.0,True,False,False,False,0.64,639,286,https://www.twse.com.tw/rwd/zh/afterTrading/MI_INDEX?type=ALL,https://www.twse.com.tw/rwd/zh/fund/BFI82U
2024-07-04,23522.53,23133.03,22739.47,2.69,9.48,多,69.7,363.3,100,🟢 Strong Risk ON,1.51,TOP,⚪ Top Watch,0,0,⚪ Inactive,0,0,⚪ Top Watch,3.44,1.14,76.6,True,False,False,False,0.9,622,271,https://www.twse.com.tw/rwd/zh/afterTrading/MI_INDEX?type=ALL,https://www.twse.com.tw/rwd/zh/fund/BFI82U
2024-07-05,23556.59,23237.9,22822.16,2.28,7.55,多,65.8,-55.4,85,🟢 Strong Risk ON,0.14,TOP,⚪ Top Watch,0,0,⚪ Inactive,0,0,⚪ Top Watch,3.22,1.11,47.3,False,False,False,False,0.85,607,315,https://www.twse.com.tw/rwd/zh/afterTrading/MI_INDEX?type=ALL,https://www.twse.com.tw/rwd/zh/fund/BFI82U
2024-07-08,23878.15,23401.81,22923.15,3.55,9.24,多,33.2,-82.2,65,🟢 Risk ON,1.37,TOP,⚪ Top Watch,0,0,⚪ Inactive,0,0,⚪ Top Watch,4.17,1.18,73.6,True,False,False,False,1.18,312,629,https://www.twse.com.tw/rwd/zh/afterTrading/MI_INDEX?type=ALL,https://www.twse.com.tw/rwd/zh/fund/BFI82U
2024-07-09,23900.08,23605.96,23028.55,4.46,9.67,多,22.7,-157.2,65,🟢 Risk ON,0.09,TOP,⚪ Top Watch,0,0,⚪ Inactive,0,0,⚪ Top Watch,3.78,1.31,56.3,False,False,False,False,1.08,213,725,https://www.twse.com.tw/rwd/zh/afterTrading/MI_INDEX?type=ALL,https://www.twse.com.tw/rwd/zh/fund/BFI82U
2024-07-10,24007.08,23772.89,23126.46,3.6,8.88,多,63.6,-108.5,85,🟢 Strong Risk ON,0.45,TOP,⚪ Top Watch,0,0,⚪ Inactive,0,0,⚪ Top Watch,3.81,1.13,90.6,False,False,False,False,0.85,574,329,https://www.twse.com.tw/rwd/zh/afterTrading/MI_INDEX?type=ALL,https://www.twse.com.tw/rwd/zh/fund/BFI82U
2024-07-11,24390.03,23946.39,23230.36,3.69,9.31,多,50.8,32.1,92,🟢 Strong Risk ON,1.6,TOP,⚪ Top Watch,0,0,⚪ Inactive,0,0,⚪ Top Watch,4.99,1.16,89.9,True,False,False,False,0.83,455,440,https://www.twse.com.tw/rwd/zh/afterTrading/MI_INDEX?type=ALL,https://www.twse.com.tw/rwd/zh/fund/BFI82U
2024-07-12,23916.93,24018.45,23300.97,1.53,6.28,多,50.6,-416.6,62,🟢 Risk ON,-1.94,NORMAL,⚪ Normal,0,0,⚪ Inactive,0,0,⚪ Inactive,2.64,1.21,52.6,False,True,False,False,1.38,461,450,https://www.twse.com.tw/rwd/zh/afterTrading/MI_INDEX?type=ALL,https://www.twse.com.tw/rwd/zh/fund/BFI82U
2024-07-15,23879.36,24018.7,23370.11,0.01,6.15,多,39.8,-131.6,50,🟡 Neutral,-0.16,NORMAL,⚪ Normal,0,0,⚪ Inactive,0,0,⚪ Inactive,2.18,1.02,46.3,False,False,False,False,1.0,366,553,https://www.twse.com.tw/rwd/zh/afterTrading/MI_INDEX?type=ALL,https://www.twse.com.tw/rwd/zh/fund/BFI82U
2024-07-16,23997.25,24038.13,23432.1,0.41,5.45,多,50.8,-52.8,72,🟢 Risk ON,0.49,NORMAL,⚪ Normal,0,0,⚪ Inactive,0,0,⚪ Inactive,2.41,0.92,43.4,False,False,False,False,1.11,450,436,https://www.twse.com.tw/rwd/zh/afterTrading/MI_INDEX?type=ALL,https://www.twse.com.tw/rwd/zh/fund/BFI82U
2024-07-17,23769.82,23990.68,23460.11,-0.99,2.41,多,60.3,-303.8,60,🟢 Risk ON,-0.95,NORMAL,⚪ Normal,0,0,⚪ Inactive,0,0,⚪ Inactive,1.32,1.16,34.7,False,True,False,False,1.28,539,355,https://www.twse.com.tw/rwd/zh/afterTrading/MI_INDEX?type=ALL,https://www.twse.com.tw/rwd/zh/fund/BFI82U
2024-07-18,23398.47,23792.37,23459.73,-4.07,-0.03,空,36.3,-533.5,17,🔴 Risk OFF,-1.56,BOTTOM,⚪ Bottom Watch,0,0,⚪ Bottom Watch,0,0,⚪ Inactive,-0.26,1.07,82.6,False,True,False,False,1.24,329,578,https://www.twse.com.tw/rwd/zh/afterTrading/MI_INDEX?type=ALL,https://www.twse.com.tw/rwd/zh/fund/BFI82U
2024-07-19,22869.26,23582.83,23440.53,-4.38,-1.65,空,9.7,-643.6,17,🔴 Risk OFF,-2.26,BOTTOM,⚪ Bottom Watch,2,0,⚪ Bottom Watch,0,0,⚪ Inactive,-2.44,1.03,0.9,False,True,False,False,1.24,94,876,https://www.twse.com.tw/rwd/zh/afterTrading/MI_INDEX?type=ALL,https://www.twse.com.tw/rwd/zh/fund/BFI82U
2024-07-22,22256.99,23258.36,23412.69,-6.79,-2.44,空,13.7,-77.5,7,🔴 Risk OFF,-2.68,BOTTOM,🟣 Oversold Watch,3,0,🟣 Oversold Watch,0,0,⚪ Inactive,-4.94,0.99,18.3,False,True,False,False,1.8,131,825,https://www.twse.com.tw/rwd/zh/afterTrading/MI_INDEX?type=ALL,https://www.twse.com.tw/rwd/zh/fund/BFI82U
2024-07-23,22871.84,23033.28,23412.48,-4.69,-0.02,空,79.4,128.8,47,🟡 Neutral,2.76,BOTTOM,⚪ Bottom Watch,1,0,⚪ Bottom Watch,0,0,⚪ Inactive,-2.31,0.75,100.0,True,False,False,False,2.41,738,191,https://www.twse.com.tw/rwd/zh/afterTrading/MI_INDEX?type=ALL,https://www.twse.com.tw/rwd/zh/fund/BFI82U
2024-07-26,22119.21,22703.15,23369.11,-6.94,-3.77,空,21.5,-844.2,2,🔴 Risk OFF,-3.29,BOTTOM,🟣 Oversold Watch,4,1,🟣 Oversold Watch,0,0,⚪ Inactive,-5.35,0.79,72.4,False,True,True,False,3.16,204,745,https://www.twse.com.tw/rwd/zh/afterTrading/MI_INDEX?type=ALL,https://www.twse.com.tw/rwd/zh/fund/BFI82U
2024-07-29,22164.49,22456.36,23332.03,-5.27,-3.24,空,29.7,-6.8,18,🔴 Risk OFF,0.2,BOTTOM,🟣 Oversold Watch,3,0,🟣 Oversold Watch,0,0,⚪ Inactive,-5.0,0.75,10.6,False,False,True,False,2.69,279,660,https://www.twse.com.tw/rwd/zh/afterTrading/MI_INDEX?type=ALL,https://www.twse.com.tw/rwd/zh/fund/BFI82U
2024-07-30,22223.57,22327.22,23291.6,-2.82,-3.51,空,71.7,-236.1,32,🔴 Risk OFF,0.27,BOTTOM,🟣 Oversold Watch,1,3,🟣 Oversold Watch,0,0,⚪ Inactive,-4.59,0.71,88.1,False,False,True,False,2.02,670,264,https://www.twse.com.tw/rwd/zh/afterTrading/MI_INDEX?type=ALL,https://www.twse.com.tw/rwd/zh/fund/BFI82U
2024-07-31,22199.35,22315.69,23248.64,-0.26,-3.73,空,48.6,-164.6,11,🔴 Risk OFF,-0.11,BOTTOM,🟣 Oversold Watch,0,0,🟣 Oversold Watch,0,0,⚪ Inactive,-4.51,0.71,56.9,False,False,True,False,1.39,440,466,https://www.twse.com.tw/rwd/zh/afterTrading/MI_INDEX?type=ALL,https://www.twse.com.tw/rwd/zh/fund/BFI82U
2024-08-01,22642.1,22269.74,23236.78,-1.0,-1.04,空,90.9,182.3,51,🟡 Neutral,1.99,BOTTOM,🟢 Strong Bottom Reversal,0,6,🟢 Strong Bottom Reversal,0,0,⚪ Inactive,-2.56,0.81,94.6,True,False,True,False,1.09,874,88,https://www.twse.com.tw/rwd/zh/afterTrading/MI_INDEX?type=ALL,https://www.twse.com.tw/rwd/zh/fund/BFI82U
2024-08-02,21638.09,22173.52,23160.06,-2.18,-6.62,空,4.1,-944.3,0,🔴 Risk OFF,-4.43,BOTTOM,🟣 Extreme Oversold,5,0,🟣 Extreme Oversold,0,0,⚪ Inactive,-6.57,0.9,0.4,False,True,True,False,1.15,41,957,https://www.twse.com.tw/rwd/zh/afterTrading/MI_INDEX?type=ALL,https://www.twse.com.tw/rwd/zh/fund/BFI82U
2024-08-05,19830.88,21706.8,22975.48,-10.53,-15.69,空,0.9,-687.7,0,🔴 Risk OFF,-8.35,BOTTOM,🟣 Extreme Oversold,9,0,🟣 Extreme Oversold,0,0,⚪ Inactive,-13.69,1.28,4.0,False,True,True,False,2.51,9,997,https://www.twse.com.tw/rwd/zh/afterTrading/MI_INDEX?type=ALL,https://www.twse.com.tw/rwd/zh/fund/BFI82U
2024-08-06,20501.02,21362.29,22822.7,-7.75,-12.97,空,40.5,247.7,25,🔴 Risk OFF,3.38,BOTTOM,🟠 Bottom Reversal Attempt,4,4,🟠 Bottom Reversal Attempt,0,0,⚪ Inactive,-10.17,1.19,77.0,False,False,True,True,3.06,394,578,https://www.twse.com.tw/rwd/zh/afterTrading/MI_INDEX?type=ALL,https://www.twse.com.tw/rwd/zh/fund/BFI82U
2024-08-07,21295.28,21181.47,22693.55,-4.07,-10.82,空,97.0,-78.0,30,🔴 Risk OFF,3.87,BOTTOM,🟢 Strong Bottom Reversal,3,7,🟢 Strong Bottom Reversal,0,0,⚪ Inactive,-6.16,0.78,98.4,True,False,True,True,3.69,965,30,https://www.twse.com.tw/rwd/zh/afterTrading/MI_INDEX?type=ALL,https://www.twse.com.tw/rwd/zh/fund/BFI82U
2024-08-08,20870.1,20827.07,22542.06,-7.83,-12.68,空,21.0,-452.1,0,🔴 Risk OFF,-2.0,BOTTOM,🟣 Extreme Oversold,6,0,🟣 Extreme Oversold,0,0,⚪ Inactive,-7.42,0.75,41.8,False,False,True,True,3.51,201,756,https://www.twse.com.tw/rwd/zh/afterTrading/MI_INDEX?type=ALL,https://www.twse.com.tw/rwd/zh/fund/BFI82U
2024-08-09,21469.0,20793.26,22415.15,-0.78,-10.57,空,87.1,254.6,49,🟡 Neutral,2.87,BOTTOM,🟢 Strong Bottom Reversal,1,7,🟢 Strong Bottom Reversal,0,0,⚪ Inactive,-4.22,0.91,64.0,True,False,True,True,2.9,846,125,https://www.twse.com.tw/rwd/zh/afterTrading/MI_INDEX?type=ALL,https://www.twse.com.tw/rwd/zh/fund/BFI82U
2024-08-12,21773.26,21181.73,22284.31,9.79,-10.73,空,77.4,187.7,60,🟢 Risk ON,1.42,TOP,🔴 Extreme Overbought,0,0,⚪ Inactive,5,0,🔴 Extreme Overbought,-2.29,0.79,58.3,True,False,True,True,1.54,732,214,https://www.twse.com.tw/rwd/zh/afterTrading/MI_INDEX?type=ALL,https://www.twse.com.tw/rwd/zh/fund/BFI82U
2024-08-13,21796.57,21440.84,22178.3,6.32,-8.87,空,52.1,-45.5,43,🔴 Risk OFF,0.11,TOP,🟡 Overbought Watch,0,0,⚪ Inactive,0,1,🟡 Overbought Watch,-1.72,0.72,58.3,False,False,True,True,1.07,476,437,https://www.twse.com.tw/rwd/zh/afterTrading/MI_INDEX?type=ALL,https://www.twse.com.tw/rwd/zh/fund/BFI82U
2024-08-14,22027.25,21587.24,22085.69,3.44,-7.76,空,65.4,248.8,60,🟢 Risk ON,1.06,TOP,🟡 Overbought Watch,0,0,⚪ Inactive,0,0,🟡 Overbought Watch,-0.26,0.86,39.9,True,False,True,True,0.73,608,322,https://www.twse.com.tw/rwd/zh/afterTrading/MI_INDEX?type=ALL,https://www.twse.com.tw/rwd/zh/fund/BFI82U
2024-08-15,21895.17,21792.25,21980.59,4.91,-8.76,空,47.7,-6.9,26,🔴 Risk OFF,-0.6,TOP,🟠 Top Reversal Attempt,0,0,⚪ Inactive,0,4,🟠 Top Reversal Attempt,-0.39,0.69,0.0,False,True,False,True,0.57,434,475,https://www.twse.com.tw/rwd/zh/afterTrading/MI_INDEX?type=ALL,https://www.twse.com.tw/rwd/zh/fund/BFI82U
2024-08-16,22349.33,21968.32,21909.56,4.1,-5.98,多,78.8,453.4,85,🟢 Strong Risk ON,2.07,TOP,🟡 Overbought Watch,0,0,⚪ Inactive,2,0,🟡 Overbought Watch,2.01,0.86,90.2,True,False,False,True,0.47,723,194,https://www.twse.com.tw/rwd/zh/afterTrading/MI_INDEX?type=ALL,https://www.twse.com.tw/rwd/zh/fund/BFI82U
2024-08-19,22409.63,22095.59,21860.12,2.92,-4.23,多,54.3,-32.8,70,🟢 Risk ON,0.27,NORMAL,⚪ Normal,0,0,⚪ Inactive,0,0,⚪ Inactive,2.51,0.72,57.3,True,False,False,False,0.37,492,414,https://www.twse.com.tw/rwd/zh/afterTrading/MI_INDEX?type=ALL,https://www.twse.com.tw/rwd/zh/fund/BFI82U
2024-08-20,22429.1,22222.1,21838.11,2.9,-1.92,多,51.4,47.6,79,🟢 Strong Risk ON,0.09,NORMAL,⚪ Normal,0,0,⚪ Inactive,0,0,⚪ Inactive,2.71,0.92,33.9,False,False,False,False,0.38,464,439,https://www.twse.com.tw/rwd/zh/afterTrading/MI_INDEX?type=ALL,https://www.twse.com.tw/rwd/zh/fund/BFI82U
2024-08-21,22237.89,22264.22,21837.16,0.96,-0.09,多,50.4,-50.2,49,🟡 Neutral,-0.85,NORMAL,⚪ Normal,0,0,⚪ Inactive,0,0,⚪ Inactive,1.84,1.0,37.3,False,True,False,False,0.35,461,453,https://www.twse.com.tw/rwd/zh/afterTrading/MI_INDEX?type=ALL,https://www.twse.com.tw/rwd/zh/fund/BFI82U
2024-08-22,22148.83,22314.96,21801.01,1.16,-3.16,多,43.4,-68.9,37,🔴 Risk OFF,-0.4,NORMAL,⚪ Normal,0,0,⚪ Inactive,0,0,⚪ Inactive,1.6,0.74,23.9,False,True,False,False,0.33,391,510,https://www.twse.com.tw/rwd/zh/afterTrading/MI_INDEX?type=ALL,https://www.twse.com.tw/rwd/zh/fund/BFI82U
2024-08-23,22158.05,22276.7,21802.95,-0.86,0.18,多,56.5,-19.5,71,🟢 Risk ON,0.04,NORMAL,⚪ Normal,0,0,⚪ Inactive,0,0,⚪ Inactive,1.63,1.06,99.5,False,False,False,False,0.15,503,388,https://www.twse.com.tw/rwd/zh/afterTrading/MI_INDEX?type=ALL,https://www.twse.com.tw/rwd/zh/fund/BFI82U
2024-08-26,22240.12,22242.8,21806.73,-0.76,0.34,多,57.6,-51.5,65,🟢 Risk ON,0.37,NORMAL,⚪ Normal,0,0,⚪ Inactive,0,0,⚪ Inactive,1.99,1.2,26.5,True,False,False,False,0.16,539,397,https://www.twse.com.tw/rwd/zh/afterTrading/MI_INDEX?type=ALL,https://www.twse.com.tw/rwd/zh/fund/BFI82U
2024-08-27,22185.0,22193.98,21804.8,-1.09,-0.17,多,54.9,-128.0,43,🔴 Risk OFF,-0.25,NORMAL,⚪ Normal,0,0,⚪ Inactive,0,0,⚪ Inactive,1.74,0.89,86.2,False,False,False,False,0.18,489,401,https://www.twse.com.tw/rwd/zh/afterTrading/MI_INDEX?type=ALL,https://www.twse.com.tw/rwd/zh/fund/BFI82U
2024-08-28,22370.66,22220.53,21813.37,0.6,0.77,多,40.8,-115.5,51,🟡 Neutral,0.84,NORMAL,⚪ Normal,0,0,⚪ Inactive,0,0,⚪ Inactive,2.55,0.8,100.0,True,False,False,False,0.19,360,522,https://www.twse.com.tw/rwd/zh/afterTrading/MI_INDEX?type=ALL,https://www.twse.com.tw/rwd/zh/fund/BFI82U
2024-08-29,22201.85,22231.14,21791.35,0.24,-1.94,多,46.1,-241.4,42,🔴 Risk OFF,-0.75,NORMAL,⚪ Normal,0,0,⚪ Inactive,0,0,⚪ Inactive,1.88,0.84,72.7,False,False,False,False,0.24,418,489,https://www.twse.com.tw/rwd/zh/afterTrading/MI_INDEX?type=ALL,https://www.twse.com.tw/rwd/zh/fund/BFI82U
2024-08-30,22268.09,22253.14,21822.85,0.5,2.91,多,67.2,-47.4,82,🟢 Strong Risk ON,0.3,NORMAL,⚪ Normal,0,0,⚪ Inactive,0,0,⚪ Inactive,2.04,1.05,33.9,False,False,False,False,0.29,622,303,https://www.twse.com.tw/rwd/zh/afterTrading/MI_INDEX?type=ALL,https://www.twse.com.tw/rwd/zh/fund/BFI82U
2024-09-02,22235.1,22252.14,21943.06,-0.02,12.12,多,30.7,-128.0,44,🔴 Risk OFF,-0.15,NORMAL,⚪ Normal,0,0,⚪ Inactive,0,0,⚪ Inactive,1.33,0.73,21.8,False,False,False,False,0.26,289,653,https://www.twse.com.tw/rwd/zh/afterTrading/MI_INDEX?type=ALL,https://www.twse.com.tw/rwd/zh/fund/BFI82U
2024-09-03,22092.21,22233.58,22022.62,-0.42,7.76,多,23.0,-59.7,44,🔴 Risk OFF,-0.64,NORMAL,⚪ Normal,0,0,⚪ Inactive,0,0,⚪ Inactive,0.32,0.76,0.0,False,True,False,False,0.31,213,714,https://www.twse.com.tw/rwd/zh/afterTrading/MI_INDEX?type=ALL,https://www.twse.com.tw/rwd/zh/fund/BFI82U
2024-09-04,21092.75,21978.0,22012.5,-5.71,-0.95,空,2.2,-1007.5,7,🔴 Risk OFF,-4.52,BOTTOM,🟣 Oversold Watch,3,0,🟣 Oversold Watch,0,0,⚪ Inactive,-4.18,1.23,26.1,False,True,True,False,0.72,22,977,https://www.twse.com.tw/rwd/zh/afterTrading/MI_INDEX?type=ALL,https://www.twse.com.tw/rwd/zh/fund/BFI82U
2024-09-05,21187.71,21775.17,22028.38,-4.57,1.52,空,54.5,-257.1,33,🔴 Risk OFF,0.45,BOTTOM,🟣 Oversold Watch,0,0,🟣 Oversold Watch,0,0,⚪ Inactive,-3.82,0.9,10.9,False,False,True,False,0.71,508,424,https://www.twse.com.tw/rwd/zh/afterTrading/MI_INDEX?type=ALL,https://www.twse.com.tw/rwd/zh/fund/BFI82U
2024-09-06,21435.19,21608.59,22026.69,-3.74,-0.16,空,61.2,12.0,52,🟡 Neutral,1.17,BOTTOM,🟠 Bottom Reversal Attempt,0,4,🟠 Bottom Reversal Attempt,0,0,⚪ Inactive,-2.69,0.7,92.1,False,False,True,False,0.93,552,350,https://www.twse.com.tw/rwd/zh/afterTrading/MI_INDEX?type=ALL,https://www.twse.com.tw/rwd/zh/fund/BFI82U
2024-09-09,21144.44,21390.46,21995.25,-4.91,-2.89,空,34.5,-501.2,7,🔴 Risk OFF,-1.36,BOTTOM,🟣 Oversold Watch,1,1,🟣 Oversold Watch,0,0,⚪ Inactive,-3.87,0.81,91.9,False,False,True,False,1.5,326,618,https://www.twse.com.tw/rwd/zh/afterTrading/MI_INDEX?type=ALL,https://www.twse.com.tw/rwd/zh/fund/BFI82U
2024-09-10,21064.08,21184.83,21958.62,-4.65,-3.36,空,22.8,-270.1,2,🔴 Risk OFF,-0.38,BOTTOM,🟣 Oversold Watch,3,0,🟣 Oversold Watch,0,0,⚪ Inactive,-4.07,0.87,25.1,False,False,True,False,1.66,217,734,https://www.twse.com.tw/rwd/zh/afterTrading/MI_INDEX?type=ALL,https://www.twse.com.tw/rwd/zh/fund/BFI82U
2024-09-11,21031.0,21172.48,21908.81,-0.29,-4.52,空,45.9,-85.1,11,🔴 Risk OFF,-0.16,BOTTOM,⚪ Bottom Watch,0,0,⚪ Bottom Watch,0,0,⚪ Inactive,-4.01,0.8,0.0,False,False,False,False,0.72,425,500,https://www.twse.com.tw/rwd/zh/afterTrading/MI_INDEX?type=ALL,https://www.twse.com.tw/rwd/zh/fund/BFI82U
2024-09-12,21653.25,21265.59,21896.71,2.2,-1.1,空,87.2,363.7,62,🟢 Risk ON,2.96,NORMAL,⚪ Normal,0,0,⚪ Inactive,0,0,⚪ Inactive,-1.11,0.87,83.9,True,False,False,False,1.33,827,121,https://www.twse.com.tw/rwd/zh/afterTrading/MI_INDEX?type=ALL,https://www.twse.com.tw/rwd/zh/fund/BFI82U
2024-09-13,21759.65,21330.48,21867.23,1.51,-2.64,空,73.8,29.4,57,🟡 Neutral,0.49,NORMAL,⚪ Normal,0,0,⚪ Inactive,0,0,⚪ Inactive,-0.49,0.72,76.0,True,False,False,False,1.31,681,242,https://www.twse.com.tw/rwd/zh/afterTrading/MI_INDEX?type=ALL,https://www.twse.com.tw/rwd/zh/fund/BFI82U
2024-09-16,21850.08,21471.61,21839.25,3.34,-2.5,多,76.0,-20.5,68,🟢 Risk ON,0.42,TOP,⚪ Top Watch,0,0,⚪ Inactive,2,0,⚪ Top Watch,0.05,0.82,96.1,True,False,False,False,1.08,701,221,https://www.twse.com.tw/rwd/zh/afterTrading/MI_INDEX?type=ALL,https://www.twse.com.tw/rwd/zh/fund/BFI82U
2024-09-18,21678.84,21594.56,21801.74,2.92,-3.35,空,34.4,-159.2,17,🔴 Risk OFF,-0.78,NORMAL,⚪ Normal,0,0,⚪ Inactive,0,0,⚪ Inactive,-0.56,1.16,34.3,False,True,False,False,1.16,320,611,https://www.twse.com.tw/rwd/zh/afterTrading/MI_INDEX?type=ALL,https://www.twse.com.tw/rwd/zh/fund/BFI82U
2024-09-19,22042.69,21796.9,21791.98,4.81,-0.88,多,85.1,271.1,87,🟢 Strong Risk ON,1.68,TOP,🟡 Overbought Watch,0,0,⚪ Inactive,3,0,🟡 Overbought Watch,1.15,0.99,100.0,True,False,False,False,1.62,799,140,https://www.twse.com.tw/rwd/zh/afterTrading/MI_INDEX?type=ALL,https://www.twse.com.tw/rwd/zh/fund/BFI82U
2024-09-20,22159.42,21898.14,21792.51,2.34,0.05,多,53.2,237.9,83,🟢 Strong Risk ON,0.53,NORMAL,⚪ Normal,0,0,⚪ Inactive,0,0,⚪ Inactive,1.68,1.5,10.5,True,False,False,False,0.87,496,436,https://www.twse.com.tw/rwd/zh/afterTrading/MI_INDEX?type=ALL,https://www.twse.com.tw/rwd/zh/fund/BFI82U
2024-09-23,22285.53,22003.31,21798.88,2.42,0.58,多,51.7,115.9,83,🟢 Strong Risk ON,0.57,NORMAL,⚪ Normal,0,0,⚪ Inactive,0,0,⚪ Inactive,2.23,1.02,83.9,False,False,False,False,0.97,476,444,https://www.twse.com.tw/rwd/zh/afterTrading/MI_INDEX?type=ALL,https://www.twse.com.tw/rwd/zh/fund/BFI82U
2024-09-24,22431.78,22119.65,21808.47,2.66,0.86,多,38.5,105.5,71,🟢 Risk ON,0.66,NORMAL,⚪ Normal,0,0,⚪ Inactive,0,0,⚪ Inactive,2.86,1.02,100.0,True,False,False,False,1.02,355,567,https://www.twse.com.tw/rwd/zh/afterTrading/MI_INDEX?type=ALL,https://www.twse.com.tw/rwd/zh/fund/BFI82U
2024-09-25,22761.6,22336.2,21837.3,4.99,2.6,多,80.0,347.4,96,🟢 Strong Risk ON,1.47,TOP,⚪ Top Watch,0,0,⚪ Inactive,2,0,⚪ Top Watch,4.23,1.18,89.0,True,False,False,False,1.14,740,185,https://www.twse.com.tw/rwd/zh/afterTrading/MI_INDEX?type=ALL,https://www.twse.com.tw/rwd/zh/fund/BFI82U
2024-09-26,22858.81,22499.43,21861.7,3.7,2.18,多,33.6,212.1,76,🟢 Strong Risk ON,0.43,TOP,⚪ Top Watch,0,0,⚪ Inactive,0,0,⚪ Top Watch,4.56,1.15,46.5,True,False,False,False,0.81,302,596,https://www.twse.com.tw/rwd/zh/afterTrading/MI_INDEX?type=ALL,https://www.twse.com.tw/rwd/zh/fund/BFI82U
2024-09-27,22822.79,22632.1,21892.75,2.99,2.8,多,71.4,246.5,86,🟢 Strong Risk ON,-0.16,TOP,⚪ Top Watch,0,0,⚪ Inactive,2,0,⚪ Top Watch,4.25,1.19,5.9,False,False,False,False,0.72,668,268,https://www.twse.com.tw/rwd/zh/afterTrading/MI_INDEX?type=ALL,https://www.twse.com.tw/rwd/zh/fund/BFI82U
2024-09-30,22224.54,22619.9,21890.57,-0.27,-0.2,多,31.8,-403.4,36,🔴 Risk OFF,-2.62,NORMAL,⚪ Normal,0,0,⚪ Inactive,0,0,⚪ Inactive,1.53,1.03,0.0,False,True,False,False,1.14,296,636,https://www.twse.com.tw/rwd/zh/afterTrading/MI_INDEX?type=ALL,https://www.twse.com.tw/rwd/zh/fund/BFI82U
2024-10-01,22390.39,22611.63,21898.34,-0.18,0.7,多,44.0,-93.1,50,🟡 Neutral,0.75,NORMAL,⚪ Normal,0,0,⚪ Inactive,0,0,⚪ Inactive,2.25,0.81,58.3,False,False,False,False,1.14,411,524,https://www.twse.com.tw/rwd/zh/afterTrading/MI_INDEX?type=ALL,https://www.twse.com.tw/rwd/zh/fund/BFI82U
2024-10-04,22302.71,22519.85,21908.86,-2.02,0.95,多,23.2,-223.2,36,🔴 Risk OFF,-0.39,NORMAL,⚪ Normal,0,0,⚪ Inactive,0,0,⚪ Inactive,1.8,1.06,36.5,False,True,False,False,0.86,223,740,https://www.twse.com.tw/rwd/zh/afterTrading/MI_INDEX?type=ALL,https://www.twse.com.tw/rwd/zh/fund/BFI82U
2024-10-07,22702.56,22488.6,21989.35,-0.68,7.63,多,73.6,17.5,89,🟢 Strong Risk ON,1.79,TOP,⚪ Top Watch,0,0,⚪ Inactive,2,0,⚪ Top Watch,3.24,1.01,93.1,True,False,False,False,1.15,698,250,https://www.twse.com.tw/rwd/zh/afterTrading/MI_INDEX?type=ALL,https://www.twse.com.tw/rwd/zh/fund/BFI82U
2024-10-08,22611.39,22446.32,22060.54,-0.93,6.72,多,18.7,-251.3,44,🔴 Risk OFF,-0.4,NORMAL,⚪ Normal,0,0,⚪ Inactive,0,0,⚪ Inactive,2.5,1.04,70.7,False,False,False,False,1.24,182,791,https://www.twse.com.tw/rwd/zh/afterTrading/MI_INDEX?type=ALL,https://www.twse.com.tw/rwd/zh/fund/BFI82U
2024-10-09,22659.08,22533.23,22121.73,1.96,5.71,多,22.7,133.2,75,🟢 Strong Risk ON,0.21,NORMAL,⚪ Normal,0,0,⚪ Inactive,0,0,⚪ Inactive,2.43,1.07,8.8,False,False,False,False,0.66,216,736,https://www.twse.com.tw/rwd/zh/afterTrading/MI_INDEX?type=ALL,https://www.twse.com.tw/rwd/zh/fund/BFI82U
2024-10-11,22901.64,22635.48,22209.59,2.28,8.31,多,35.3,219.9,80,🟢 Strong Risk ON,1.07,TOP,⚪ Top Watch,0,0,⚪ Inactive,0,0,⚪ Top Watch,3.12,0.87,61.6,True,False,False,False,0.7,325,596,https://www.twse.com.tw/rwd/zh/afterTrading/MI_INDEX?type=ALL,https://www.twse.com.tw/rwd/zh/fund/BFI82U
2024-10-14,22975.29,22769.99,22305.15,3.02,9.07,多,62.4,-16.1,91,🟢 Strong Risk ON,0.32,TOP,⚪ Top Watch,0,0,⚪ Inactive,0,0,⚪ Top Watch,3.0,0.78,81.4,False,False,False,False,0.69,575,346,https://www.twse.com.tw/rwd/zh/afterTrading/MI_INDEX?type=ALL,https://www.twse.com.tw/rwd/zh/fund/BFI82U
2024-10-15,23292.04,22887.89,22418.2,2.6,10.75,多,44.8,334.3,80,🟢 Strong Risk ON,1.38,TOP,⚪ Top Watch,0,0,⚪ Inactive,0,0,⚪ Top Watch,3.9,1.03,77.2,True,False,False,False,0.7,409,503,https://www.twse.com.tw/rwd/zh/afterTrading/MI_INDEX?type=ALL,https://www.twse.com.tw/rwd/zh/fund/BFI82U
2024-10-16,23010.98,22967.81,22486.09,1.77,6.27,多,47.3,-340.8,55,🟡 Neutral,-1.21,NORMAL,⚪ Normal,0,0,⚪ Inactive,0,0,⚪ Inactive,2.33,1.06,36.8,False,True,False,False,0.87,448,500,https://www.twse.com.tw/rwd/zh/afterTrading/MI_INDEX?type=ALL,https://www.twse.com.tw/rwd/zh/fund/BFI82U
2024-10-17,23053.84,23046.76,22550.8,1.74,5.95,多,69.3,-39.2,86,🟢 Strong Risk ON,0.19,NORMAL,⚪ Normal,0,0,⚪ Inactive,0,0,⚪ Inactive,2.23,0.92,42.8,False,False,False,False,0.92,641,284,https://www.twse.com.tw/rwd/zh/afterTrading/MI_INDEX?type=ALL,https://www.twse.com.tw/rwd/zh/fund/BFI82U
2024-10-18,23487.27,23163.88,22632.66,2.56,7.49,多,33.7,566.2,80,🟢 Strong Risk ON,1.88,TOP,⚪ Top Watch,0,0,⚪ Inactive,0,0,⚪ Top Watch,3.78,1.06,32.5,True,False,False,False,1.11,312,614,https://www.twse.com.tw/rwd/zh/afterTrading/MI_INDEX?type=ALL,https://www.twse.com.tw/rwd/zh/fund/BFI82U
2024-10-21,23542.53,23277.33,22725.84,2.47,8.6,多,66.2,211.2,100,🟢 Strong Risk ON,0.24,TOP,⚪ Top Watch,0,0,⚪ Inactive,0,0,⚪ Top Watch,3.59,0.83,31.5,False,False,False,False,1.1,606,310,https://www.twse.com.tw/rwd/zh/afterTrading/MI_INDEX?type=ALL,https://www.twse.com.tw/rwd/zh/fund/BFI82U
2024-10-22,23535.43,23326.01,22800.48,1.04,6.77,多,44.4,78.6,65,🟢 Risk ON,-0.03,TOP,⚪ Top Watch,0,0,⚪ Inactive,0,0,⚪ Top Watch,3.22,0.85,100.0,False,False,False,False,0.74,416,520,https://www.twse.com.tw/rwd/zh/afterTrading/MI_INDEX?type=ALL,https://www.twse.com.tw/rwd/zh/fund/BFI82U
2024-10-23,23334.76,23390.77,22859.25,1.41,5.3,多,43.0,-78.9,50,🟡 Neutral,-0.85,NORMAL,⚪ Normal,0,0,⚪ Inactive,0,0,⚪ Inactive,2.08,0.86,9.5,False,False,False,False,0.74,397,526,https://www.twse.com.tw/rwd/zh/afterTrading/MI_INDEX?type=ALL,https://www.twse.com.tw/rwd/zh/fund/BFI82U
2024-10-24,23192.52,23418.5,22904.6,0.6,4.07,多,22.0,-66.9,46,🟡 Neutral,-0.61,NORMAL,⚪ Normal,0,0,⚪ Inactive,0,0,⚪ Inactive,1.26,0.96,14.1,False,True,False,False,0.85,207,733,https://www.twse.com.tw/rwd/zh/afterTrading/MI_INDEX?type=ALL,https://www.twse.com.tw/rwd/zh/fund/BFI82U
2024-10-25,23348.45,23390.74,22950.43,-0.59,4.09,多,53.9,179.2,77,🟢 Strong Risk ON,0.67,NORMAL,⚪ Normal,0,0,⚪ Inactive,0,0,⚪ Inactive,1.73,0.8,75.8,False,False,False,False,0.52,487,416,https://www.twse.com.tw/rwd/zh/afterTrading/MI_INDEX?type=ALL,https://www.twse.com.tw/rwd/zh/fund/BFI82U
2024-10-28,23198.07,23321.85,22972.25,-1.46,1.92,多,35.1,80.1,55,🟡 Neutral,-0.64,NORMAL,⚪ Normal,0,0,⚪ Inactive,0,0,⚪ Inactive,0.98,0.85,8.8,False,True,False,False,0.63,324,599,https://www.twse.com.tw/rwd/zh/afterTrading/MI_INDEX?type=ALL,https://www.twse.com.tw/rwd/zh/fund/BFI82U
2024-10-29,22926.59,23200.08,22975.64,-2.59,0.3,空,13.8,-291.7,21,🔴 Risk OFF,-1.17,NORMAL,⚪ Normal,0,0,⚪ Inactive,0,0,⚪ Inactive,-0.21,0.88,62.4,False,True,False,False,0.97,133,831,https://www.twse.com.tw/rwd/zh/afterTrading/MI_INDEX?type=ALL,https://www.twse.com.tw/rwd/zh/fund/BFI82U
2024-10-30,22820.43,23097.21,22975.53,-2.2,-0.01,空,37.2,-28.3,23,🔴 Risk OFF,-0.46,NORMAL,⚪ Normal,0,0,⚪ Inactive,0,0,⚪ Inactive,-0.68,0.91,6.0,False,False,False,False,0.86,348,587,https://www.twse.com.tw/rwd/zh/afterTrading/MI_INDEX?type=ALL,https://www.twse.com.tw/rwd/zh/fund/BFI82U
2024-11-01,22780.08,23014.72,23003.3,-1.78,2.5,空,71.9,-213.4,45,🟡 Neutral,-0.18,NORMAL,⚪ Normal,0,0,⚪ Inactive,0,0,⚪ Inactive,-0.97,1.1,91.8,False,True,False,False,0.75,672,262,https://www.twse.com.tw/rwd/zh/afterTrading/MI_INDEX?type=ALL,https://www.twse.com.tw/rwd/zh/fund/BFI82U
2024-11-04,22965.39,22938.11,23032.05,-1.64,2.57,空,27.3,-17.1,31,🔴 Risk OFF,0.81,NORMAL,⚪ Normal,0,0,⚪ Inactive,0,0,⚪ Inactive,-0.29,0.84,75.6,True,False,False,False,0.78,260,692,https://www.twse.com.tw/rwd/zh/afterTrading/MI_INDEX?type=ALL,https://www.twse.com.tw/rwd/zh/fund/BFI82U
2024-11-05,23106.79,22919.86,23072.26,-0.39,3.61,多,55.4,93.1,75,🟢 Strong Risk ON,0.62,NORMAL,⚪ Normal,0,0,⚪ Inactive,0,0,⚪ Inactive,0.15,0.89,78.1,True,False,False,False,0.82,499,402,https://www.twse.com.tw/rwd/zh/afterTrading/MI_INDEX?type=ALL,https://www.twse.com.tw/rwd/zh/fund/BFI82U
2024-11-06,23217.38,22978.01,23098.0,1.27,2.27,多,50.5,-20.1,64,🟢 Risk ON,0.48,NORMAL,⚪ Normal,0,0,⚪ Inactive,0,0,⚪ Inactive,0.52,0.99,45.1,True,False,False,False,0.61,463,453,https://www.twse.com.tw/rwd/zh/afterTrading/MI_INDEX?type=ALL,https://www.twse.com.tw/rwd/zh/fund/BFI82U
2024-11-07,23408.82,23095.69,23137.87,2.58,3.53,多,78.0,54.4,86,🟢 Strong Risk ON,0.82,NORMAL,⚪ Normal,0,0,⚪ Inactive,0,0,⚪ Inactive,1.17,1.18,71.5,False,False,False,False,0.69,728,205,https://www.twse.com.tw/rwd/zh/afterTrading/MI_INDEX?type=ALL,https://www.twse.com.tw/rwd/zh/fund/BFI82U
2024-11-08,23553.89,23250.45,23182.61,3.4,3.95,多,26.3,-0.1,67,🟢 Risk ON,0.62,TOP,⚪ Top Watch,0,0,⚪ Inactive,0,0,⚪ Top Watch,1.6,1.14,23.5,True,False,False,False,0.93,251,704,https://www.twse.com.tw/rwd/zh/afterTrading/MI_INDEX?type=ALL,https://www.twse.com.tw/rwd/zh/fund/BFI82U
2024-11-11,23529.64,23363.3,23214.01,2.46,2.74,多,48.0,-1.7,62,🟢 Risk ON,-0.1,NORMAL,⚪ Normal,0,0,⚪ Inactive,0,0,⚪ Inactive,1.36,0.99,86.7,False,False,False,False,0.73,453,490,https://www.twse.com.tw/rwd/zh/afterTrading/MI_INDEX?type=ALL,https://www.twse.com.tw/rwd/zh/fund/BFI82U
2024-11-12,22981.77,23338.3,23214.33,-0.54,0.03,空,13.6,-476.7,25,🔴 Risk OFF,-2.33,NORMAL,⚪ Normal,0,0,⚪ Inactive,0,0,⚪ Inactive,-1.0,1.25,0.0,False,True,False,False,1.18,133,844,https://www.twse.com.tw/rwd/zh/afterTrading/MI_INDEX?type=ALL,https://www.twse.com.tw/rwd/zh/fund/BFI82U
2024-11-13,22860.23,23266.87,23192.74,-1.54,-1.85,空,36.6,-425.2,21,🔴 Risk OFF,-0.53,NORMAL,⚪ Normal,0,0,⚪ Inactive,0,0,⚪ Inactive,-1.43,1.07,0.0,False,True,False,False,1.31,340,590,https://www.twse.com.tw/rwd/zh/afterTrading/MI_INDEX?type=ALL,https://www.twse.com.tw/rwd/zh/fund/BFI82U
2024-11-14,22715.38,23128.18,23177.96,-2.96,-1.28,空,15.9,-254.3,7,🔴 Risk OFF,-0.63,NORMAL,⚪ Normal,0,0,⚪ Inactive,0,0,⚪ Inactive,-2.0,1.11,34.9,False,True,False,False,1.22,156,824,https://www.twse.com.tw/rwd/zh/afterTrading/MI_INDEX?type=ALL,https://www.twse.com.tw/rwd/zh/fund/BFI82U
2024-11-15,22742.77,22965.96,23162.41,-3.44,-1.35,空,71.9,51.3,47,🟡 Neutral,0.12,BOTTOM,⚪ Bottom Watch,0,0,⚪ Bottom Watch,0,0,⚪ Inactive,-1.81,1.18,20.8,False,False,False,False,1.04,672,262,https://www.twse.com.tw/rwd/zh/afterTrading/MI_INDEX?type=ALL,https://www.twse.com.tw/rwd/zh/fund/BFI82U
2024-11-18,22546.54,22769.34,23115.37,-4.18,-4.01,空,30.2,-107.0,2,🔴 Risk OFF,-0.86,BOTTOM,⚪ Bottom Watch,0,0,⚪ Bottom Watch,0,0,⚪ Inactive,-2.46,1.05,15.4,False,True,False,False,1.35,286,661,https://www.twse.com.tw/rwd/zh/afterTrading/MI_INDEX?type=ALL,https://www.twse.com.tw/rwd/zh/fund/BFI82U
2024-11-19,22848.8,22742.74,23080.69,-0.58,-2.95,空,82.1,106.5,51,🟡 Neutral,1.34,NORMAL,⚪ Normal,0,0,⚪ Inactive,0,0,⚪ Inactive,-1.0,1.13,82.3,True,False,False,False,0.91,781,170,https://www.twse.com.tw/rwd/zh/afterTrading/MI_INDEX?type=ALL,https://www.twse.com.tw/rwd/zh/fund/BFI82U
2024-11-20,22688.36,22708.37,23038.33,-0.75,-3.6,空,29.6,-321.5,6,🔴 Risk OFF,-0.7,NORMAL,⚪ Normal,0,0,⚪ Inactive,0,0,⚪ Inactive,-1.52,1.14,18.6,False,False,False,False,1.01,275,654,https://www.twse.com.tw/rwd/zh/afterTrading/MI_INDEX?type=ALL,https://www.twse.com.tw/rwd/zh/fund/BFI82U
2024-11-21,22555.66,22676.43,22999.38,-0.7,-3.34,空,59.5,-263.5,26,🔴 Risk OFF,-0.58,NORMAL,⚪ Normal,0,0,⚪ Inactive,0,0,⚪ Inactive,-1.93,1.02,30.0,False,True,False,False,1.04,544,370,https://www.twse.com.tw/rwd/zh/afterTrading/MI_INDEX?type=ALL,https://www.twse.com.tw/rwd/zh/fund/BFI82U
2024-11-22,22904.32,22708.74,22984.97,0.71,-1.24,空,71.9,80.4,57,🟡 Neutral,1.55,NORMAL,⚪ Normal,0,0,⚪ Inactive,0,0,⚪ Inactive,-0.35,1.05,47.7,True,False,False,False,1.46,669,262,https://www.twse.com.tw/rwd/zh/afterTrading/MI_INDEX?type=ALL,https://www.twse.com.tw/rwd/zh/fund/BFI82U
2024-11-25,22948.37,22789.1,22964.96,1.78,-1.71,空,82.7,52.2,57,🟡 Neutral,0.19,NORMAL,⚪ Normal,0,0,⚪ Inactive,0,0,⚪ Inactive,-0.07,1.51,0.0,False,False,False,False,1.37,791,165,https://www.twse.com.tw/rwd/zh/afterTrading/MI_INDEX?type=ALL,https://www.twse.com.tw/rwd/zh/fund/BFI82U
2024-11-26,22678.76,22755.09,22939.0,-0.74,-2.24,空,32.7,-292.5,6,🔴 Risk OFF,-1.17,NORMAL,⚪ Normal,0,0,⚪ Inactive,0,0,⚪ Inactive,-1.13,0.86,18.0,False,True,False,False,1.21,304,627,https://www.twse.com.tw/rwd/zh/afterTrading/MI_INDEX?type=ALL,https://www.twse.com.tw/rwd/zh/fund/BFI82U
2024-11-27,22334.78,22684.38,22909.41,-1.56,-2.58,空,9.6,-410.6,6,🔴 Risk OFF,-1.52,NORMAL,⚪ Normal,0,0,⚪ Inactive,0,0,⚪ Inactive,-2.51,1.03,0.0,False,True,False,False,1.38,94,887,https://www.twse.com.tw/rwd/zh/afterTrading/MI_INDEX?type=ALL,https://www.twse.com.tw/rwd/zh/fund/BFI82U
2024-11-28,22298.9,22633.03,22883.33,-1.14,-2.29,空,23.5,-98.9,6,🔴 Risk OFF,-0.16,NORMAL,⚪ Normal,0,0,⚪ Inactive,0,0,⚪ Inactive,-2.55,0.89,60.4,False,True,False,False,1.28,221,720,https://www.twse.com.tw/rwd/zh/afterTrading/MI_INDEX?type=ALL,https://www.twse.com.tw/rwd/zh/fund/BFI82U
2024-11-29,22262.5,22504.66,22857.45,-2.8,-2.27,空,68.0,-264.7,22,🔴 Risk OFF,-0.16,NORMAL,⚪ Normal,0,0,⚪ Inactive,0,0,⚪ Inactive,-2.6,0.8,55.3,False,False,False,False,0.84,616,290,https://www.twse.com.tw/rwd/zh/afterTrading/MI_INDEX?type=ALL,https://www.twse.com.tw/rwd/zh/fund/BFI82U
2024-12-02,22736.93,22462.37,22846.03,-0.92,-0.99,空,48.9,150.4,36,🔴 Risk OFF,2.13,NORMAL,⚪ Normal,0,0,⚪ Inactive,0,0,⚪ Inactive,-0.48,0.81,81.0,True,False,False,False,1.4,458,478,https://www.twse.com.tw/rwd/zh/afterTrading/MI_INDEX?type=ALL,https://www.twse.com.tw/rwd/zh/fund/BFI82U
2024-12-03,23027.46,22532.11,22842.06,1.54,-0.34,多,72.5,286.1,72,🟢 Risk ON,1.28,NORMAL,⚪ Normal,0,0,⚪ Inactive,0,0,⚪ Inactive,0.81,0.89,32.0,True,False,False,False,1.37,675,256,https://www.twse.com.tw/rwd/zh/afterTrading/MI_INDEX?type=ALL,https://www.twse.com.tw/rwd/zh/fund/BFI82U
2024-12-04,23255.33,22716.22,22843.96,4.12,0.16,多,61.1,258.6,81,🟢 Strong Risk ON,0.99,TOP,⚪ Top Watch,0,0,⚪ Inactive,0,0,⚪ Top Watch,1.8,0.81,100.0,True,False,False,False,1.21,561,357,https://www.twse.com.tw/rwd/zh/afterTrading/MI_INDEX?type=ALL,https://www.twse.com.tw/rwd/zh/fund/BFI82U
2024-12-05,23267.94,22910.03,22836.92,4.35,-0.6,多,34.2,46.0,67,🟢 Risk ON,0.05,TOP,⚪ Top Watch,0,0,⚪ Inactive,0,0,⚪ Top Watch,1.89,0.82,26.3,True,False,False,False,1.2,318,611,https://www.twse.com.tw/rwd/zh/afterTrading/MI_INDEX?type=ALL,https://www.twse.com.tw/rwd/zh/fund/BFI82U
2024-12-06,23193.27,23096.19,22818.89,4.18,-1.53,多,52.7,20.0,69,🟢 Risk ON,-0.32,TOP,⚪ Top Watch,0,0,⚪ Inactive,0,0,⚪ Top Watch,1.64,0.86,24.9,False,True,False,False,1.25,475,427,https://www.twse.com.tw/rwd/zh/afterTrading/MI_INDEX?type=ALL,https://www.twse.com.tw/rwd/zh/fund/BFI82U
2024-12-09,23273.25,23203.45,22806.07,2.36,-1.09,多,30.2,42.1,67,🟢 Risk ON,0.34,NORMAL,⚪ Normal,0,0,⚪ Inactive,0,0,⚪ Inactive,2.05,0.95,65.7,False,False,False,False,0.72,283,654,https://www.twse.com.tw/rwd/zh/afterTrading/MI_INDEX?type=ALL,https://www.twse.com.tw/rwd/zh/fund/BFI82U
2024-12-10,23125.08,23222.97,22813.23,0.42,0.62,多,34.7,-70.1,41,🔴 Risk OFF,-0.64,NORMAL,⚪ Normal,0,0,⚪ Inactive,0,0,⚪ Inactive,1.37,0.86,20.8,False,True,False,False,0.54,325,612,https://www.twse.com.tw/rwd/zh/afterTrading/MI_INDEX?type=ALL,https://www.twse.com.tw/rwd/zh/fund/BFI82U
2024-12-11,22903.63,23152.63,22815.4,-1.51,0.19,多,32.9,-176.4,35,🔴 Risk OFF,-0.96,NORMAL,⚪ Normal,0,0,⚪ Inactive,0,0,⚪ Inactive,0.39,0.83,10.1,False,True,False,False,0.52,306,623,https://www.twse.com.tw/rwd/zh/afterTrading/MI_INDEX?type=ALL,https://www.twse.com.tw/rwd/zh/fund/BFI82U
2024-12-12,23046.8,23108.41,22831.97,-0.95,1.46,多,37.4,-17.2,51,🟡 Neutral,0.63,NORMAL,⚪ Normal,0,0,⚪ Inactive,0,0,⚪ Inactive,0.94,0.92,10.3,False,False,False,False,0.68,339,567,https://www.twse.com.tw/rwd/zh/afterTrading/MI_INDEX?type=ALL,https://www.twse.com.tw/rwd/zh/fund/BFI82U
2024-12-13,23020.48,23073.85,22845.86,-0.74,1.22,多,15.6,-40.3,46,🟡 Neutral,-0.11,NORMAL,⚪ Normal,0,0,⚪ Inactive,0,0,⚪ Inactive,0.76,0.93,56.4,False,True,False,False,0.64,151,819,https://www.twse.com.tw/rwd/zh/afterTrading/MI_INDEX?type=ALL,https://www.twse.com.tw/rwd/zh/fund/BFI82U
2024-12-16,23039.9,23027.18,22870.53,-1.0,2.19,多,18.7,151.6,65,🟢 Risk ON,0.08,NORMAL,⚪ Normal,0,0,⚪ Inactive,0,0,⚪ Inactive,0.74,0.98,26.3,False,False,False,False,0.57,180,785,https://www.twse.com.tw/rwd/zh/afterTrading/MI_INDEX?type=ALL,https://www.twse.com.tw/rwd/zh/fund/BFI82U
2024-12-17,23018.01,23005.76,22878.99,-0.46,0.74,多,60.4,34.3,75,🟢 Strong Risk ON,-0.1,NORMAL,⚪ Normal,0,0,⚪ Inactive,0,0,⚪ Inactive,0.61,1.06,0.0,False,False,False,False,0.49,568,373,https://www.twse.com.tw/rwd/zh/afterTrading/MI_INDEX?type=ALL,https://www.twse.com.tw/rwd/zh/fund/BFI82U
2024-12-18,23168.67,23058.77,22903.0,1.16,2.12,多,61.1,104.2,91,🟢 Strong Risk ON,0.65,NORMAL,⚪ Normal,0,0,⚪ Inactive,0,0,⚪ Inactive,1.16,1.03,84.6,False,False,False,False,0.4,559,356,https://www.twse.com.tw/rwd/zh/afterTrading/MI_INDEX?type=ALL,https://www.twse.com.tw/rwd/zh/fund/BFI82U
2024-12-19,22932.25,23035.86,22921.83,-0.5,1.67,多,22.2,-333.0,40,🔴 Risk OFF,-1.02,NORMAL,⚪ Normal,0,0,⚪ Inactive,0,0,⚪ Inactive,0.05,1.08,92.5,False,True,False,False,0.5,214,750,https://www.twse.com.tw/rwd/zh/afterTrading/MI_INDEX?type=ALL,https://www.twse.com.tw/rwd/zh/fund/BFI82U
2024-12-20,22510.25,22933.82,22902.13,-2.22,-1.72,空,25.7,-486.8,17,🔴 Risk OFF,-1.84,NORMAL,⚪ Normal,0,0,⚪ Inactive,0,0,⚪ Inactive,-1.71,1.47,0.0,False,True,False,False,0.94,243,703,https://www.twse.com.tw/rwd/zh/afterTrading/MI_INDEX?type=ALL,https://www.twse.com.tw/rwd/zh/fund/BFI82U
2024-12-23,23104.54,22946.74,22909.94,0.28,0.68,多,84.7,394.3,91,🟢 Strong Risk ON,2.64,NORMAL,⚪ Normal,0,0,⚪ Inactive,0,0,⚪ Inactive,0.85,1.08,91.4,True,False,False,False,1.68,828,150,https://www.twse.com.tw/rwd/zh/afterTrading/MI_INDEX?type=ALL,https://www.twse.com.tw/rwd/zh/fund/BFI82U
2024-12-24,23120.24,22967.19,22932.01,0.44,1.95,多,50.1,142.5,83,🟢 Strong Risk ON,0.07,NORMAL,⚪ Normal,0,0,⚪ Inactive,0,0,⚪ Inactive,0.82,1.05,0.0,False,False,False,False,1.82,462,460,https://www.twse.com.tw/rwd/zh/afterTrading/MI_INDEX?type=ALL,https://www.twse.com.tw/rwd/zh/fund/BFI82U
2024-12-25,23220.13,22977.48,22976.28,0.22,3.96,多,68.3,111.2,91,🟢 Strong Risk ON,0.43,NORMAL,⚪ Normal,0,0,⚪ Inactive,0,0,⚪ Inactive,1.06,0.96,44.4,False,False,False,False,1.76,623,289,https://www.twse.com.tw/rwd/zh/afterTrading/MI_INDEX?type=ALL,https://www.twse.com.tw/rwd/zh/fund/BFI82U
2024-12-26,23246.94,23040.42,23023.68,1.37,4.25,多,53.5,34.6,83,🟢 Strong Risk ON,0.12,NORMAL,⚪ Normal,0,0,⚪ Inactive,0,0,⚪ Inactive,0.97,0.93,6.4,False,False,False,False,1.45,478,415,https://www.twse.com.tw/rwd/zh/afterTrading/MI_INDEX?type=ALL,https://www.twse.com.tw/rwd/zh/fund/BFI82U
2024-12-27,23275.68,23193.51,23074.34,3.4,4.55,多,33.6,54.8,76,🟢 Strong Risk ON,0.12,TOP,⚪ Top Watch,0,0,⚪ Inactive,0,0,⚪ Top Watch,0.87,0.76,54.3,False,False,False,False,0.94,306,605,https://www.twse.com.tw/rwd/zh/afterTrading/MI_INDEX?type=ALL,https://www.twse.com.tw/rwd/zh/fund/BFI82U
2024-12-30,23190.2,23210.64,23097.0,0.37,1.99,多,32.2,-64.9,46,🟡 Neutral,-0.37,NORMAL,⚪ Normal,0,0,⚪ Inactive,0,0,⚪ Inactive,0.4,0.79,17.7,False,True,False,False,0.26,304,639,https://www.twse.com.tw/rwd/zh/afterTrading/MI_INDEX?type=ALL,https://www.twse.com.tw/rwd/zh/fund/BFI82U
2024-12-31,23035.1,23193.61,23097.38,-0.37,0.03,空,38.9,-184.5,25,🔴 Risk OFF,-0.67,NORMAL,⚪ Normal,0,0,⚪ Inactive,0,0,⚪ Inactive,-0.27,0.82,41.1,False,True,False,False,0.44,372,584,https://www.twse.com.tw/rwd/zh/afterTrading/MI_INDEX?type=ALL,https://www.twse.com.tw/rwd/zh/fund/BFI82U
2025-01-02,22832.06,23116.0,23076.22,-1.67,-1.82,空,33.7,-274.0,21,🔴 Risk OFF,-0.88,NORMAL,⚪ Normal,0,0,⚪ Inactive,0,0,⚪ Inactive,-1.06,1.02,36.5,False,True,False,False,0.59,315,621,https://www.twse.com.tw/rwd/zh/afterTrading/MI_INDEX?type=ALL,https://www.twse.com.tw/rwd/zh/fund/BFI82U
2025-01-03,22908.3,23048.27,23058.24,-1.46,-1.55,空,29.8,91.7,36,🔴 Risk OFF,0.33,NORMAL,⚪ Normal,0,0,⚪ Inactive,0,0,⚪ Inactive,-0.65,0.91,1.6,False,False,False,False,0.65,277,653,https://www.twse.com.tw/rwd/zh/afterTrading/MI_INDEX?type=ALL,https://www.twse.com.tw/rwd/zh/fund/BFI82U
2025-01-06,23547.71,23102.67,23075.96,1.17,1.53,多,78.6,520.1,91,🟢 Strong Risk ON,2.79,NORMAL,⚪ Normal,0,0,⚪ Inactive,0,0,⚪ Inactive,2.04,0.95,98.7,True,False,False,False,1.39,741,202,https://www.twse.com.tw/rwd/zh/afterTrading/MI_INDEX?type=ALL,https://www.twse.com.tw/rwd/zh/fund/BFI82U
2025-01-07,23651.27,23194.89,23094.86,1.99,1.62,多,28.2,113.2,66,🟢 Risk ON,0.44,NORMAL,⚪ Normal,0,0,⚪ Inactive,0,0,⚪ Inactive,2.41,1.03,0.0,True,False,False,False,1.6,274,696,https://www.twse.com.tw/rwd/zh/afterTrading/MI_INDEX?type=ALL,https://www.twse.com.tw/rwd/zh/fund/BFI82U
2025-01-08,23407.33,23269.33,23108.97,1.62,1.22,多,50.9,-159.4,58,🟡 Neutral,-1.03,NORMAL,⚪ Normal,0,0,⚪ Inactive,0,0,⚪ Inactive,1.29,0.84,6.6,False,True,False,False,1.8,466,449,https://www.twse.com.tw/rwd/zh/afterTrading/MI_INDEX?type=ALL,https://www.twse.com.tw/rwd/zh/fund/BFI82U
2025-01-09,23081.13,23319.15,23117.85,1.09,0.77,空,13.4,-291.4,31,🔴 Risk OFF,-1.39,NORMAL,⚪ Normal,0,0,⚪ Inactive,0,0,⚪ Inactive,-0.16,1.1,0.0,False,True,False,False,1.99,132,851,https://www.twse.com.tw/rwd/zh/afterTrading/MI_INDEX?type=ALL,https://www.twse.com.tw/rwd/zh/fund/BFI82U
2025-01-10,23011.86,23339.86,23116.1,0.45,-0.15,空,34.8,-171.9,27,🔴 Risk OFF,-0.3,NORMAL,⚪ Normal,0,0,⚪ Inactive,0,0,⚪ Inactive,-0.45,0.95,10.4,False,True,False,False,1.93,324,608,https://www.twse.com.tw/rwd/zh/afterTrading/MI_INDEX?type=ALL,https://www.twse.com.tw/rwd/zh/fund/BFI82U
2025-01-13,22488.33,23127.98,23089.5,-4.5,-2.31,空,14.2,-544.4,17,🔴 Risk OFF,-2.28,BOTTOM,⚪ Bottom Watch,2,0,⚪ Bottom Watch,0,0,⚪ Inactive,-2.6,1.13,4.9,False,True,False,False,1.47,140,846,https://www.twse.com.tw/rwd/zh/afterTrading/MI_INDEX?type=ALL,https://www.twse.com.tw/rwd/zh/fund/BFI82U
2025-01-14,22797.52,22957.23,23077.38,-3.61,-1.05,空,83.3,-130.0,32,🔴 Risk OFF,1.37,BOTTOM,⚪ Bottom Watch,1,0,⚪ Bottom Watch,0,0,⚪ Inactive,-1.21,0.74,100.0,False,False,False,False,1.71,792,159,https://www.twse.com.tw/rwd/zh/afterTrading/MI_INDEX?type=ALL,https://www.twse.com.tw/rwd/zh/fund/BFI82U
2025-01-15,22514.57,22778.68,23052.2,-3.81,-2.19,空,44.1,-295.8,2,🔴 Risk OFF,-1.24,BOTTOM,⚪ Bottom Watch,1,0,⚪ Bottom Watch,0,0,⚪ Inactive,-2.33,0.76,1.8,False,True,False,False,1.72,411,520,https://www.twse.com.tw/rwd/zh/afterTrading/MI_INDEX?type=ALL,https://www.twse.com.tw/rwd/zh/fund/BFI82U
2025-01-16,23025.1,22767.48,23045.03,-0.24,-0.62,空,81.0,253.5,51,🟡 Neutral,2.27,NORMAL,⚪ Normal,0,0,⚪ Inactive,0,0,⚪ Inactive,-0.09,0.82,62.9,True,False,False,False,1.9,755,177,https://www.twse.com.tw/rwd/zh/afterTrading/MI_INDEX?type=ALL,https://www.twse.com.tw/rwd/zh/fund/BFI82U
2025-01-17,23148.08,22794.72,23055.82,0.59,0.94,多,48.9,132.1,61,🟢 Risk ON,0.53,NORMAL,⚪ Normal,0,0,⚪ Inactive,0,0,⚪ Inactive,0.4,0.82,79.7,True,False,False,False,2.0,450,471,https://www.twse.com.tw/rwd/zh/afterTrading/MI_INDEX?type=ALL,https://www.twse.com.tw/rwd/zh/fund/BFI82U
2025-01-20,23266.82,22950.42,23093.65,3.46,3.36,多,68.2,91.6,86,🟢 Strong Risk ON,0.51,TOP,⚪ Top Watch,0,0,⚪ Inactive,0,0,⚪ Top Watch,0.75,0.73,53.1,True,False,False,False,1.35,646,301,https://www.twse.com.tw/rwd/zh/afterTrading/MI_INDEX?type=ALL,https://www.twse.com.tw/rwd/zh/fund/BFI82U
2025-01-21,23300.01,23050.92,23103.42,2.2,0.85,多,51.3,2.6,78,🟢 Strong Risk ON,0.14,NORMAL,⚪ Normal,0,0,⚪ Inactive,0,0,⚪ Inactive,0.85,0.0,61.9,False,False,False,False,1.0,451,428,https://www.twse.com.tw/rwd/zh/afterTrading/MI_INDEX?type=ALL,https://www.twse.com.tw/rwd/zh/fund/BFI82U
2025-01-22,23525.41,23253.08,23123.68,4.49,1.75,多,75.5,156.2,96,🟢 Strong Risk ON,0.97,TOP,⚪ Top Watch,0,0,⚪ Inactive,2,0,⚪ Top Watch,1.74,0.96,31.1,True,False,False,False,0.89,699,227,https://www.twse.com.tw/rwd/zh/afterTrading/MI_INDEX?type=ALL,https://www.twse.com.tw/rwd/zh/fund/BFI82U
2025-02-03,22694.71,23187.01,23097.41,-1.43,-2.26,空,32.0,-743.8,21,🔴 Risk OFF,-3.53,BOTTOM,🟣 Oversold Watch,1,0,🟣 Oversold Watch,0,0,⚪ Inactive,-1.74,1.24,65.4,False,True,True,False,1.05,310,659,https://www.twse.com.tw/rwd/zh/afterTrading/MI_INDEX?type=ALL,https://www.twse.com.tw/rwd/zh/fund/BFI82U
2025-02-04,22793.96,23116.18,23074.76,-1.53,-1.95,空,39.2,-152.6,31,🔴 Risk OFF,0.44,BOTTOM,🟣 Oversold Watch,0,0,🟣 Oversold Watch,0,0,⚪ Inactive,-1.22,1.07,34.3,False,False,True,False,1.06,370,574,https://www.twse.com.tw/rwd/zh/afterTrading/MI_INDEX?type=ALL,https://www.twse.com.tw/rwd/zh/fund/BFI82U
2025-02-05,23161.58,23095.13,23069.05,-0.45,-0.49,多,88.5,254.0,76,🟢 Strong Risk ON,1.61,BOTTOM,🟢 Strong Bottom Reversal,0,6,🟢 Strong Bottom Reversal,0,0,⚪ Inactive,0.4,0.89,73.6,True,False,True,False,1.35,845,110,https://www.twse.com.tw/rwd/zh/afterTrading/MI_INDEX?type=ALL,https://www.twse.com.tw/rwd/zh/fund/BFI82U
2025-02-06,23316.6,23098.45,23075.37,0.07,0.55,多,78.6,29.0,86,🟢 Strong Risk ON,0.67,BOTTOM,🟢 Strong Bottom Reversal,1,6,🟢 Strong Bottom Reversal,0,0,⚪ Inactive,1.05,0.86,75.9,True,False,True,False,1.67,747,203,https://www.twse.com.tw/rwd/zh/afterTrading/MI_INDEX?type=ALL,https://www.twse.com.tw/rwd/zh/fund/BFI82U
2025-02-07,23478.27,23089.02,23097.53,-0.2,1.92,多,54.8,141.7,62,🟢 Risk ON,0.69,BOTTOM,🟠 Bottom Reversal Attempt,1,4,🟠 Bottom Reversal Attempt,0,0,⚪ Inactive,1.65,0.96,100.0,True,False,True,False,1.53,504,415,https://www.twse.com.tw/rwd/zh/afterTrading/MI_INDEX?type=ALL,https://www.twse.com.tw/rwd/zh/fund/BFI82U
2025-02-10,23252.14,23200.51,23118.54,2.46,1.84,多,43.7,-188.9,51,🟡 Neutral,-0.96,NORMAL,⚪ Normal,0,0,⚪ Inactive,0,0,⚪ Inactive,0.58,0.97,31.1,False,True,False,False,0.82,410,529,https://www.twse.com.tw/rwd/zh/afterTrading/MI_INDEX?type=ALL,https://www.twse.com.tw/rwd/zh/fund/BFI82U
2025-02-11,23384.05,23318.53,23142.32,2.59,2.08,多,46.8,93.0,81,🟢 Strong Risk ON,0.57,NORMAL,⚪ Normal,0,0,⚪ Inactive,0,0,⚪ Inactive,1.04,1.07,48.2,False,False,False,False,0.83,432,492,https://www.twse.com.tw/rwd/zh/afterTrading/MI_INDEX?type=ALL,https://www.twse.com.tw/rwd/zh/fund/BFI82U
2025-02-12,23289.75,23344.16,23129.42,0.55,-1.1,多,47.2,26.3,62,🟢 Risk ON,-0.4,NORMAL,⚪ Normal,0,0,⚪ Inactive,0,0,⚪ Inactive,0.69,1.14,0.0,False,True,False,False,0.57,433,484,https://www.twse.com.tw/rwd/zh/afterTrading/MI_INDEX?type=ALL,https://www.twse.com.tw/rwd/zh/fund/BFI82U
2025-02-13,23399.41,23360.72,23116.83,0.36,-1.06,多,82.8,10.8,87,🟢 Strong Risk ON,0.47,NORMAL,⚪ Normal,0,0,⚪ Inactive,0,0,⚪ Inactive,1.22,1.29,93.4,False,False,False,False,0.53,797,166,https://www.twse.com.tw/rwd/zh/afterTrading/MI_INDEX?type=ALL,https://www.twse.com.tw/rwd/zh/fund/BFI82U
2025-02-14,23152.61,23295.59,23104.1,-1.39,-1.09,多,55.9,-245.9,56,🟡 Neutral,-1.05,NORMAL,⚪ Normal,0,0,⚪ Inactive,0,0,⚪ Inactive,0.21,1.36,7.2,False,True,False,False,0.59,520,411,https://www.twse.com.tw/rwd/zh/afterTrading/MI_INDEX?type=ALL,https://www.twse.com.tw/rwd/zh/fund/BFI82U
2025-02-17,23505.33,23346.23,23125.31,1.09,1.84,多,67.7,247.5,91,🟢 Strong Risk ON,1.52,NORMAL,⚪ Normal,0,0,⚪ Inactive,0,0,⚪ Inactive,1.64,1.18,98.0,True,False,False,False,0.68,632,302,https://www.twse.com.tw/rwd/zh/afterTrading/MI_INDEX?type=ALL,https://www.twse.com.tw/rwd/zh/fund/BFI82U
2025-02-18,23666.11,23402.64,23158.02,1.21,2.84,多,51.8,81.7,83,🟢 Strong Risk ON,0.68,NORMAL,⚪ Normal,0,0,⚪ Inactive,0,0,⚪ Inactive,2.19,1.06,100.0,True,False,False,False,0.7,470,438,https://www.twse.com.tw/rwd/zh/afterTrading/MI_INDEX?type=ALL,https://www.twse.com.tw/rwd/zh/fund/BFI82U
2025-02-19,23604.08,23465.51,23213.81,1.35,4.96,多,67.3,-25.8,72,🟢 Risk ON,-0.26,NORMAL,⚪ Normal,0,0,⚪ Inactive,0,0,⚪ Inactive,1.68,1.23,40.1,False,False,False,False,0.75,624,303,https://www.twse.com.tw/rwd/zh/afterTrading/MI_INDEX?type=ALL,https://www.twse.com.tw/rwd/zh/fund/BFI82U
2025-02-20,23487.46,23483.12,23248.3,0.38,3.03,多,46.8,-168.0,51,🟡 Neutral,-0.49,NORMAL,⚪ Normal,0,0,⚪ Inactive,0,0,⚪ Inactive,1.03,1.24,49.3,False,True,False,False,0.75,434,494,https://www.twse.com.tw/rwd/zh/afterTrading/MI_INDEX?type=ALL,https://www.twse.com.tw/rwd/zh/fund/BFI82U
2025-02-21,23730.25,23598.65,23309.09,2.49,5.4,多,71.6,178.9,100,🟢 Strong Risk ON,1.03,NORMAL,⚪ Normal,0,0,⚪ Inactive,0,0,⚪ Inactive,1.81,1.19,99.0,True,False,False,False,0.75,671,266,https://www.twse.com.tw/rwd/zh/afterTrading/MI_INDEX?type=ALL,https://www.twse.com.tw/rwd/zh/fund/BFI82U
2025-02-24,23565.31,23610.64,23336.1,0.26,2.35,多,47.0,-195.3,51,🟡 Neutral,-0.7,NORMAL,⚪ Normal,0,0,⚪ Inactive,0,0,⚪ Inactive,0.98,1.07,72.2,False,False,False,False,0.59,439,496,https://www.twse.com.tw/rwd/zh/afterTrading/MI_INDEX?type=ALL,https://www.twse.com.tw/rwd/zh/fund/BFI82U
2025-02-25,23285.72,23534.56,23342.98,-1.61,0.59,空,27.7,-513.4,25,🔴 Risk OFF,-1.19,NORMAL,⚪ Normal,0,0,⚪ Inactive,0,0,⚪ Inactive,-0.25,1.22,45.7,False,True,False,False,0.67,258,674,https://www.twse.com.tw/rwd/zh/afterTrading/MI_INDEX?type=ALL,https://www.twse.com.tw/rwd/zh/fund/BFI82U
2025-02-26,23402.55,23494.26,23349.77,-0.85,0.58,多,46.6,-37.9,61,🟢 Risk ON,0.5,NORMAL,⚪ Normal,0,0,⚪ Inactive,0,0,⚪ Inactive,0.23,1.08,89.6,True,False,False,False,0.79,426,489,https://www.twse.com.tw/rwd/zh/afterTrading/MI_INDEX?type=ALL,https://www.twse.com.tw/rwd/zh/fund/BFI82U
2025-02-27,23053.18,23407.4,23337.42,-1.85,-1.06,空,30.2,-451.1,21,🔴 Risk OFF,-1.49,NORMAL,⚪ Normal,0,0,⚪ Inactive,0,0,⚪ Inactive,-1.22,1.61,0.0,False,True,False,False,1.03,288,666,https://www.twse.com.tw/rwd/zh/afterTrading/MI_INDEX?type=ALL,https://www.twse.com.tw/rwd/zh/fund/BFI82U
2025-03-03,22756.25,23212.6,23298.97,-4.1,-3.27,空,25.9,-570.4,2,🔴 Risk OFF,-1.29,BOTTOM,⚪ Bottom Watch,2,0,⚪ Bottom Watch,0,0,⚪ Inactive,-2.33,1.02,88.5,False,True,False,False,1.1,249,711,https://www.twse.com.tw/rwd/zh/afterTrading/MI_INDEX?type=ALL,https://www.twse.com.tw/rwd/zh/fund/BFI82U
2025-03-04,22596.88,23018.92,23294.07,-4.11,-0.43,空,58.0,-524.7,22,🔴 Risk OFF,-0.7,BOTTOM,⚪ Bottom Watch,0,0,⚪ Bottom Watch,0,0,⚪ Inactive,-2.99,0.94,69.5,False,True,False,False,1.2,548,397,https://www.twse.com.tw/rwd/zh/afterTrading/MI_INDEX?type=ALL,https://www.twse.com.tw/rwd/zh/fund/BFI82U
2025-03-05,22871.9,22936.15,23297.97,-1.78,0.34,空,68.8,-140.7,40,🔴 Risk OFF,1.22,NORMAL,⚪ Normal,0,0,⚪ Inactive,0,0,⚪ Inactive,-1.83,0.94,60.0,True,False,False,False,1.16,645,292,https://www.twse.com.tw/rwd/zh/afterTrading/MI_INDEX?type=ALL,https://www.twse.com.tw/rwd/zh/fund/BFI82U
2025-03-06,22715.43,22798.73,23275.66,-2.94,-1.93,空,32.9,-261.2,2,🔴 Risk OFF,-0.68,NORMAL,⚪ Normal,0,0,⚪ Inactive,0,0,⚪ Inactive,-2.41,0.87,0.0,False,True,False,False,1.2,303,618,https://www.twse.com.tw/rwd/zh/afterTrading/MI_INDEX?type=ALL,https://www.twse.com.tw/rwd/zh/fund/BFI82U
2025-03-07,22576.07,22703.31,23238.64,-2.07,-3.18,空,23.4,-295.0,2,🔴 Risk OFF,-0.61,NORMAL,⚪ Normal,0,0,⚪ Inactive,0,0,⚪ Inactive,-2.85,0.9,16.6,False,True,False,False,0.94,219,716,https://www.twse.com.tw/rwd/zh/afterTrading/MI_INDEX?type=ALL,https://www.twse.com.tw/rwd/zh/fund/BFI82U
2025-03-10,22459.15,22643.89,23187.68,-1.31,-4.34,空,40.7,-287.2,6,🔴 Risk OFF,-0.52,BOTTOM,⚪ Bottom Watch,0,0,⚪ Bottom Watch,0,0,⚪ Inactive,-3.14,0.92,22.1,False,True,False,False,0.76,380,554,https://www.twse.com.tw/rwd/zh/afterTrading/MI_INDEX?type=ALL,https://www.twse.com.tw/rwd/zh/fund/BFI82U
2025-03-11,22071.09,22538.73,23128.63,-2.33,-5.08,空,20.1,-460.6,0,🔴 Risk OFF,-1.73,BOTTOM,⚪ Bottom Watch,2,0,⚪ Bottom Watch,0,0,⚪ Inactive,-4.57,1.07,81.3,False,True,False,False,1.14,195,776,https://www.twse.com.tw/rwd/zh/afterTrading/MI_INDEX?type=ALL,https://www.twse.com.tw/rwd/zh/fund/BFI82U
2025-03-12,22278.36,22420.02,23073.34,-2.6,-4.73,空,57.8,-172.1,32,🔴 Risk OFF,0.94,BOTTOM,⚪ Bottom Watch,0,0,⚪ Bottom Watch,0,0,⚪ Inactive,-3.45,0.93,52.4,True,False,False,False,1.02,540,395,https://www.twse.com.tw/rwd/zh/afterTrading/MI_INDEX?type=ALL,https://www.twse.com.tw/rwd/zh/fund/BFI82U
2025-03-13,21961.68,22269.27,23006.94,-3.32,-5.7,空,20.1,-235.8,0,🔴 Risk OFF,-1.42,BOTTOM,⚪ Bottom Watch,2,0,⚪ Bottom Watch,0,0,⚪ Inactive,-4.54,1.07,0.0,False,True,False,False,1.26,196,780,https://www.twse.com.tw/rwd/zh/afterTrading/MI_INDEX?type=ALL,https://www.twse.com.tw/rwd/zh/fund/BFI82U
2025-03-14,21968.05,22147.67,22935.37,-2.69,-6.12,空,72.6,-104.9,30,🔴 Risk OFF,0.03,BOTTOM,⚪ Bottom Watch,0,0,⚪ Bottom Watch,0,0,⚪ Inactive,-4.22,0.98,40.5,False,False,False,False,1.12,693,261,https://www.twse.com.tw/rwd/zh/afterTrading/MI_INDEX?type=ALL,https://www.twse.com.tw/rwd/zh/fund/BFI82U
2025-03-17,22118.63,22079.56,22883.67,-1.52,-4.47,空,56.5,-103.1,36,🔴 Risk OFF,0.69,BOTTOM,⚪ Bottom Watch,0,0,⚪ Bottom Watch,0,0,⚪ Inactive,-3.34,0.86,4.3,True,False,False,False,1.17,526,405,https://www.twse.com.tw/rwd/zh/afterTrading/MI_INDEX?type=ALL,https://www.twse.com.tw/rwd/zh/fund/BFI82U
2025-03-18,22271.67,22119.68,22821.99,0.91,-5.25,空,68.0,-45.8,46,🟡 Neutral,0.69,NORMAL,⚪ Normal,0,0,⚪ Inactive,0,0,⚪ Inactive,-2.41,0.78,60.6,False,False,False,False,0.88,623,293,https://www.twse.com.tw/rwd/zh/afterTrading/MI_INDEX?type=ALL,https://www.twse.com.tw/rwd/zh/fund/BFI82U
2025-03-19,21960.83,22056.17,22736.73,-1.43,-7.21,空,27.7,-342.5,4,🔴 Risk OFF,-1.4,BOTTOM,⚪ Bottom Watch,2,0,⚪ Bottom Watch,0,0,⚪ Inactive,-3.41,0.87,5.9,False,True,False,False,0.97,262,683,https://www.twse.com.tw/rwd/zh/afterTrading/MI_INDEX?type=ALL,https://www.twse.com.tw/rwd/zh/fund/BFI82U
2025-03-20,22377.26,22139.29,22675.39,1.89,-5.2,空,83.2,220.4,55,🟡 Neutral,1.9,NORMAL,⚪ Normal,0,0,⚪ Inactive,0,0,⚪ Inactive,-1.31,0.79,100.0,True,False,False,False,1.02,792,160,https://www.twse.com.tw/rwd/zh/afterTrading/MI_INDEX?type=ALL,https://www.twse.com.tw/rwd/zh/fund/BFI82U
2025-03-21,22209.1,22187.5,22611.47,1.1,-5.44,空,32.5,-176.8,10,🔴 Risk OFF,-0.75,NORMAL,⚪ Normal,0,0,⚪ Inactive,0,0,⚪ Inactive,-1.78,1.09,5.3,False,False,False,False,1.2,313,650,https://www.twse.com.tw/rwd/zh/afterTrading/MI_INDEX?type=ALL,https://www.twse.com.tw/rwd/zh/fund/BFI82U
2025-03-24,22106.64,22185.1,22530.29,-0.05,-6.84,空,30.1,-114.7,4,🔴 Risk OFF,-0.46,NORMAL,⚪ Normal,0,0,⚪ Inactive,0,0,⚪ Inactive,-1.88,0.8,0.0,False,True,False,False,1.17,289,670,https://www.twse.com.tw/rwd/zh/afterTrading/MI_INDEX?type=ALL,https://www.twse.com.tw/rwd/zh/fund/BFI82U
2025-03-25,22273.19,22185.4,22465.68,0.01,-5.48,空,31.6,64.1,35,🔴 Risk OFF,0.75,NORMAL,⚪ Normal,0,0,⚪ Inactive,0,0,⚪ Inactive,-0.86,0.79,24.0,False,False,False,False,1.25,294,635,https://www.twse.com.tw/rwd/zh/afterTrading/MI_INDEX?type=ALL,https://www.twse.com.tw/rwd/zh/fund/BFI82U
2025-03-26,22260.29,22245.3,22414.41,1.36,-4.4,空,66.8,-2.3,38,🔴 Risk OFF,-0.06,NORMAL,⚪ Normal,0,0,⚪ Inactive,0,0,⚪ Inactive,-0.69,0.71,15.0,False,False,False,False,0.89,615,305,https://www.twse.com.tw/rwd/zh/afterTrading/MI_INDEX?type=ALL,https://www.twse.com.tw/rwd/zh/fund/BFI82U
2025-03-27,21951.76,22160.2,22341.87,-1.9,-6.2,空,20.8,-387.9,4,🔴 Risk OFF,-1.39,NORMAL,⚪ Normal,0,0,⚪ Inactive,0,0,⚪ Inactive,-1.75,0.85,18.6,False,True,False,False,0.71,195,744,https://www.twse.com.tw/rwd/zh/afterTrading/MI_INDEX?type=ALL,https://www.twse.com.tw/rwd/zh/fund/BFI82U
2025-03-28,21602.89,22038.95,22269.36,-2.73,-6.29,空,6.5,-336.7,0,🔴 Risk OFF,-1.59,NORMAL,⚪ Normal,0,0,⚪ Inactive,0,0,⚪ Inactive,-2.99,1.04,25.0,False,True,False,False,0.87,66,953,https://www.twse.com.tw/rwd/zh/afterTrading/MI_INDEX?type=ALL,https://www.twse.com.tw/rwd/zh/fund/BFI82U
2025-03-31,20695.9,21756.81,22166.34,-6.38,-9.05,空,2.9,-378.5,0,🔴 Risk OFF,-4.2,BOTTOM,🟣 Extreme Oversold,6,1,🟣 Extreme Oversold,0,0,⚪ Inactive,-6.63,1.34,0.0,False,True,True,False,1.69,30,1001,https://www.twse.com.tw/rwd/zh/afterTrading/MI_INDEX?type=ALL,https://www.twse.com.tw/rwd/zh/fund/BFI82U
2025-04-01,21280.17,21558.2,22100.5,-4.46,-5.83,空,90.3,-43.9,36,🔴 Risk OFF,2.82,BOTTOM,🟢 Strong Bottom Reversal,1,7,🟢 Strong Bottom Reversal,0,0,⚪ Inactive,-3.71,0.9,91.8,True,False,True,False,2.12,899,97,https://www.twse.com.tw/rwd/zh/afterTrading/MI_INDEX?type=ALL,https://www.twse.com.tw/rwd/zh/fund/BFI82U
2025-04-02,21298.22,21365.79,22021.82,-4.32,-6.88,空,68.1,-10.5,36,🔴 Risk OFF,0.08,BOTTOM,🟣 Oversold Watch,1,2,🟣 Oversold Watch,0,0,⚪ Inactive,-3.29,0.76,40.3,False,False,True,False,2.26,635,298,https://www.twse.com.tw/rwd/zh/afterTrading/MI_INDEX?type=ALL,https://www.twse.com.tw/rwd/zh/fund/BFI82U
2025-04-07,19232.35,20821.91,21847.67,-12.39,-15.33,空,0.4,168.2,15,🔴 Risk OFF,-9.7,BOTTOM,🟣 Extreme Oversold,9,1,🟣 Extreme Oversold,0,0,⚪ Inactive,-11.97,0.52,2.2,False,True,True,False,3.93,4,1032,https://www.twse.com.tw/rwd/zh/afterTrading/MI_INDEX?type=ALL,https://www.twse.com.tw/rwd/zh/fund/BFI82U
2025-04-08,18459.95,20193.32,21641.86,-14.55,-18.23,空,15.4,-341.8,0,🔴 Risk OFF,-4.02,BOTTOM,🟣 Extreme Oversold,9,1,🟣 Extreme Oversold,0,0,⚪ Inactive,-14.7,1.99,31.6,False,True,True,False,4.43,157,861,https://www.twse.com.tw/rwd/zh/afterTrading/MI_INDEX?type=ALL,https://www.twse.com.tw/rwd/zh/fund/BFI82U
2025-04-09,17391.76,19532.49,21388.49,-15.97,-22.56,空,2.3,-356.4,0,🔴 Risk OFF,-5.79,BOTTOM,🟣 Extreme Oversold,9,1,🟣 Extreme Oversold,0,0,⚪ Inactive,-18.69,2.01,8.0,False,True,True,False,4.13,24,1009,https://www.twse.com.tw/rwd/zh/afterTrading/MI_INDEX?type=ALL,https://www.twse.com.tw/rwd/zh/fund/BFI82U
2025-04-10,19000.03,19076.46,21234.94,-10.71,-13.91,空,99.4,-56.9,30,🔴 Risk OFF,9.25,BOTTOM,🟢 Strong Bottom Reversal,6,7,🟢 Strong Bottom Reversal,0,0,⚪ Inactive,-10.52,0.82,96.8,True,False,True,True,4.84,1023,6,https://www.twse.com.tw/rwd/zh/afterTrading/MI_INDEX?type=ALL,https://www.twse.com.tw/rwd/zh/fund/BFI82U
2025-04-11,19528.77,18722.57,21097.46,-8.31,-12.34,空,57.0,305.2,45,🟡 Neutral,2.78,BOTTOM,🟢 Strong Bottom Reversal,6,9,🟢 Strong Bottom Reversal,0,0,⚪ Inactive,-7.44,1.5,100.0,True,False,True,True,5.55,563,424,https://www.twse.com.tw/rwd/zh/afterTrading/MI_INDEX?type=ALL,https://www.twse.com.tw/rwd/zh/fund/BFI82U
2025-04-14,19513.09,18778.72,20975.03,1.46,-11.15,空,73.0,-186.3,30,🔴 Risk OFF,-0.08,BOTTOM,🟣 Oversold Watch,3,2,🟣 Oversold Watch,0,0,⚪ Inactive,-6.97,1.28,0.8,False,False,True,True,2.76,722,267,https://www.twse.com.tw/rwd/zh/afterTrading/MI_INDEX?type=ALL,https://www.twse.com.tw/rwd/zh/fund/BFI82U
2025-04-15,19857.67,19058.26,20869.51,7.57,-9.61,空,96.4,-4.9,51,🟡 Neutral,1.77,TOP,🟡 Overbought Watch,0,0,⚪ Inactive,3,1,🟡 Overbought Watch,-4.85,0.87,88.2,False,False,True,True,2.24,983,37,https://www.twse.com.tw/rwd/zh/afterTrading/MI_INDEX?type=ALL,https://www.twse.com.tw/rwd/zh/fund/BFI82U
2025-04-16,19468.0,19473.51,20736.98,11.94,-11.98,空,14.2,-210.1,15,🔴 Risk OFF,-1.96,TOP,🔴 Strong Top Reversal,0,0,⚪ Inactive,3,6,🔴 Strong Top Reversal,-6.12,0.86,5.2,False,True,True,True,1.57,143,862,https://www.twse.com.tw/rwd/zh/afterTrading/MI_INDEX?type=ALL,https://www.twse.com.tw/rwd/zh/fund/BFI82U
2025-04-17,19338.73,19541.25,20590.33,1.78,-13.17,空,42.2,-136.2,10,🔴 Risk OFF,-0.66,BOTTOM,🟣 Oversold Watch,3,0,🟣 Oversold Watch,0,0,⚪ Inactive,-6.08,0.71,50.5,False,True,True,True,0.61,385,527,https://www.twse.com.tw/rwd/zh/afterTrading/MI_INDEX?type=ALL,https://www.twse.com.tw/rwd/zh/fund/BFI82U
2025-04-18,19395.03,19514.5,20462.04,-0.68,-11.68,空,50.4,-152.0,26,🔴 Risk OFF,0.29,BOTTOM,🟣 Oversold Watch,0,0,🟣 Oversold Watch,0,0,⚪ Inactive,-5.21,0.66,15.2,False,False,True,True,0.38,470,463,https://www.twse.com.tw/rwd/zh/afterTrading/MI_INDEX?type=ALL,https://www.twse.com.tw/rwd/zh/fund/BFI82U
2025-04-21,19106.2,19433.13,20298.49,-2.09,-14.62,空,10.9,-19.5,6,🔴 Risk OFF,-1.49,BOTTOM,🟣 Oversold Watch,3,0,🟣 Oversold Watch,0,0,⚪ Inactive,-5.87,0.73,9.2,False,True,True,True,0.51,109,893,https://www.twse.com.tw/rwd/zh/afterTrading/MI_INDEX?type=ALL,https://www.twse.com.tw/rwd/zh/fund/BFI82U
2025-04-22,18793.43,19220.28,20127.7,-5.36,-15.38,空,24.8,-52.4,0,🔴 Risk OFF,-1.64,BOTTOM,🟣 Extreme Oversold,5,0,🟣 Extreme Oversold,0,0,⚪ Inactive,-6.63,0.79,0.0,False,True,True,True,0.48,237,717,https://www.twse.com.tw/rwd/zh/afterTrading/MI_INDEX?type=ALL,https://www.twse.com.tw/rwd/zh/fund/BFI82U
2025-04-23,19639.14,19254.51,20004.33,0.88,-11.16,空,94.5,263.7,55,🟡 Neutral,4.5,BOTTOM,🟢 Strong Bottom Reversal,0,8,🟢 Strong Bottom Reversal,0,0,⚪ Inactive,-1.83,0.86,100.0,True,False,True,True,0.67,950,55,https://www.twse.com.tw/rwd/zh/afterTrading/MI_INDEX?type=ALL,https://www.twse.com.tw/rwd/zh/fund/BFI82U
2025-04-24,19478.81,19282.52,19864.61,0.72,-12.55,空,48.9,-62.1,15,🔴 Risk OFF,-0.82,BOTTOM,🟣 Oversold Watch,1,0,🟣 Oversold Watch,0,0,⚪ Inactive,-1.94,0.77,14.2,False,False,True,True,0.68,451,471,https://www.twse.com.tw/rwd/zh/afterTrading/MI_INDEX?type=ALL,https://www.twse.com.tw/rwd/zh/fund/BFI82U
2025-04-25,19872.73,19378.06,19745.23,2.46,-10.73,多,84.7,145.7,75,🟢 Strong Risk ON,2.02,TOP,🟡 Overbought Watch,0,0,⚪ Inactive,2,1,🟡 Overbought Watch,0.65,0.86,7.6,True,False,True,True,0.83,816,147,https://www.twse.com.tw/rwd/zh/afterTrading/MI_INDEX?type=ALL,https://www.twse.com.tw/rwd/zh/fund/BFI82U
2025-04-28,20034.41,19563.7,19649.36,4.86,-8.73,多,79.7,58.7,75,🟢 Strong Risk ON,0.81,TOP,🟡 Overbought Watch,0,0,⚪ Inactive,2,0,🟡 Overbought Watch,1.96,0.68,61.3,True,False,True,True,0.78,762,194,https://www.twse.com.tw/rwd/zh/afterTrading/MI_INDEX?type=ALL,https://www.twse.com.tw/rwd/zh/fund/BFI82U
2025-04-29,20232.63,19851.54,19580.85,7.66,-6.34,多,88.1,93.8,85,🟢 Strong Risk ON,0.99,TOP,🟡 Overbought Watch,0,0,⚪ Inactive,2,0,🟡 Overbought Watch,3.33,0.81,100.0,True,False,False,True,0.72,870,118,https://www.twse.com.tw/rwd/zh/afterTrading/MI_INDEX?type=ALL,https://www.twse.com.tw/rwd/zh/fund/BFI82U
2025-04-30,20235.03,19970.72,19557.81,3.03,-2.23,多,26.6,-16.6,58,🟡 Neutral,0.01,TOP,⚪ Top Watch,0,0,⚪ Inactive,0,0,⚪ Top Watch,3.46,0.91,33.9,True,False,False,False,0.34,257,709,https://www.twse.com.tw/rwd/zh/afterTrading/MI_INDEX?type=ALL,https://www.twse.com.tw/rwd/zh/fund/BFI82U
2025-05-02,20787.64,20232.49,19533.18,6.72,-2.31,多,85.8,387.7,87,🟢 Strong Risk ON,2.73,TOP,🟡 Overbought Watch,0,0,⚪ Inactive,4,0,🟡 Overbought Watch,6.42,0.92,100.0,True,False,False,True,0.48,841,139,https://www.twse.com.tw/rwd/zh/afterTrading/MI_INDEX?type=ALL,https://www.twse.com.tw/rwd/zh/fund/BFI82U
2025-05-05,20532.99,20364.54,19494.92,3.32,-3.59,多,25.7,244.4,57,🟡 Neutral,-1.23,TOP,🟠 Top Reversal Attempt,0,0,⚪ Inactive,0,4,🟠 Top Reversal Attempt,5.32,1.3,37.6,False,True,False,True,0.41,255,737,https://www.twse.com.tw/rwd/zh/afterTrading/MI_INDEX?type=ALL,https://www.twse.com.tw/rwd/zh/fund/BFI82U
2025-05-06,20522.59,20462.18,19559.43,2.44,6.71,多,74.4,157.5,85,🟢 Strong Risk ON,-0.05,TOP,🟡 Overbought Watch,0,0,⚪ Inactive,2,0,🟡 Overbought Watch,4.92,1.0,63.1,False,False,False,True,0.36,725,249,https://www.twse.com.tw/rwd/zh/afterTrading/MI_INDEX?type=ALL,https://www.twse.com.tw/rwd/zh/fund/BFI82U
2025-05-07,20546.49,20524.95,19663.76,1.55,11.3,多,43.0,136.5,75,🟢 Strong Risk ON,0.12,TOP,🟡 Overbought Watch,0,0,⚪ Inactive,0,2,🟡 Overbought Watch,4.49,0.84,48.1,False,False,False,True,0.3,405,536,https://www.twse.com.tw/rwd/zh/afterTrading/MI_INDEX?type=ALL,https://www.twse.com.tw/rwd/zh/fund/BFI82U
2025-05-08,20543.4,20586.62,19821.34,1.52,18.12,多,76.6,14.8,85,🟢 Strong Risk ON,-0.02,TOP,🟡 Overbought Watch,0,0,⚪ Inactive,3,1,🟡 Overbought Watch,3.64,0.78,0.0,False,False,False,True,0.32,728,223,https://www.twse.com.tw/rwd/zh/afterTrading/MI_INDEX?type=ALL,https://www.twse.com.tw/rwd/zh/fund/BFI82U
2025-05-09,20915.04,20612.1,19917.09,0.61,10.08,多,66.7,227.3,95,🟢 Strong Risk ON,1.81,TOP,⚪ Top Watch,0,0,⚪ Inactive,0,0,⚪ Top Watch,5.01,0.97,100.0,True,False,False,False,0.25,632,316,https://www.twse.com.tw/rwd/zh/afterTrading/MI_INDEX?type=ALL,https://www.twse.com.tw/rwd/zh/fund/BFI82U
2025-05-12,21129.54,20731.41,19997.13,2.91,8.2,多,75.1,166.2,100,🟢 Strong Risk ON,1.03,TOP,⚪ Top Watch,0,0,⚪ Inactive,2,0,⚪ Top Watch,5.66,0.95,74.0,True,False,False,False,0.23,721,239,https://www.twse.com.tw/rwd/zh/afterTrading/MI_INDEX?type=ALL,https://www.twse.com.tw/rwd/zh/fund/BFI82U
2025-05-13,21330.14,20892.92,20087.98,3.93,9.31,多,54.1,151.6,92,🟢 Strong Risk ON,0.95,TOP,🟡 Overbought Watch,0,0,⚪ Inactive,2,2,🟡 Overbought Watch,6.18,1.32,0.0,True,False,False,True,0.37,508,431,https://www.twse.com.tw/rwd/zh/afterTrading/MI_INDEX?type=ALL,https://www.twse.com.tw/rwd/zh/fund/BFI82U
2025-05-14,21782.87,21140.2,20184.24,6.02,9.69,多,75.9,446.9,100,🟢 Strong Risk ON,2.12,TOP,🟡 Overbought Watch,0,0,⚪ Inactive,4,1,🟡 Overbought Watch,7.92,1.35,100.0,True,False,False,True,0.61,731,232,https://www.twse.com.tw/rwd/zh/afterTrading/MI_INDEX?type=ALL,https://www.twse.com.tw/rwd/zh/fund/BFI82U
2025-05-15,21730.25,21377.57,20297.35,5.78,11.62,多,34.0,75.1,70,🟢 Risk ON,-0.24,TOP,🟡 Overbought Watch,0,0,⚪ Inactive,2,2,🟡 Overbought Watch,7.06,1.29,38.1,False,False,False,True,0.74,325,630,https://www.twse.com.tw/rwd/zh/afterTrading/MI_INDEX?type=ALL,https://www.twse.com.tw/rwd/zh/fund/BFI82U
2025-05-16,21843.69,21563.3,20422.6,4.44,12.95,多,56.0,156.9,100,🟢 Strong Risk ON,0.52,TOP,🟡 Overbought Watch,0,0,⚪ Inactive,3,1,🟡 Overbought Watch,6.96,1.34,93.1,True,False,False,True,0.75,527,414,https://www.twse.com.tw/rwd/zh/afterTrading/MI_INDEX?type=ALL,https://www.twse.com.tw/rwd/zh/fund/BFI82U
2025-05-19,21523.83,21642.16,20529.04,1.87,10.98,多,22.2,-130.5,50,🟡 Neutral,-1.46,TOP,🔴 Strong Top Reversal,0,0,⚪ Inactive,0,6,🔴 Strong Top Reversal,4.85,1.19,9.4,False,True,False,True,0.88,217,760,https://www.twse.com.tw/rwd/zh/afterTrading/MI_INDEX?type=ALL,https://www.twse.com.tw/rwd/zh/fund/BFI82U
2025-05-20,21526.03,21681.33,20650.03,0.92,12.67,多,57.9,53.5,95,🟢 Strong Risk ON,0.01,TOP,🟡 Overbought Watch,0,0,⚪ Inactive,1,1,🟡 Overbought Watch,4.24,1.0,3.9,False,False,False,True,0.7,536,390,https://www.twse.com.tw/rwd/zh/afterTrading/MI_INDEX?type=ALL,https://www.twse.com.tw/rwd/zh/fund/BFI82U
2025-05-21,21803.91,21685.54,20800.56,0.1,16.02,多,79.7,302.3,95,🟢 Strong Risk ON,1.29,TOP,🟡 Overbought Watch,0,0,⚪ Inactive,3,0,🟡 Overbought Watch,4.82,1.05,72.7,True,False,False,True,0.56,756,193,https://www.twse.com.tw/rwd/zh/afterTrading/MI_INDEX?type=ALL,https://www.twse.com.tw/rwd/zh/fund/BFI82U
2025-05-22,21670.96,21673.68,20902.15,-0.27,10.35,多,22.9,24.4,59,🟡 Neutral,-0.61,TOP,🟡 Overbought Watch,0,0,⚪ Inactive,0,2,🟡 Overbought Watch,3.68,1.06,57.7,False,False,False,True,0.66,220,741,https://www.twse.com.tw/rwd/zh/afterTrading/MI_INDEX?type=ALL,https://www.twse.com.tw/rwd/zh/fund/BFI82U
2025-05-23,21652.24,21635.39,21010.82,-0.88,11.16,多,47.6,-30.3,55,🟡 Neutral,-0.09,TOP,⚪ Top Watch,0,0,⚪ Inactive,0,0,⚪ Top Watch,3.05,1.02,38.7,False,False,False,False,0.59,435,478,https://www.twse.com.tw/rwd/zh/afterTrading/MI_INDEX?type=ALL,https://www.twse.com.tw/rwd/zh/fund/BFI82U
2025-05-26,21536.57,21637.94,21094.01,0.06,8.37,多,46.7,132.7,70,🟢 Risk ON,-0.53,NORMAL,⚪ Normal,0,0,⚪ Inactive,0,0,⚪ Inactive,2.1,1.03,0.0,False,True,False,False,0.41,435,497,https://www.twse.com.tw/rwd/zh/afterTrading/MI_INDEX?type=ALL,https://www.twse.com.tw/rwd/zh/fund/BFI82U
2025-05-27,21336.54,21600.04,21159.12,-0.88,6.5,多,19.1,-102.7,44,🔴 Risk OFF,-0.93,NORMAL,⚪ Normal,0,0,⚪ Inactive,0,0,⚪ Inactive,0.84,1.15,10.7,False,True,False,False,0.6,186,788,https://www.twse.com.tw/rwd/zh/afterTrading/MI_INDEX?type=ALL,https://www.twse.com.tw/rwd/zh/fund/BFI82U
2025-05-28,21357.72,21510.81,21215.37,-2.05,5.56,多,32.9,-7.9,56,🟡 Neutral,0.1,NORMAL,⚪ Normal,0,0,⚪ Inactive,0,0,⚪ Inactive,0.67,1.17,15.8,False,False,False,False,0.4,307,626,https://www.twse.com.tw/rwd/zh/afterTrading/MI_INDEX?type=ALL,https://www.twse.com.tw/rwd/zh/fund/BFI82U
2025-05-29,21347.3,21446.07,21270.99,-1.49,5.5,多,50.3,-206.7,56,🟡 Neutral,-0.05,NORMAL,⚪ Normal,0,0,⚪ Inactive,0,0,⚪ Inactive,0.36,1.6,0.0,False,False,False,False,0.36,469,463,https://www.twse.com.tw/rwd/zh/afterTrading/MI_INDEX?type=ALL,https://www.twse.com.tw/rwd/zh/fund/BFI82U
2025-06-02,21002.71,21316.17,21281.74,-3.0,1.03,空,12.6,-538.7,21,🔴 Risk OFF,-1.61,NORMAL,⚪ Normal,0,0,⚪ Inactive,0,0,⚪ Inactive,-1.31,1.16,19.6,False,True,False,False,0.71,126,871,https://www.twse.com.tw/rwd/zh/afterTrading/MI_INDEX?type=ALL,https://www.twse.com.tw/rwd/zh/fund/BFI82U
2025-06-03,21126.93,21234.24,21311.44,-1.9,2.89,空,45.1,-132.5,30,🔴 Risk OFF,0.59,NORMAL,⚪ Normal,0,0,⚪ Inactive,0,0,⚪ Inactive,-0.87,1.12,8.5,False,False,False,False,0.79,414,504,https://www.twse.com.tw/rwd/zh/afterTrading/MI_INDEX?type=ALL,https://www.twse.com.tw/rwd/zh/fund/BFI82U
2025-06-04,21618.09,21290.55,21366.21,1.32,5.34,多,83.6,203.4,85,🟢 Strong Risk ON,2.32,NORMAL,⚪ Normal,0,0,⚪ Inactive,0,0,⚪ Inactive,1.18,1.22,100.0,True,False,False,False,1.12,807,158,https://www.twse.com.tw/rwd/zh/afterTrading/MI_INDEX?type=ALL,https://www.twse.com.tw/rwd/zh/fund/BFI82U
2025-06-05,21674.43,21353.89,21422.61,1.48,5.49,多,46.3,0.7,70,🟢 Risk ON,0.26,NORMAL,⚪ Normal,0,0,⚪ Inactive,0,0,⚪ Inactive,1.18,1.04,42.5,True,False,False,False,1.22,425,492,https://www.twse.com.tw/rwd/zh/afterTrading/MI_INDEX?type=ALL,https://www.twse.com.tw/rwd/zh/fund/BFI82U
2025-06-06,21660.66,21416.56,21478.47,1.47,5.44,多,50.8,-136.7,52,🟡 Neutral,-0.06,NORMAL,⚪ Normal,0,0,⚪ Inactive,0,0,⚪ Inactive,0.85,0.87,56.3,False,False,False,False,1.22,471,456,https://www.twse.com.tw/rwd/zh/afterTrading/MI_INDEX?type=ALL,https://www.twse.com.tw/rwd/zh/fund/BFI82U
2025-06-09,21790.29,21574.08,21522.23,3.75,4.18,多,34.1,-0.7,67,🟢 Risk ON,0.6,TOP,⚪ Top Watch,0,0,⚪ Inactive,0,0,⚪ Top Watch,1.25,0.88,48.9,True,False,False,False,1.04,312,604,https://www.twse.com.tw/rwd/zh/afterTrading/MI_INDEX?type=ALL,https://www.twse.com.tw/rwd/zh/fund/BFI82U
2025-06-10,22242.14,21797.12,21577.87,5.28,5.27,多,72.1,399.3,100,🟢 Strong Risk ON,2.07,TOP,🟡 Overbought Watch,0,0,⚪ Inactive,3,0,🟡 Overbought Watch,3.08,1.02,85.9,True,False,False,False,1.51,677,262,https://www.twse.com.tw/rwd/zh/afterTrading/MI_INDEX?type=ALL,https://www.twse.com.tw/rwd/zh/fund/BFI82U
2025-06-11,22470.1,21967.52,21634.86,3.94,5.34,多,53.3,79.3,92,🟢 Strong Risk ON,1.02,TOP,⚪ Top Watch,0,0,⚪ Inactive,0,0,⚪ Top Watch,3.86,1.05,100.0,True,False,False,False,0.98,497,435,https://www.twse.com.tw/rwd/zh/afterTrading/MI_INDEX?type=ALL,https://www.twse.com.tw/rwd/zh/fund/BFI82U
2025-06-12,22287.82,22090.2,21660.11,2.83,2.32,多,46.4,3.5,71,🟢 Risk ON,-0.81,NORMAL,⚪ Normal,0,0,⚪ Inactive,0,0,⚪ Inactive,2.9,0.87,25.0,False,True,False,False,1.11,419,484,https://www.twse.com.tw/rwd/zh/afterTrading/MI_INDEX?type=ALL,https://www.twse.com.tw/rwd/zh/fund/BFI82U
2025-06-13,22072.95,22172.66,21677.25,1.9,1.58,多,15.0,-8.0,52,🟡 Neutral,-0.96,NORMAL,⚪ Normal,0,0,⚪ Inactive,0,0,⚪ Inactive,1.83,0.94,36.4,False,True,False,False,1.32,147,833,https://www.twse.com.tw/rwd/zh/afterTrading/MI_INDEX?type=ALL,https://www.twse.com.tw/rwd/zh/fund/BFI82U
2025-06-16,22049.9,22224.58,21687.56,1.19,0.94,多,60.9,0.1,81,🟢 Strong Risk ON,-0.1,NORMAL,⚪ Normal,0,0,⚪ Inactive,0,0,⚪ Inactive,1.67,0.73,71.7,False,False,False,False,1.29,566,364,https://www.twse.com.tw/rwd/zh/afterTrading/MI_INDEX?type=ALL,https://www.twse.com.tw/rwd/zh/fund/BFI82U
2025-06-17,22211.59,22218.47,21721.94,-0.14,3.2,多,51.5,62.2,77,🟢 Strong Risk ON,0.73,NORMAL,⚪ Normal,0,0,⚪ Inactive,0,0,⚪ Inactive,2.25,0.89,43.7,True,False,False,False,0.89,461,435,https://www.twse.com.tw/rwd/zh/afterTrading/MI_INDEX?type=ALL,https://www.twse.com.tw/rwd/zh/fund/BFI82U
2025-06-18,22356.73,22195.8,21763.48,-0.5,3.86,多,59.5,116.1,85,🟢 Strong Risk ON,0.65,NORMAL,⚪ Normal,0,0,⚪ Inactive,0,0,⚪ Inactive,2.73,0.95,94.9,True,False,False,False,0.79,544,371,https://www.twse.com.tw/rwd/zh/afterTrading/MI_INDEX?type=ALL,https://www.twse.com.tw/rwd/zh/fund/BFI82U
2025-06-19,22003.5,22138.93,21773.46,-1.28,0.92,多,9.5,-213.0,40,🔴 Risk OFF,-1.58,NORMAL,⚪ Normal,0,0,⚪ Inactive,0,0,⚪ Inactive,1.06,0.9,11.0,False,True,False,False,1.06,93,891,https://www.twse.com.tw/rwd/zh/afterTrading/MI_INDEX?type=ALL,https://www.twse.com.tw/rwd/zh/fund/BFI82U
2025-06-20,22045.74,22133.49,21792.2,-0.12,1.73,多,22.6,-49.1,56,🟡 Neutral,0.19,NORMAL,⚪ Normal,0,0,⚪ Inactive,0,0,⚪ Inactive,1.16,1.3,85.9,False,False,False,False,0.82,220,754,https://www.twse.com.tw/rwd/zh/afterTrading/MI_INDEX?type=ALL,https://www.twse.com.tw/rwd/zh/fund/BFI82U
2025-06-23,21732.02,22069.92,21796.19,-1.44,0.37,空,25.2,-148.8,25,🔴 Risk OFF,-1.42,NORMAL,⚪ Normal,0,0,⚪ Inactive,0,0,⚪ Inactive,-0.29,0.87,72.3,False,True,False,False,1.18,244,724,https://www.twse.com.tw/rwd/zh/afterTrading/MI_INDEX?type=ALL,https://www.twse.com.tw/rwd/zh/fund/BFI82U
2025-06-24,22188.76,22065.35,21828.8,-0.1,3.03,多,91.3,292.7,85,🟢 Strong Risk ON,2.1,NORMAL,⚪ Normal,0,0,⚪ Inactive,0,0,⚪ Inactive,1.65,1.09,93.8,True,False,False,False,1.61,916,87,https://www.twse.com.tw/rwd/zh/afterTrading/MI_INDEX?type=ALL,https://www.twse.com.tw/rwd/zh/fund/BFI82U
2025-06-25,22430.61,22080.13,21883.5,0.33,5.13,多,53.0,356.0,87,🟢 Strong Risk ON,1.09,NORMAL,⚪ Normal,0,0,⚪ Inactive,0,0,⚪ Inactive,2.5,0.97,91.3,True,False,False,False,1.66,484,429,https://www.twse.com.tw/rwd/zh/afterTrading/MI_INDEX?type=ALL,https://www.twse.com.tw/rwd/zh/fund/BFI82U
2025-06-26,22492.34,22177.89,21940.23,2.22,5.31,多,73.3,338.5,100,🟢 Strong Risk ON,0.28,NORMAL,⚪ Normal,0,0,⚪ Inactive,0,0,⚪ Inactive,2.52,1.06,51.5,True,False,False,False,1.29,688,250,https://www.twse.com.tw/rwd/zh/afterTrading/MI_INDEX?type=ALL,https://www.twse.com.tw/rwd/zh/fund/BFI82U
2025-06-27,22580.08,22284.76,22001.87,2.42,5.77,多,60.1,333.7,100,🟢 Strong Risk ON,0.39,NORMAL,⚪ Normal,0,0,⚪ Inactive,0,0,⚪ Inactive,2.63,0.99,100.0,False,False,False,False,1.38,564,375,https://www.twse.com.tw/rwd/zh/afterTrading/MI_INDEX?type=ALL,https://www.twse.com.tw/rwd/zh/fund/BFI82U
2025-06-30,22256.02,22389.56,22064.53,2.41,5.97,多,19.2,-24.2,61,🟢 Risk ON,-1.44,NORMAL,⚪ Normal,0,0,⚪ Inactive,0,0,⚪ Inactive,0.87,1.01,0.0,False,True,False,False,1.27,186,783,https://www.twse.com.tw/rwd/zh/afterTrading/MI_INDEX?type=ALL,https://www.twse.com.tw/rwd/zh/fund/BFI82U
2025-07-01,22553.72,22462.55,22135.87,1.64,6.75,多,73.6,482.5,95,🟢 Strong Risk ON,1.34,NORMAL,⚪ Normal,0,0,⚪ Inactive,0,0,⚪ Inactive,1.89,1.08,46.2,False,False,False,False,1.0,683,245,https://www.twse.com.tw/rwd/zh/afterTrading/MI_INDEX?type=ALL,https://www.twse.com.tw/rwd/zh/fund/BFI82U
2025-07-02,22577.74,22491.98,22183.86,0.66,4.44,多,55.3,61.0,91,🟢 Strong Risk ON,0.11,NORMAL,⚪ Normal,0,0,⚪ Inactive,0,0,⚪ Inactive,1.78,0.85,100.0,False,False,False,False,0.77,507,409,https://www.twse.com.tw/rwd/zh/afterTrading/MI_INDEX?type=ALL,https://www.twse.com.tw/rwd/zh/fund/BFI82U
2025-07-03,22712.97,22536.11,22235.78,0.98,4.79,多,77.7,296.2,91,🟢 Strong Risk ON,0.6,NORMAL,⚪ Normal,0,0,⚪ Inactive,0,0,⚪ Inactive,2.15,1.01,10.5,True,False,False,False,0.84,716,206,https://www.twse.com.tw/rwd/zh/afterTrading/MI_INDEX?type=ALL,https://www.twse.com.tw/rwd/zh/fund/BFI82U
2025-07-04,22547.5,22529.59,22280.13,-0.14,4.09,多,13.1,5.5,55,🟡 Neutral,-0.73,NORMAL,⚪ Normal,0,0,⚪ Inactive,0,0,⚪ Inactive,1.2,0.98,13.6,False,True,False,False,0.89,129,856,https://www.twse.com.tw/rwd/zh/afterTrading/MI_INDEX?type=ALL,https://www.twse.com.tw/rwd/zh/fund/BFI82U
2025-07-07,22428.72,22564.13,22312.05,0.78,2.93,多,25.7,-55.8,46,🟡 Neutral,-0.53,NORMAL,⚪ Normal,0,0,⚪ Inactive,0,0,⚪ Inactive,0.52,0.77,52.5,False,True,False,False,0.71,248,716,https://www.twse.com.tw/rwd/zh/afterTrading/MI_INDEX?type=ALL,https://www.twse.com.tw/rwd/zh/fund/BFI82U
2025-07-08,22362.27,22525.84,22318.05,-0.85,0.54,多,24.8,6.4,55,🟡 Neutral,-0.3,NORMAL,⚪ Normal,0,0,⚪ Inactive,0,0,⚪ Inactive,0.2,0.8,92.8,False,False,False,False,0.46,232,704,https://www.twse.com.tw/rwd/zh/afterTrading/MI_INDEX?type=ALL,https://www.twse.com.tw/rwd/zh/fund/BFI82U
2025-07-09,22527.01,22515.69,22320.9,-0.22,0.25,多,60.8,82.5,85,🟢 Strong Risk ON,0.74,NORMAL,⚪ Normal,0,0,⚪ Inactive,0,0,⚪ Inactive,0.92,0.89,100.0,True,False,False,False,0.67,548,354,https://www.twse.com.tw/rwd/zh/afterTrading/MI_INDEX?type=ALL,https://www.twse.com.tw/rwd/zh/fund/BFI82U
2025-07-10,22693.25,22511.75,22341.17,-0.09,1.82,多,41.2,101.1,65,🟢 Risk ON,0.74,NORMAL,⚪ Normal,0,0,⚪ Inactive,0,0,⚪ Inactive,1.58,0.87,96.8,True,False,False,False,0.69,375,535,https://www.twse.com.tw/rwd/zh/afterTrading/MI_INDEX?type=ALL,https://www.twse.com.tw/rwd/zh/fund/BFI82U
2025-07-11,22751.03,22552.46,22375.08,0.9,3.07,多,74.2,170.6,91,🟢 Strong Risk ON,0.25,NORMAL,⚪ Normal,0,0,⚪ Inactive,0,0,⚪ Inactive,1.68,1.38,88.7,True,False,False,False,0.56,687,239,https://www.twse.com.tw/rwd/zh/afterTrading/MI_INDEX?type=ALL,https://www.twse.com.tw/rwd/zh/fund/BFI82U
2025-07-14,22614.97,22589.71,22403.33,0.83,2.56,多,28.6,-27.5,52,🟡 Neutral,-0.6,NORMAL,⚪ Normal,0,0,⚪ Inactive,0,0,⚪ Inactive,0.94,0.78,42.6,False,False,False,False,0.58,269,673,https://www.twse.com.tw/rwd/zh/afterTrading/MI_INDEX?type=ALL,https://www.twse.com.tw/rwd/zh/fund/BFI82U
2025-07-15,22835.94,22684.44,22434.55,2.12,2.81,多,61.5,185.5,96,🟢 Strong Risk ON,0.98,NORMAL,⚪ Normal,0,0,⚪ Inactive,0,0,⚪ Inactive,1.79,0.82,82.6,True,False,False,False,0.81,557,348,https://www.twse.com.tw/rwd/zh/afterTrading/MI_INDEX?type=ALL,https://www.twse.com.tw/rwd/zh/fund/BFI82U
2025-07-16,23042.9,22787.62,22468.85,2.29,3.07,多,60.0,139.0,96,🟢 Strong Risk ON,0.91,NORMAL,⚪ Normal,0,0,⚪ Inactive,0,0,⚪ Inactive,2.55,0.97,65.3,True,False,False,False,0.86,544,362,https://www.twse.com.tw/rwd/zh/afterTrading/MI_INDEX?type=ALL,https://www.twse.com.tw/rwd/zh/fund/BFI82U
2025-07-17,23113.28,22871.62,22524.34,1.85,5.04,多,77.5,4.9,95,🟢 Strong Risk ON,0.31,NORMAL,⚪ Normal,0,0,⚪ Inactive,0,0,⚪ Inactive,2.61,0.94,80.4,True,False,False,False,0.76,721,209,https://www.twse.com.tw/rwd/zh/afterTrading/MI_INDEX?type=ALL,https://www.twse.com.tw/rwd/zh/fund/BFI82U
2025-07-18,23383.13,22998.04,22591.21,2.78,6.07,多,48.4,310.1,85,🟢 Strong Risk ON,1.17,TOP,⚪ Top Watch,0,0,⚪ Inactive,0,0,⚪ Top Watch,3.51,0.92,55.7,True,False,False,False,1.03,445,475,https://www.twse.com.tw/rwd/zh/afterTrading/MI_INDEX?type=ALL,https://www.twse.com.tw/rwd/zh/fund/BFI82U
2025-07-21,23340.56,23143.16,22671.64,3.21,7.4,多,47.9,41.3,75,🟢 Strong Risk ON,-0.18,TOP,⚪ Top Watch,0,0,⚪ Inactive,0,0,⚪ Top Watch,2.95,0.87,60.5,False,False,False,False,0.9,434,473,https://www.twse.com.tw/rwd/zh/afterTrading/MI_INDEX?type=ALL,https://www.twse.com.tw/rwd/zh/fund/BFI82U
2025-07-22,22987.92,23173.56,22711.6,0.67,3.6,多,10.5,100.2,61,🟢 Risk ON,-1.51,NORMAL,⚪ Normal,0,0,⚪ Inactive,0,0,⚪ Inactive,1.22,1.18,0.4,False,True,False,False,1.02,104,888,https://www.twse.com.tw/rwd/zh/afterTrading/MI_INDEX?type=ALL,https://www.twse.com.tw/rwd/zh/fund/BFI82U
2025-07-23,23318.67,23228.71,22756.0,1.2,3.96,多,89.4,84.3,91,🟢 Strong Risk ON,1.44,NORMAL,⚪ Normal,0,0,⚪ Inactive,0,0,⚪ Inactive,2.47,1.05,100.0,False,False,False,False,1.13,879,104,https://www.twse.com.tw/rwd/zh/afterTrading/MI_INDEX?type=ALL,https://www.twse.com.tw/rwd/zh/fund/BFI82U
2025-07-24,23373.73,23280.8,22800.07,1.13,3.92,多,50.6,101.5,83,🟢 Strong Risk ON,0.24,NORMAL,⚪ Normal,0,0,⚪ Inactive,0,0,⚪ Inactive,2.52,1.15,49.1,True,False,False,False,1.21,450,440,https://www.twse.com.tw/rwd/zh/afterTrading/MI_INDEX?type=ALL,https://www.twse.com.tw/rwd/zh/fund/BFI82U
2025-07-25,23364.38,23277.05,22839.29,-0.08,3.47,多,41.3,73.6,55,🟡 Neutral,-0.04,NORMAL,⚪ Normal,0,0,⚪ Inactive,0,0,⚪ Inactive,2.3,0.93,31.6,False,False,False,False,0.85,372,528,https://www.twse.com.tw/rwd/zh/afterTrading/MI_INDEX?type=ALL,https://www.twse.com.tw/rwd/zh/fund/BFI82U
2025-07-28,23412.98,23291.54,22897.13,0.31,5.2,多,53.6,46.8,87,🟢 Strong Risk ON,0.21,NORMAL,⚪ Normal,0,0,⚪ Inactive,0,0,⚪ Inactive,2.25,1.03,29.1,False,False,False,False,0.93,484,419,https://www.twse.com.tw/rwd/zh/afterTrading/MI_INDEX?type=ALL,https://www.twse.com.tw/rwd/zh/fund/BFI82U
2025-07-29,23201.52,23334.26,22929.52,0.93,2.87,多,20.5,-165.3,46,🟡 Neutral,-0.9,NORMAL,⚪ Normal,0,0,⚪ Inactive,0,0,⚪ Inactive,1.19,1.13,32.6,False,True,False,False,0.8,195,754,https://www.twse.com.tw/rwd/zh/afterTrading/MI_INDEX?type=ALL,https://www.twse.com.tw/rwd/zh/fund/BFI82U
2025-07-30,23461.72,23362.87,22973.72,0.61,3.92,多,70.9,141.1,91,🟢 Strong Risk ON,1.12,NORMAL,⚪ Normal,0,0,⚪ Inactive,0,0,⚪ Inactive,2.12,1.07,100.0,True,False,False,False,0.69,640,263,https://www.twse.com.tw/rwd/zh/afterTrading/MI_INDEX?type=ALL,https://www.twse.com.tw/rwd/zh/fund/BFI82U
2025-07-31,23542.52,23396.62,23015.2,0.72,3.65,多,26.4,93.9,71,🟢 Risk ON,0.34,NORMAL,⚪ Normal,0,0,⚪ Inactive,0,0,⚪ Inactive,2.29,1.19,49.9,True,False,False,False,0.72,244,680,https://www.twse.com.tw/rwd/zh/afterTrading/MI_INDEX?type=ALL,https://www.twse.com.tw/rwd/zh/fund/BFI82U
2025-08-01,23434.38,23410.62,23059.54,0.3,3.93,多,65.2,-70.3,66,🟢 Risk ON,-0.46,NORMAL,⚪ Normal,0,0,⚪ Inactive,0,0,⚪ Inactive,1.63,1.07,84.2,False,True,False,False,0.86,610,325,https://www.twse.com.tw/rwd/zh/afterTrading/MI_INDEX?type=ALL,https://www.twse.com.tw/rwd/zh/fund/BFI82U
2025-08-04,23378.94,23403.82,23107.06,-0.15,4.24,多,63.1,113.0,75,🟢 Strong Risk ON,-0.24,NORMAL,⚪ Normal,0,0,⚪ Inactive,0,0,⚪ Inactive,1.18,1.0,100.0,False,False,False,False,0.95,589,345,https://www.twse.com.tw/rwd/zh/afterTrading/MI_INDEX?type=ALL,https://www.twse.com.tw/rwd/zh/fund/BFI82U
2025-08-05,23660.59,23495.63,23171.97,1.98,5.81,多,69.4,114.9,95,🟢 Strong Risk ON,1.2,NORMAL,⚪ Normal,0,0,⚪ Inactive,0,0,⚪ Inactive,2.11,1.06,93.5,True,False,False,False,1.08,643,283,https://www.twse.com.tw/rwd/zh/afterTrading/MI_INDEX?type=ALL,https://www.twse.com.tw/rwd/zh/fund/BFI82U
2025-08-06,23447.36,23492.76,23217.99,-0.06,4.09,多,50.8,-108.2,52,🟡 Neutral,-0.9,NORMAL,⚪ Normal,0,0,⚪ Inactive,0,0,⚪ Inactive,0.99,1.0,11.2,False,True,False,False,0.93,465,451,https://www.twse.com.tw/rwd/zh/afterTrading/MI_INDEX?type=ALL,https://www.twse.com.tw/rwd/zh/fund/BFI82U
2025-08-07,24003.77,23585.01,23283.51,1.96,5.77,多,44.6,432.4,75,🟢 Strong Risk ON,2.37,TOP,⚪ Top Watch,0,0,⚪ Inactive,1,0,⚪ Top Watch,3.09,1.07,86.0,True,False,False,False,1.57,409,509,https://www.twse.com.tw/rwd/zh/afterTrading/MI_INDEX?type=ALL,https://www.twse.com.tw/rwd/zh/fund/BFI82U
2025-08-08,24021.26,23702.38,23347.03,2.5,5.58,多,44.4,-32.6,71,🟢 Risk ON,0.07,NORMAL,⚪ Normal,0,0,⚪ Inactive,0,0,⚪ Inactive,2.89,1.15,32.6,False,False,False,False,1.48,413,518,https://www.twse.com.tw/rwd/zh/afterTrading/MI_INDEX?type=ALL,https://www.twse.com.tw/rwd/zh/fund/BFI82U
2025-08-11,24135.5,23853.7,23423.05,3.24,6.72,多,41.2,-39.9,71,🟢 Risk ON,0.48,TOP,⚪ Top Watch,0,0,⚪ Inactive,1,0,⚪ Top Watch,3.04,1.18,68.6,True,False,False,False,1.59,399,569,https://www.twse.com.tw/rwd/zh/afterTrading/MI_INDEX?type=ALL,https://www.twse.com.tw/rwd/zh/fund/BFI82U
2025-08-12,24158.36,23953.25,23489.17,2.1,5.79,多,60.8,-57.3,85,🟢 Strong Risk ON,0.09,NORMAL,⚪ Normal,0,0,⚪ Inactive,0,0,⚪ Inactive,2.85,1.26,46.8,False,False,False,False,1.15,566,365,https://www.twse.com.tw/rwd/zh/afterTrading/MI_INDEX?type=ALL,https://www.twse.com.tw/rwd/zh/fund/BFI82U
2025-08-13,24370.02,24137.78,23555.53,3.94,5.76,多,49.1,70.4,85,🟢 Strong Risk ON,0.88,TOP,⚪ Top Watch,0,0,⚪ Inactive,0,0,⚪ Top Watch,3.46,1.43,84.3,True,False,False,False,1.13,451,467,https://www.twse.com.tw/rwd/zh/afterTrading/MI_INDEX?type=ALL,https://www.twse.com.tw/rwd/zh/fund/BFI82U
2025-08-14,24238.1,24184.65,23611.77,0.98,4.87,多,65.8,-44.6,72,🟢 Risk ON,-0.54,NORMAL,⚪ Normal,0,0,⚪ Inactive,0,0,⚪ Inactive,2.65,1.28,20.6,False,False,False,False,0.54,614,319,https://www.twse.com.tw/rwd/zh/afterTrading/MI_INDEX?type=ALL,https://www.twse.com.tw/rwd/zh/fund/BFI82U
2025-08-15,24334.48,24247.29,23659.34,1.3,4.07,多,51.9,53.7,83,🟢 Strong Risk ON,0.4,NORMAL,⚪ Normal,0,0,⚪ Inactive,0,0,⚪ Inactive,2.85,1.26,76.9,False,False,False,False,0.63,488,453,https://www.twse.com.tw/rwd/zh/afterTrading/MI_INDEX?type=ALL,https://www.twse.com.tw/rwd/zh/fund/BFI82U
2025-08-18,24482.52,24316.7,23716.44,1.44,4.89,多,59.3,46.4,91,🟢 Strong Risk ON,0.61,TOP,⚪ Top Watch,0,0,⚪ Inactive,0,0,⚪ Top Watch,3.23,1.3,87.2,True,False,False,False,0.67,561,385,https://www.twse.com.tw/rwd/zh/afterTrading/MI_INDEX?type=ALL,https://www.twse.com.tw/rwd/zh/fund/BFI82U
2025-08-19,24353.5,24355.72,23784.71,0.81,5.94,多,30.2,-110.1,50,🟡 Neutral,-0.53,NORMAL,⚪ Normal,0,0,⚪ Inactive,0,0,⚪ Inactive,2.39,1.27,12.9,False,False,False,False,0.83,290,671,https://www.twse.com.tw/rwd/zh/afterTrading/MI_INDEX?type=ALL,https://www.twse.com.tw/rwd/zh/fund/BFI82U
2025-08-20,23625.44,24206.81,23800.05,-3.06,1.32,空,14.1,-626.7,21,🔴 Risk OFF,-2.99,BOTTOM,⚪ Bottom Watch,2,0,⚪ Bottom Watch,0,0,⚪ Inactive,-0.73,1.14,0.8,False,True,False,False,1.43,138,838,https://www.twse.com.tw/rwd/zh/afterTrading/MI_INDEX?type=ALL,https://www.twse.com.tw/rwd/zh/fund/BFI82U
2025-08-21,23962.13,24151.61,23829.47,-1.14,2.52,多,81.2,-100.8,70,🟢 Risk ON,1.43,NORMAL,⚪ Normal,0,0,⚪ Inactive,0,0,⚪ Inactive,0.56,1.02,81.8,False,False,False,False,1.65,762,177,https://www.twse.com.tw/rwd/zh/afterTrading/MI_INDEX?type=ALL,https://www.twse.com.tw/rwd/zh/fund/BFI82U
2025-08-22,23764.47,24037.61,23849.48,-2.34,1.71,空,29.4,-164.0,21,🔴 Risk OFF,-0.82,NORMAL,⚪ Normal,0,0,⚪ Inactive,0,0,⚪ Inactive,-0.36,0.94,0.0,False,False,False,False,1.87,280,671,https://www.twse.com.tw/rwd/zh/afterTrading/MI_INDEX?type=ALL,https://www.twse.com.tw/rwd/zh/fund/BFI82U
2025-08-25,24277.38,23996.58,23892.7,-0.84,3.69,多,69.3,241.1,85,🟢 Strong Risk ON,2.16,NORMAL,⚪ Normal,0,0,⚪ Inactive,0,0,⚪ Inactive,1.61,0.98,66.6,True,False,False,False,2.26,655,290,https://www.twse.com.tw/rwd/zh/afterTrading/MI_INDEX?type=ALL,https://www.twse.com.tw/rwd/zh/fund/BFI82U
2025-08-26,24305.1,23986.9,23947.88,-0.2,4.76,多,44.4,-145.1,50,🟡 Neutral,0.11,NORMAL,⚪ Normal,0,0,⚪ Inactive,0,0,⚪ Inactive,1.49,1.3,71.3,False,False,False,False,2.3,415,520,https://www.twse.com.tw/rwd/zh/afterTrading/MI_INDEX?type=ALL,https://www.twse.com.tw/rwd/zh/fund/BFI82U
2025-08-27,24519.9,24165.8,24000.79,3.79,4.51,多,66.5,-19.5,87,🟢 Strong Risk ON,0.88,TOP,⚪ Top Watch,0,0,⚪ Inactive,0,0,⚪ Top Watch,2.16,1.01,84.6,True,False,False,False,1.48,619,312,https://www.twse.com.tw/rwd/zh/afterTrading/MI_INDEX?type=ALL,https://www.twse.com.tw/rwd/zh/fund/BFI82U
2025-08-28,24236.45,24220.66,24035.48,1.14,2.95,多,48.4,-95.2,51,🟡 Neutral,-1.16,NORMAL,⚪ Normal,0,0,⚪ Inactive,0,0,⚪ Inactive,0.84,1.02,0.0,False,True,False,False,1.3,443,472,https://www.twse.com.tw/rwd/zh/afterTrading/MI_INDEX?type=ALL,https://www.twse.com.tw/rwd/zh/fund/BFI82U
2025-08-29,24233.1,24314.39,24075.42,1.97,3.41,多,42.4,-86.4,46,🟡 Neutral,-0.01,NORMAL,⚪ Normal,0,0,⚪ Inactive,0,0,⚪ Inactive,0.65,1.05,0.0,False,True,False,False,1.04,393,533,https://www.twse.com.tw/rwd/zh/afterTrading/MI_INDEX?type=ALL,https://www.twse.com.tw/rwd/zh/fund/BFI82U
2025-09-01,24071.73,24273.26,24110.06,-0.85,2.96,空,21.5,-76.7,25,🔴 Risk OFF,-0.67,NORMAL,⚪ Normal,0,0,⚪ Inactive,0,0,⚪ Inactive,-0.16,0.97,43.6,False,True,False,False,0.61,209,765,https://www.twse.com.tw/rwd/zh/afterTrading/MI_INDEX?type=ALL,https://www.twse.com.tw/rwd/zh/fund/BFI82U
2025-09-02,24016.78,24215.59,24127.87,-1.19,1.51,空,37.0,77.9,40,🔴 Risk OFF,-0.23,NORMAL,⚪ Normal,0,0,⚪ Inactive,0,0,⚪ Inactive,-0.46,0.88,31.2,False,False,False,False,0.66,344,585,https://www.twse.com.tw/rwd/zh/afterTrading/MI_INDEX?type=ALL,https://www.twse.com.tw/rwd/zh/fund/BFI82U
2025-09-03,24100.3,24131.67,24160.51,-1.71,2.78,空,66.5,82.0,60,🟢 Risk ON,0.35,NORMAL,⚪ Normal,0,0,⚪ Inactive,0,0,⚪ Inactive,-0.25,0.78,98.4,False,False,False,False,0.55,613,309,https://www.twse.com.tw/rwd/zh/afterTrading/MI_INDEX?type=ALL,https://www.twse.com.tw/rwd/zh/fund/BFI82U
2025-09-04,24179.85,24120.35,24169.32,-0.23,0.73,多,66.6,118.1,75,🟢 Strong Risk ON,0.33,NORMAL,⚪ Normal,0,0,⚪ Inactive,0,0,⚪ Inactive,0.04,0.99,5.3,True,False,False,False,0.35,637,319,https://www.twse.com.tw/rwd/zh/afterTrading/MI_INDEX?type=ALL,https://www.twse.com.tw/rwd/zh/fund/BFI82U
2025-09-05,24494.58,24172.65,24192.98,1.08,1.97,多,54.3,282.8,73,🟢 Risk ON,1.3,NORMAL,⚪ Normal,0,0,⚪ Inactive,0,0,⚪ Inactive,1.25,0.95,100.0,True,False,False,False,0.64,509,429,https://www.twse.com.tw/rwd/zh/afterTrading/MI_INDEX?type=ALL,https://www.twse.com.tw/rwd/zh/fund/BFI82U
2025-09-08,24547.38,24267.78,24213.58,1.98,1.71,多,54.1,146.2,83,🟢 Strong Risk ON,0.22,NORMAL,⚪ Normal,0,0,⚪ Inactive,0,0,⚪ Inactive,1.38,1.01,0.0,True,False,False,False,0.53,500,425,https://www.twse.com.tw/rwd/zh/afterTrading/MI_INDEX?type=ALL,https://www.twse.com.tw/rwd/zh/fund/BFI82U
2025-09-09,24855.18,24435.46,24248.42,3.49,2.88,多,42.5,356.5,76,🟢 Strong Risk ON,1.25,TOP,⚪ Top Watch,0,0,⚪ Inactive,0,0,⚪ Top Watch,2.5,1.01,89.2,True,False,False,False,0.8,401,542,https://www.twse.com.tw/rwd/zh/afterTrading/MI_INDEX?type=ALL,https://www.twse.com.tw/rwd/zh/fund/BFI82U
2025-09-10,25192.59,24653.92,24289.55,4.53,3.38,多,41.5,489.5,76,🟢 Strong Risk ON,1.36,TOP,⚪ Top Watch,0,0,⚪ Inactive,0,0,⚪ Top Watch,3.72,1.07,66.7,True,False,False,False,1.06,395,556,https://www.twse.com.tw/rwd/zh/afterTrading/MI_INDEX?type=ALL,https://www.twse.com.tw/rwd/zh/fund/BFI82U
2025-09-11,25215.71,24861.09,24338.43,4.28,4.03,多,15.0,330.0,76,🟢 Strong Risk ON,0.09,TOP,⚪ Top Watch,0,0,⚪ Inactive,0,0,⚪ Top Watch,3.6,1.24,11.3,False,False,False,False,1.15,148,841,https://www.twse.com.tw/rwd/zh/afterTrading/MI_INDEX?type=ALL,https://www.twse.com.tw/rwd/zh/fund/BFI82U
2025-09-12,25474.64,25057.1,24395.44,4.0,4.69,多,65.4,265.4,96,🟢 Strong Risk ON,1.03,TOP,⚪ Top Watch,0,0,⚪ Inactive,0,0,⚪ Top Watch,4.42,1.04,87.6,False,False,False,False,0.99,612,324,https://www.twse.com.tw/rwd/zh/afterTrading/MI_INDEX?type=ALL,https://www.twse.com.tw/rwd/zh/fund/BFI82U
2025-09-15,25357.16,25219.06,24439.17,3.3,3.57,多,33.0,25.5,66,🟢 Risk ON,-0.46,TOP,⚪ Top Watch,0,0,⚪ Inactive,0,0,⚪ Top Watch,3.76,0.89,31.0,False,False,False,False,1.07,312,634,https://www.twse.com.tw/rwd/zh/afterTrading/MI_INDEX?type=ALL,https://www.twse.com.tw/rwd/zh/fund/BFI82U
2025-09-16,25629.64,25373.95,24502.98,3.12,5.24,多,55.1,270.0,100,🟢 Strong Risk ON,1.07,TOP,⚪ Top Watch,0,0,⚪ Inactive,0,0,⚪ Top Watch,4.6,1.02,89.3,True,False,False,False,0.95,520,423,https://www.twse.com.tw/rwd/zh/afterTrading/MI_INDEX?type=ALL,https://www.twse.com.tw/rwd/zh/fund/BFI82U
2025-09-17,25438.25,25423.08,24593.62,0.98,7.67,多,42.2,-57.3,50,🟡 Neutral,-0.75,TOP,⚪ Top Watch,0,0,⚪ Inactive,0,0,⚪ Top Watch,3.43,1.07,7.3,False,False,False,False,0.78,396,542,https://www.twse.com.tw/rwd/zh/afterTrading/MI_INDEX?type=ALL,https://www.twse.com.tw/rwd/zh/fund/BFI82U
2025-09-18,25769.36,25533.81,24683.98,2.2,7.54,多,69.2,121.5,100,🟢 Strong Risk ON,1.3,TOP,⚪ Top Watch,0,0,⚪ Inactive,0,0,⚪ Top Watch,4.4,1.15,100.0,True,False,False,False,1.09,653,290,https://www.twse.com.tw/rwd/zh/afterTrading/MI_INDEX?type=ALL,https://www.twse.com.tw/rwd/zh/fund/BFI82U
2025-09-19,25578.37,25554.56,24774.67,0.41,7.63,多,46.6,-157.5,55,🟡 Neutral,-0.74,TOP,⚪ Top Watch,0,0,⚪ Inactive,0,0,⚪ Top Watch,3.24,1.45,0.0,False,False,False,False,0.99,449,514,https://www.twse.com.tw/rwd/zh/afterTrading/MI_INDEX?type=ALL,https://www.twse.com.tw/rwd/zh/fund/BFI82U
2025-09-22,25880.6,25659.24,24854.83,2.06,6.6,多,50.6,-66.5,77,🟢 Strong Risk ON,1.18,TOP,⚪ Top Watch,0,0,⚪ Inactive,0,0,⚪ Top Watch,4.13,1.01,97.5,True,False,False,False,1.16,481,470,https://www.twse.com.tw/rwd/zh/afterTrading/MI_INDEX?type=ALL,https://www.twse.com.tw/rwd/zh/fund/BFI82U
2025-09-23,26247.37,25782.79,24951.95,2.41,7.99,多,32.2,106.4,80,🟢 Strong Risk ON,1.42,TOP,⚪ Top Watch,0,0,⚪ Inactive,0,0,⚪ Top Watch,5.19,1.11,77.4,True,False,False,False,1.2,303,638,https://www.twse.com.tw/rwd/zh/afterTrading/MI_INDEX?type=ALL,https://www.twse.com.tw/rwd/zh/fund/BFI82U
2025-09-24,26196.73,25934.49,25035.79,2.98,6.84,多,45.1,-129.5,60,🟢 Risk ON,-0.19,TOP,⚪ Top Watch,0,0,⚪ Inactive,0,0,⚪ Top Watch,4.64,1.0,43.4,False,False,False,False,1.23,418,508,https://www.twse.com.tw/rwd/zh/afterTrading/MI_INDEX?type=ALL,https://www.twse.com.tw/rwd/zh/fund/BFI82U
2025-09-25,26023.85,25985.38,25125.16,0.99,7.37,多,50.1,1.1,77,🟢 Strong Risk ON,-0.66,TOP,⚪ Top Watch,0,0,⚪ Inactive,0,0,⚪ Top Watch,3.58,1.23,0.0,False,True,False,False,1.08,452,451,https://www.twse.com.tw/rwd/zh/afterTrading/MI_INDEX?type=ALL,https://www.twse.com.tw/rwd/zh/fund/BFI82U
2025-09-26,25580.32,25985.77,25192.52,0.01,5.56,多,11.7,-251.6,50,🟡 Neutral,-1.7,NORMAL,⚪ Normal,0,0,⚪ Inactive,0,0,⚪ Inactive,1.54,1.0,21.0,False,True,False,False,1.33,115,870,https://www.twse.com.tw/rwd/zh/afterTrading/MI_INDEX?type=ALL,https://www.twse.com.tw/rwd/zh/fund/BFI82U
2025-09-30,25820.54,25973.76,25279.96,-0.23,7.26,多,78.6,65.5,89,🟢 Strong Risk ON,0.94,NORMAL,⚪ Normal,0,0,⚪ Inactive,0,0,⚪ Inactive,2.14,0.82,34.6,False,False,False,False,1.36,752,205,https://www.twse.com.tw/rwd/zh/afterTrading/MI_INDEX?type=ALL,https://www.twse.com.tw/rwd/zh/fund/BFI82U
2025-10-01,25982.91,25920.87,25378.27,-1.01,8.19,多,35.6,126.6,69,🟢 Risk ON,0.63,NORMAL,⚪ Normal,0,0,⚪ Inactive,0,0,⚪ Inactive,2.38,0.95,0.0,True,False,False,False,1.04,329,596,https://www.twse.com.tw/rwd/zh/afterTrading/MI_INDEX?type=ALL,https://www.twse.com.tw/rwd/zh/fund/BFI82U
2025-10-02,26378.39,25957.2,25492.17,0.69,9.45,多,34.5,234.1,75,🟢 Strong Risk ON,1.52,TOP,⚪ Top Watch,0,0,⚪ Inactive,0,0,⚪ Top Watch,3.48,0.99,30.2,True,False,False,False,1.44,319,606,https://www.twse.com.tw/rwd/zh/afterTrading/MI_INDEX?type=ALL,https://www.twse.com.tw/rwd/zh/fund/BFI82U
2025-10-03,26761.06,26104.64,25621.23,2.83,10.68,多,41.3,169.6,80,🟢 Strong Risk ON,1.45,TOP,⚪ Top Watch,0,0,⚪ Inactive,1,0,⚪ Top Watch,4.45,0.89,100.0,True,False,False,False,1.71,380,541,https://www.twse.com.tw/rwd/zh/afterTrading/MI_INDEX?type=ALL,https://www.twse.com.tw/rwd/zh/fund/BFI82U
2025-10-07,27211.95,26430.97,25757.1,6.38,11.09,多,62.2,6.8,100,🟢 Strong Risk ON,1.68,TOP,⚪ Top Watch,0,0,⚪ Inactive,1,0,⚪ Top Watch,5.65,1.06,68.5,True,False,False,False,1.53,580,353,https://www.twse.com.tw/rwd/zh/afterTrading/MI_INDEX?type=ALL,https://www.twse.com.tw/rwd/zh/fund/BFI82U
2025-10-08,27063.68,26679.6,25882.91,4.81,10.25,多,47.7,-140.9,60,🟢 Risk ON,-0.54,TOP,⚪ Top Watch,0,0,⚪ Inactive,0,0,⚪ Top Watch,4.56,1.0,79.4,False,False,False,False,1.41,448,491,https://www.twse.com.tw/rwd/zh/afterTrading/MI_INDEX?type=ALL,https://www.twse.com.tw/rwd/zh/fund/BFI82U
2025-10-09,27301.92,26943.4,26005.25,5.08,9.84,多,43.7,44.5,80,🟢 Strong Risk ON,0.88,TOP,⚪ Top Watch,0,0,⚪ Inactive,0,0,⚪ Top Watch,4.99,1.24,23.3,True,False,False,False,1.43,413,532,https://www.twse.com.tw/rwd/zh/afterTrading/MI_INDEX?type=ALL,https://www.twse.com.tw/rwd/zh/fund/BFI82U
2025-10-13,26923.42,27052.41,26091.79,2.07,6.87,多,23.3,-563.1,55,🟡 Neutral,-1.39,TOP,⚪ Top Watch,0,0,⚪ Inactive,0,0,⚪ Top Watch,3.19,1.07,91.5,False,True,False,False,1.31,234,769,https://www.twse.com.tw/rwd/zh/afterTrading/MI_INDEX?type=ALL,https://www.twse.com.tw/rwd/zh/fund/BFI82U
2025-10-14,26793.15,27058.82,26170.67,0.12,6.26,多,24.6,-163.5,50,🟡 Neutral,-0.48,NORMAL,⚪ Normal,0,0,⚪ Inactive,0,0,⚪ Inactive,2.38,1.4,3.9,False,False,False,False,1.03,241,738,https://www.twse.com.tw/rwd/zh/afterTrading/MI_INDEX?type=ALL,https://www.twse.com.tw/rwd/zh/fund/BFI82U
2025-10-15,27275.71,27071.58,26260.72,0.23,7.07,多,52.4,-151.0,72,🟢 Risk ON,1.8,TOP,⚪ Top Watch,0,0,⚪ Inactive,0,0,⚪ Top Watch,3.87,0.96,100.0,False,False,False,False,1.04,506,459,https://www.twse.com.tw/rwd/zh/afterTrading/MI_INDEX?type=ALL,https://www.twse.com.tw/rwd/zh/fund/BFI82U
2025-10-16,27647.87,27188.41,26375.25,2.16,9.03,多,74.7,129.6,100,🟢 Strong Risk ON,1.36,TOP,⚪ Top Watch,0,0,⚪ Inactive,2,0,⚪ Top Watch,4.83,1.01,78.5,True,False,False,False,1.18,720,244,https://www.twse.com.tw/rwd/zh/afterTrading/MI_INDEX?type=ALL,https://www.twse.com.tw/rwd/zh/fund/BFI82U
2025-10-17,27302.37,27188.5,26458.89,0.0,6.53,多,36.9,-220.0,50,🟡 Neutral,-1.25,TOP,⚪ Top Watch,0,0,⚪ Inactive,0,0,⚪ Top Watch,3.19,0.96,0.0,False,True,False,False,1.28,352,601,https://www.twse.com.tw/rwd/zh/afterTrading/MI_INDEX?type=ALL,https://www.twse.com.tw/rwd/zh/fund/BFI82U
2025-10-20,27688.63,27341.55,26571.41,2.84,8.85,多,47.7,142.2,85,🟢 Strong Risk ON,1.41,TOP,⚪ Top Watch,0,0,⚪ Inactive,0,0,⚪ Top Watch,4.2,0.91,77.6,True,False,False,False,1.29,448,492,https://www.twse.com.tw/rwd/zh/afterTrading/MI_INDEX?type=ALL,https://www.twse.com.tw/rwd/zh/fund/BFI82U
2025-10-21,27752.41,27533.4,26670.56,3.58,7.7,多,58.5,-2.4,91,🟢 Strong Risk ON,0.23,TOP,⚪ Top Watch,0,0,⚪ Inactive,0,0,⚪ Top Watch,4.06,0.92,4.4,False,False,False,False,1.21,540,383,https://www.twse.com.tw/rwd/zh/afterTrading/MI_INDEX?type=ALL,https://www.twse.com.tw/rwd/zh/fund/BFI82U
2025-10-22,27648.91,27608.04,26774.09,1.37,8.09,多,71.6,-224.1,70,🟢 Risk ON,-0.37,TOP,⚪ Top Watch,0,0,⚪ Inactive,2,0,⚪ Top Watch,3.27,0.85,67.3,False,True,False,False,0.89,682,270,https://www.twse.com.tw/rwd/zh/afterTrading/MI_INDEX?type=ALL,https://www.twse.com.tw/rwd/zh/fund/BFI82U
2025-10-23,27532.26,27584.92,26856.67,-0.42,6.38,多,31.7,-239.4,44,🔴 Risk OFF,-0.42,NORMAL,⚪ Normal,0,0,⚪ Inactive,0,0,⚪ Inactive,2.52,0.84,74.6,False,False,False,False,0.68,299,643,https://www.twse.com.tw/rwd/zh/afterTrading/MI_INDEX?type=ALL,https://www.twse.com.tw/rwd/zh/fund/BFI82U
2025-10-27,27993.63,27723.17,26943.99,2.53,6.65,多,53.4,326.4,92,🟢 Strong Risk ON,1.68,TOP,⚪ Top Watch,0,0,⚪ Inactive,0,0,⚪ Top Watch,3.9,1.09,0.0,True,False,False,False,0.75,515,449,https://www.twse.com.tw/rwd/zh/afterTrading/MI_INDEX?type=ALL,https://www.twse.com.tw/rwd/zh/fund/BFI82U
2025-10-28,27949.11,27775.26,27031.6,0.94,6.69,多,23.6,-271.1,50,🟡 Neutral,-0.16,TOP,⚪ Top Watch,0,0,⚪ Inactive,0,0,⚪ Top Watch,3.39,1.1,31.4,False,True,False,False,0.51,230,745,https://www.twse.com.tw/rwd/zh/afterTrading/MI_INDEX?type=ALL,https://www.twse.com.tw/rwd/zh/fund/BFI82U
2025-10-29,28294.74,27883.73,27145.15,1.95,8.73,多,44.2,71.9,75,🟢 Strong Risk ON,1.24,TOP,⚪ Top Watch,0,0,⚪ Inactive,0,0,⚪ Top Watch,4.23,1.1,60.7,True,False,False,False,0.72,409,517,https://www.twse.com.tw/rwd/zh/afterTrading/MI_INDEX?type=ALL,https://www.twse.com.tw/rwd/zh/fund/BFI82U
2025-10-30,28287.53,28011.45,27280.51,2.31,10.58,多,31.1,16.6,70,🟢 Risk ON,-0.03,TOP,⚪ Top Watch,0,0,⚪ Inactive,0,0,⚪ Top Watch,3.69,1.13,41.6,False,False,False,False,0.67,301,667,https://www.twse.com.tw/rwd/zh/afterTrading/MI_INDEX?type=ALL,https://www.twse.com.tw/rwd/zh/fund/BFI82U
2025-10-31,28233.35,28151.67,27401.15,2.55,9.34,多,39.6,-284.0,55,🟡 Neutral,-0.19,TOP,⚪ Top Watch,0,0,⚪ Inactive,0,0,⚪ Top Watch,3.04,0.97,0.0,False,False,False,False,0.65,376,573,https://www.twse.com.tw/rwd/zh/afterTrading/MI_INDEX?type=ALL,https://www.twse.com.tw/rwd/zh/fund/BFI82U
2025-11-03,28334.59,28219.86,27518.73,1.22,9.05,多,44.1,-84.5,60,🟢 Risk ON,0.36,NORMAL,⚪ Normal,0,0,⚪ Inactive,0,0,⚪ Inactive,2.96,0.85,53.4,False,False,False,False,0.38,423,536,https://www.twse.com.tw/rwd/zh/afterTrading/MI_INDEX?type=ALL,https://www.twse.com.tw/rwd/zh/fund/BFI82U
2025-11-04,28116.56,28253.35,27605.64,0.6,6.59,多,22.6,-76.3,50,🟡 Neutral,-0.77,NORMAL,⚪ Normal,0,0,⚪ Inactive,0,0,⚪ Inactive,1.85,0.91,15.9,False,True,False,False,0.5,221,756,https://www.twse.com.tw/rwd/zh/afterTrading/MI_INDEX?type=ALL,https://www.twse.com.tw/rwd/zh/fund/BFI82U
2025-11-05,27717.06,28137.82,27653.44,-2.04,3.57,多,36.4,-575.3,36,🔴 Risk OFF,-1.42,NORMAL,⚪ Normal,0,0,⚪ Inactive,0,0,⚪ Inactive,0.23,0.88,80.7,False,True,False,False,0.52,349,610,https://www.twse.com.tw/rwd/zh/afterTrading/MI_INDEX?type=ALL,https://www.twse.com.tw/rwd/zh/fund/BFI82U
2025-11-06,27899.45,28060.2,27687.82,-1.37,2.53,多,77.5,-51.6,70,🟢 Risk ON,0.66,NORMAL,⚪ Normal,0,0,⚪ Inactive,0,0,⚪ Inactive,0.76,0.89,10.9,True,False,False,False,0.7,756,220,https://www.twse.com.tw/rwd/zh/afterTrading/MI_INDEX?type=ALL,https://www.twse.com.tw/rwd/zh/fund/BFI82U
2025-11-07,27651.41,27943.81,27717.2,-2.06,2.17,空,28.7,-353.6,21,🔴 Risk OFF,-0.89,NORMAL,⚪ Normal,0,0,⚪ Inactive,0,0,⚪ Inactive,-0.24,0.94,15.2,False,True,False,False,0.87,279,694,https://www.twse.com.tw/rwd/zh/afterTrading/MI_INDEX?type=ALL,https://www.twse.com.tw/rwd/zh/fund/BFI82U
2025-11-10,27869.51,27850.8,27745.58,-1.64,2.08,多,37.8,-52.9,50,🟡 Neutral,0.79,NORMAL,⚪ Normal,0,0,⚪ Inactive,0,0,⚪ Inactive,0.45,0.9,63.8,True,False,False,False,0.98,360,593,https://www.twse.com.tw/rwd/zh/afterTrading/MI_INDEX?type=ALL,https://www.twse.com.tw/rwd/zh/fund/BFI82U
2025-11-11,27784.95,27784.48,27788.66,-1.18,3.2,空,43.2,-173.7,15,🔴 Risk OFF,-0.3,NORMAL,⚪ Normal,0,0,⚪ Inactive,0,0,⚪ Inactive,-0.01,1.17,0.0,False,False,False,False,0.92,412,542,https://www.twse.com.tw/rwd/zh/afterTrading/MI_INDEX?type=ALL,https://www.twse.com.tw/rwd/zh/fund/BFI82U
2025-11-12,27947.09,27830.48,27846.36,0.83,4.31,多,74.6,-84.8,66,🟢 Risk ON,0.58,NORMAL,⚪ Normal,0,0,⚪ Inactive,0,0,⚪ Inactive,0.36,1.16,54.1,False,False,False,False,0.73,723,246,https://www.twse.com.tw/rwd/zh/afterTrading/MI_INDEX?type=ALL,https://www.twse.com.tw/rwd/zh/fund/BFI82U
2025-11-13,27903.56,27831.3,27877.75,0.01,2.3,多,51.8,-66.4,48,🟡 Neutral,-0.16,NORMAL,⚪ Normal,0,0,⚪ Inactive,0,0,⚪ Inactive,0.09,1.46,40.5,False,False,False,False,0.65,495,461,https://www.twse.com.tw/rwd/zh/afterTrading/MI_INDEX?type=ALL,https://www.twse.com.tw/rwd/zh/fund/BFI82U
2025-11-14,27397.5,27780.52,27865.23,-0.92,-0.91,空,27.4,-604.0,11,🔴 Risk OFF,-1.81,NORMAL,⚪ Normal,0,0,⚪ Inactive,0,0,⚪ Inactive,-1.68,1.12,3.3,False,True,False,False,0.86,264,698,https://www.twse.com.tw/rwd/zh/afterTrading/MI_INDEX?type=ALL,https://www.twse.com.tw/rwd/zh/fund/BFI82U
2025-11-17,27447.31,27696.08,27872.48,-1.51,0.53,空,28.7,73.4,40,🔴 Risk OFF,0.18,NORMAL,⚪ Normal,0,0,⚪ Inactive,0,0,⚪ Inactive,-1.53,1.03,0.0,False,False,False,False,0.72,280,694,https://www.twse.com.tw/rwd/zh/afterTrading/MI_INDEX?type=ALL,https://www.twse.com.tw/rwd/zh/fund/BFI82U
2025-11-18,26756.12,27490.32,27825.85,-3.7,-3.37,空,9.7,-485.4,7,🔴 Risk OFF,-2.52,BOTTOM,⚪ Bottom Watch,2,0,⚪ Bottom Watch,0,0,⚪ Inactive,-3.84,1.17,0.0,False,True,False,False,1.33,98,911,https://www.twse.com.tw/rwd/zh/afterTrading/MI_INDEX?type=ALL,https://www.twse.com.tw/rwd/zh/fund/BFI82U
2025-11-19,26580.12,27216.92,27767.24,-4.89,-4.22,空,28.1,-256.9,2,🔴 Risk OFF,-0.66,BOTTOM,⚪ Bottom Watch,2,0,⚪ Bottom Watch,0,0,⚪ Inactive,-4.28,0.95,0.0,False,True,False,False,1.34,270,691,https://www.twse.com.tw/rwd/zh/afterTrading/MI_INDEX?type=ALL,https://www.twse.com.tw/rwd/zh/fund/BFI82U
2025-11-20,27426.36,27121.48,27756.11,-1.71,-0.8,空,85.1,131.1,51,🟡 Neutral,3.18,TOP,🟡 Overbought Watch,0,0,⚪ Inactive,4,0,🟡 Overbought Watch,-1.19,1.03,78.3,True,False,False,True,2.34,842,147,https://www.twse.com.tw/rwd/zh/afterTrading/MI_INDEX?type=ALL,https://www.twse.com.tw/rwd/zh/fund/BFI82U
2025-11-21,26434.94,26928.97,27701.24,-3.51,-3.99,空,15.2,-916.0,2,🔴 Risk OFF,-3.61,BOTTOM,🟣 Oversold Watch,4,0,🟣 Oversold Watch,0,0,⚪ Inactive,-4.57,0.84,9.1,False,True,True,True,2.76,149,829,https://www.twse.com.tw/rwd/zh/afterTrading/MI_INDEX?type=ALL,https://www.twse.com.tw/rwd/zh/fund/BFI82U
2025-11-24,26504.24,26740.36,27626.77,-3.44,-5.32,空,72.8,-299.6,30,🔴 Risk OFF,0.26,BOTTOM,🟣 Oversold Watch,1,2,🟣 Oversold Watch,0,0,⚪ Inactive,-4.06,1.29,7.8,False,False,True,True,3.0,703,263,https://www.twse.com.tw/rwd/zh/afterTrading/MI_INDEX?type=ALL,https://www.twse.com.tw/rwd/zh/fund/BFI82U
2025-11-25,26912.17,26771.57,27574.93,0.58,-3.71,空,70.0,63.4,57,🟡 Neutral,1.54,BOTTOM,🟠 Bottom Reversal Attempt,1,5,🟠 Bottom Reversal Attempt,0,0,⚪ Inactive,-2.4,0.77,36.5,True,False,True,True,2.51,668,286,https://www.twse.com.tw/rwd/zh/afterTrading/MI_INDEX?type=ALL,https://www.twse.com.tw/rwd/zh/fund/BFI82U
2025-11-26,27409.54,26937.45,27530.67,3.12,-3.13,空,86.1,124.2,62,🟢 Risk ON,1.85,TOP,🟡 Overbought Watch,0,0,⚪ Inactive,3,0,🟡 Overbought Watch,-0.44,0.84,100.0,True,False,True,True,2.75,860,139,https://www.twse.com.tw/rwd/zh/afterTrading/MI_INDEX?type=ALL,https://www.twse.com.tw/rwd/zh/fund/BFI82U
2025-11-27,27554.53,26963.08,27494.02,0.47,-2.59,多,56.1,134.5,72,🟢 Risk ON,0.53,BOTTOM,🟠 Bottom Reversal Attempt,1,5,🟠 Bottom Reversal Attempt,0,0,⚪ Inactive,0.22,0.77,53.0,True,False,True,False,1.73,529,414,https://www.twse.com.tw/rwd/zh/afterTrading/MI_INDEX?type=ALL,https://www.twse.com.tw/rwd/zh/fund/BFI82U
2025-11-28,27626.48,27201.39,27463.67,4.51,-2.15,多,60.2,-194.7,62,🟢 Risk ON,0.26,TOP,⚪ Top Watch,0,0,⚪ Inactive,0,0,⚪ Top Watch,0.59,0.85,26.2,False,False,False,False,0.84,566,374,https://www.twse.com.tw/rwd/zh/afterTrading/MI_INDEX?type=ALL,https://www.twse.com.tw/rwd/zh/fund/BFI82U
2025-12-01,27342.53,27369.05,27414.07,3.16,-3.5,空,31.6,-243.5,17,🔴 Risk OFF,-1.03,TOP,⚪ Top Watch,0,0,⚪ Inactive,0,0,⚪ Top Watch,-0.26,0.82,0.0,False,True,False,False,1.05,307,663,https://www.twse.com.tw/rwd/zh/afterTrading/MI_INDEX?type=ALL,https://www.twse.com.tw/rwd/zh/fund/BFI82U
2025-12-02,27564.27,27499.47,27386.46,2.42,-1.96,多,58.4,135.8,87,🟢 Strong Risk ON,0.81,NORMAL,⚪ Normal,0,0,⚪ Inactive,0,0,⚪ Inactive,0.65,0.91,32.9,False,False,False,False,0.85,550,392,https://www.twse.com.tw/rwd/zh/afterTrading/MI_INDEX?type=ALL,https://www.twse.com.tw/rwd/zh/fund/BFI82U
2025-12-03,27793.04,27576.17,27390.26,1.4,0.27,多,63.3,162.1,86,🟢 Strong Risk ON,0.83,NORMAL,⚪ Normal,0,0,⚪ Inactive,0,0,⚪ Inactive,1.47,0.82,77.4,True,False,False,False,0.64,599,348,https://www.twse.com.tw/rwd/zh/afterTrading/MI_INDEX?type=ALL,https://www.twse.com.tw/rwd/zh/fund/BFI82U
2025-12-04,27795.71,27624.41,27385.07,0.88,-0.37,多,57.6,103.5,82,🟢 Strong Risk ON,0.01,NORMAL,⚪ Normal,0,0,⚪ Inactive,0,0,⚪ Inactive,1.5,0.78,65.3,False,False,False,False,0.53,531,391,https://www.twse.com.tw/rwd/zh/afterTrading/MI_INDEX?type=ALL,https://www.twse.com.tw/rwd/zh/fund/BFI82U
2025-12-05,27980.89,27695.29,27401.54,1.28,1.19,多,35.5,368.8,66,🟢 Risk ON,0.67,NORMAL,⚪ Normal,0,0,⚪ Inactive,0,0,⚪ Inactive,2.11,0.84,100.0,True,False,False,False,0.6,339,615,https://www.twse.com.tw/rwd/zh/afterTrading/MI_INDEX?type=ALL,https://www.twse.com.tw/rwd/zh/fund/BFI82U
2025-12-08,28303.78,27887.54,27423.26,3.52,1.56,多,46.6,140.9,81,🟢 Strong Risk ON,1.15,TOP,⚪ Top Watch,0,0,⚪ Inactive,0,0,⚪ Top Watch,3.21,0.9,100.0,True,False,False,False,0.6,440,504,https://www.twse.com.tw/rwd/zh/afterTrading/MI_INDEX?type=ALL,https://www.twse.com.tw/rwd/zh/fund/BFI82U
2025-12-09,28182.6,28011.2,27443.14,2.24,1.43,多,44.1,-58.9,51,🟡 Neutral,-0.43,NORMAL,⚪ Normal,0,0,⚪ Inactive,0,0,⚪ Inactive,2.69,1.08,10.9,False,False,False,False,0.54,417,528,https://www.twse.com.tw/rwd/zh/afterTrading/MI_INDEX?type=ALL,https://www.twse.com.tw/rwd/zh/fund/BFI82U
2025-12-10,28400.73,28132.74,27465.82,2.19,1.62,多,36.4,196.1,76,🟢 Strong Risk ON,0.77,TOP,⚪ Top Watch,0,0,⚪ Inactive,0,0,⚪ Top Watch,3.4,1.06,92.8,True,False,False,False,0.54,346,605,https://www.twse.com.tw/rwd/zh/afterTrading/MI_INDEX?type=ALL,https://www.twse.com.tw/rwd/zh/fund/BFI82U
2025-12-11,28024.75,28178.55,27471.88,0.82,0.43,多,45.0,-189.8,51,🟡 Neutral,-1.32,NORMAL,⚪ Normal,0,0,⚪ Inactive,0,0,⚪ Inactive,2.01,0.95,6.9,False,True,False,False,0.8,420,513,https://www.twse.com.tw/rwd/zh/afterTrading/MI_INDEX?type=ALL,https://www.twse.com.tw/rwd/zh/fund/BFI82U
2025-12-12,28198.02,28221.98,27511.91,0.78,2.92,多,60.2,166.2,91,🟢 Strong Risk ON,0.62,NORMAL,⚪ Normal,0,0,⚪ Inactive,0,0,⚪ Inactive,2.49,1.1,63.1,False,False,False,False,0.8,556,368,https://www.twse.com.tw/rwd/zh/afterTrading/MI_INDEX?type=ALL,https://www.twse.com.tw/rwd/zh/fund/BFI82U
2025-12-15,27866.94,28134.61,27532.89,-1.54,1.53,多,53.2,-489.9,52,🟡 Neutral,-1.17,NORMAL,⚪ Normal,0,0,⚪ Inactive,0,0,⚪ Inactive,1.21,0.96,41.9,False,True,False,False,0.79,510,449,https://www.twse.com.tw/rwd/zh/afterTrading/MI_INDEX?type=ALL,https://www.twse.com.tw/rwd/zh/fund/BFI82U
2025-12-16,27536.66,28005.42,27571.91,-2.29,2.92,空,22.4,-595.0,21,🔴 Risk OFF,-1.19,NORMAL,⚪ Normal,0,0,⚪ Inactive,0,0,⚪ Inactive,-0.13,1.19,47.0,False,True,False,False,0.92,222,770,https://www.twse.com.tw/rwd/zh/afterTrading/MI_INDEX?type=ALL,https://www.twse.com.tw/rwd/zh/fund/BFI82U
2025-12-17,27525.17,27830.31,27619.17,-3.08,3.56,空,44.0,-354.3,21,🔴 Risk OFF,-0.04,BOTTOM,⚪ Bottom Watch,0,0,⚪ Bottom Watch,0,0,⚪ Inactive,-0.34,1.28,17.9,False,False,False,False,0.78,415,529,https://www.twse.com.tw/rwd/zh/afterTrading/MI_INDEX?type=ALL,https://www.twse.com.tw/rwd/zh/fund/BFI82U
2025-12-18,27468.53,27719.06,27621.28,-1.98,0.15,空,37.5,-268.4,25,🔴 Risk OFF,-0.21,NORMAL,⚪ Normal,0,0,⚪ Inactive,0,0,⚪ Inactive,-0.55,1.1,53.9,False,True,False,False,0.55,349,582,https://www.twse.com.tw/rwd/zh/afterTrading/MI_INDEX?type=ALL,https://www.twse.com.tw/rwd/zh/fund/BFI82U
2025-12-19,27696.35,27618.73,27684.35,-1.78,4.77,多,76.9,-1.2,66,🟢 Risk ON,0.83,NORMAL,⚪ Normal,0,0,⚪ Inactive,0,0,⚪ Inactive,0.04,1.29,12.3,True,False,False,False,0.62,734,220,https://www.twse.com.tw/rwd/zh/afterTrading/MI_INDEX?type=ALL,https://www.twse.com.tw/rwd/zh/fund/BFI82U
2025-12-22,28149.64,27675.27,27766.62,1.01,6.21,多,72.3,226.2,85,🟢 Strong Risk ON,1.64,NORMAL,⚪ Normal,0,0,⚪ Inactive,0,0,⚪ Inactive,1.38,1.13,89.5,True,False,False,False,0.67,683,262,https://www.twse.com.tw/rwd/zh/afterTrading/MI_INDEX?type=ALL,https://www.twse.com.tw/rwd/zh/fund/BFI82U
2025-12-23,28310.47,27830.03,27836.53,2.81,5.2,多,37.7,-81.7,55,🟡 Neutral,0.57,NORMAL,⚪ Normal,0,0,⚪ Inactive,0,0,⚪ Inactive,1.7,1.04,71.0,True,False,False,False,0.6,347,574,https://www.twse.com.tw/rwd/zh/afterTrading/MI_INDEX?type=ALL,https://www.twse.com.tw/rwd/zh/fund/BFI82U
2025-12-24,28371.98,27999.39,27884.65,3.08,3.51,多,34.8,-38.0,67,🟢 Risk ON,0.22,TOP,⚪ Top Watch,0,0,⚪ Inactive,0,0,⚪ Top Watch,1.75,1.04,44.4,True,False,False,False,0.65,326,612,https://www.twse.com.tw/rwd/zh/afterTrading/MI_INDEX?type=ALL,https://www.twse.com.tw/rwd/zh/fund/BFI82U
2025-12-26,28556.02,28216.89,27934.73,3.96,3.63,多,49.2,84.2,81,🟢 Strong Risk ON,0.65,TOP,⚪ Top Watch,0,0,⚪ Inactive,0,0,⚪ Top Watch,2.22,1.01,81.3,True,False,False,False,0.85,463,478,https://www.twse.com.tw/rwd/zh/afterTrading/MI_INDEX?type=ALL,https://www.twse.com.tw/rwd/zh/fund/BFI82U
2025-12-29,28810.89,28439.8,27993.95,4.02,4.29,多,56.8,95.1,96,🟢 Strong Risk ON,0.89,TOP,⚪ Top Watch,0,0,⚪ Inactive,0,0,⚪ Top Watch,2.92,0.99,87.5,True,False,False,False,1.02,537,408,https://www.twse.com.tw/rwd/zh/afterTrading/MI_INDEX?type=ALL,https://www.twse.com.tw/rwd/zh/fund/BFI82U
2025-12-30,28707.13,28551.3,28062.18,1.98,4.99,多,34.1,44.7,61,🟢 Risk ON,-0.36,NORMAL,⚪ Normal,0,0,⚪ Inactive,0,0,⚪ Inactive,2.3,1.14,54.9,False,False,False,False,0.64,324,625,https://www.twse.com.tw/rwd/zh/afterTrading/MI_INDEX?type=ALL,https://www.twse.com.tw/rwd/zh/fund/BFI82U
2025-12-31,28963.6,28681.92,28132.15,2.31,5.08,多,39.7,-5.2,71,🟢 Risk ON,0.89,NORMAL,⚪ Normal,0,0,⚪ Inactive,0,0,⚪ Inactive,2.96,1.24,85.6,True,False,False,False,0.76,378,574,https://www.twse.com.tw/rwd/zh/afterTrading/MI_INDEX?type=ALL,https://www.twse.com.tw/rwd/zh/fund/BFI82U
2026-01-02,29349.81,28877.49,28209.98,3.45,5.6,多,51.8,120.2,92,🟢 Strong Risk ON,1.33,TOP,⚪ Top Watch,0,0,⚪ Inactive,0,0,⚪ Top Watch,4.04,1.28,96.2,True,False,False,False,1.16,503,468,https://www.twse.com.tw/rwd/zh/afterTrading/MI_INDEX?type=ALL,https://www.twse.com.tw/rwd/zh/fund/BFI82U
2026-01-05,30105.04,29187.29,28325.45,5.42,8.31,多,25.1,-76.4,65,🟢 Risk ON,2.57,TOP,🟠 Top Reversal Attempt,0,0,⚪ Inactive,3,4,🟠 Top Reversal Attempt,6.28,1.32,58.1,True,False,False,True,1.68,251,749,https://www.twse.com.tw/rwd/zh/afterTrading/MI_INDEX?type=ALL,https://www.twse.com.tw/rwd/zh/fund/BFI82U
2026-01-06,30576.3,29540.38,28455.22,6.13,9.28,多,59.3,28.4,100,🟢 Strong Risk ON,1.57,TOP,🟡 Overbought Watch,0,0,⚪ Inactive,3,1,🟡 Overbought Watch,7.45,1.4,100.0,True,False,False,True,1.79,565,388,https://www.twse.com.tw/rwd/zh/afterTrading/MI_INDEX?type=ALL,https://www.twse.com.tw/rwd/zh/fund/BFI82U
2026-01-07,30435.47,29886.04,28561.81,6.02,7.53,多,63.9,-295.1,75,🟢 Strong Risk ON,-0.46,TOP,🟡 Overbought Watch,0,0,⚪ Inactive,3,2,🟡 Overbought Watch,6.56,1.65,49.0,False,False,False,True,1.9,622,352,https://www.twse.com.tw/rwd/zh/afterTrading/MI_INDEX?type=ALL,https://www.twse.com.tw/rwd/zh/fund/BFI82U
2026-01-08,30360.55,30165.43,28670.7,4.82,7.73,多,38.8,-6.8,61,🟢 Risk ON,-0.25,TOP,🟠 Top Reversal Attempt,0,0,⚪ Inactive,1,5,🟠 Top Reversal Attempt,5.89,1.57,28.4,False,False,False,True,1.71,374,590,https://www.twse.com.tw/rwd/zh/afterTrading/MI_INDEX?type=ALL,https://www.twse.com.tw/rwd/zh/fund/BFI82U
2026-01-09,30288.96,30353.26,28765.11,3.2,6.65,多,53.0,-84.4,67,🟢 Risk ON,-0.24,TOP,🟡 Overbought Watch,0,0,⚪ Inactive,0,1,🟡 Overbought Watch,5.3,1.2,63.2,False,False,False,True,1.36,506,448,https://www.twse.com.tw/rwd/zh/afterTrading/MI_INDEX?type=ALL,https://www.twse.com.tw/rwd/zh/fund/BFI82U
2026-01-12,30567.29,30445.71,28892.24,1.54,9.07,多,65.3,-121.7,80,🟢 Strong Risk ON,0.92,TOP,🟡 Overbought Watch,0,0,⚪ Inactive,0,1,🟡 Overbought Watch,5.8,1.04,45.2,True,False,False,True,0.78,628,334,https://www.twse.com.tw/rwd/zh/afterTrading/MI_INDEX?type=ALL,https://www.twse.com.tw/rwd/zh/fund/BFI82U
2026-01-13,30707.22,30471.9,29017.7,0.43,8.9,多,39.3,157.4,75,🟢 Strong Risk ON,0.46,TOP,🟡 Overbought Watch,0,0,⚪ Inactive,0,2,🟡 Overbought Watch,5.82,1.19,40.0,True,False,False,True,0.5,389,601,https://www.twse.com.tw/rwd/zh/afterTrading/MI_INDEX?type=ALL,https://www.twse.com.tw/rwd/zh/fund/BFI82U
2026-01-14,30941.78,30573.16,29171.44,1.66,11.03,多,83.1,132.8,95,🟢 Strong Risk ON,0.76,TOP,🟡 Overbought Watch,0,0,⚪ Inactive,4,0,🟡 Overbought Watch,6.07,1.06,79.0,False,False,False,True,0.59,815,166,https://www.twse.com.tw/rwd/zh/afterTrading/MI_INDEX?type=ALL,https://www.twse.com.tw/rwd/zh/fund/BFI82U
2026-01-15,30810.58,30663.17,29335.14,1.48,11.89,多,55.1,-2.1,76,🟢 Strong Risk ON,-0.42,TOP,🟡 Overbought Watch,0,0,⚪ Inactive,0,1,🟡 Overbought Watch,5.03,1.14,68.7,False,False,False,True,0.64,530,432,https://www.twse.com.tw/rwd/zh/afterTrading/MI_INDEX?type=ALL,https://www.twse.com.tw/rwd/zh/fund/BFI82U
2026-01-16,31408.7,30887.11,29529.32,3.7,14.11,多,43.3,399.2,80,🟢 Strong Risk ON,1.94,TOP,🟡 Overbought Watch,0,0,⚪ Inactive,3,2,🟡 Overbought Watch,6.36,1.25,89.5,True,False,False,True,1.06,421,552,https://www.twse.com.tw/rwd/zh/afterTrading/MI_INDEX?type=ALL,https://www.twse.com.tw/rwd/zh/fund/BFI82U
2026-01-19,31639.29,31101.51,29737.85,3.51,15.18,多,57.5,-277.9,85,🟢 Strong Risk ON,0.73,TOP,🟡 Overbought Watch,0,0,⚪ Inactive,3,2,🟡 Overbought Watch,6.39,1.32,65.3,True,False,False,True,1.04,563,416,https://www.twse.com.tw/rwd/zh/afterTrading/MI_INDEX?type=ALL,https://www.twse.com.tw/rwd/zh/fund/BFI82U
2026-01-20,31759.99,31312.07,29941.04,3.43,14.67,多,35.8,-39.8,71,🟢 Risk ON,0.38,TOP,🟡 Overbought Watch,0,0,⚪ Inactive,3,3,🟡 Overbought Watch,6.08,1.29,100.0,False,False,False,True,1.03,347,622,https://www.twse.com.tw/rwd/zh/afterTrading/MI_INDEX?type=ALL,https://www.twse.com.tw/rwd/zh/fund/BFI82U
2026-01-21,31246.37,31372.99,30095.87,0.98,11.0,多,25.6,-445.7,50,🟡 Neutral,-1.62,TOP,🔴 Strong Top Reversal,0,0,⚪ Inactive,0,7,🔴 Strong Top Reversal,3.82,1.35,8.3,False,True,False,True,1.27,250,726,https://www.twse.com.tw/rwd/zh/afterTrading/MI_INDEX?type=ALL,https://www.twse.com.tw/rwd/zh/fund/BFI82U
2026-01-22,31746.08,31560.09,30267.65,3.04,12.14,多,60.8,192.8,100,🟢 Strong Risk ON,1.6,TOP,🟡 Overbought Watch,0,0,⚪ Inactive,2,0,🟡 Overbought Watch,4.88,1.2,72.2,False,False,False,True,1.64,584,376,https://www.twse.com.tw/rwd/zh/afterTrading/MI_INDEX?type=ALL,https://www.twse.com.tw/rwd/zh/fund/BFI82U
2026-01-23,31961.51,31670.65,30447.13,1.76,12.65,多,46.4,232.1,80,🟢 Strong Risk ON,0.68,TOP,🟡 Overbought Watch,0,0,⚪ Inactive,1,0,🟡 Overbought Watch,4.97,1.1,76.8,True,False,False,True,1.17,450,519,https://www.twse.com.tw/rwd/zh/afterTrading/MI_INDEX?type=ALL,https://www.twse.com.tw/rwd/zh/fund/BFI82U
2026-01-26,32064.52,31755.69,30622.55,1.34,12.29,多,59.6,-14.9,86,🟢 Strong Risk ON,0.32,TOP,🟡 Overbought Watch,0,0,⚪ Inactive,1,1,🟡 Overbought Watch,4.71,0.97,36.1,True,False,False,True,1.04,573,388,https://www.twse.com.tw/rwd/zh/afterTrading/MI_INDEX?type=ALL,https://www.twse.com.tw/rwd/zh/fund/BFI82U
2026-01-27,32317.92,31867.28,30797.91,1.76,12.17,多,40.1,222.8,75,🟢 Strong Risk ON,0.79,TOP,⚪ Top Watch,0,0,⚪ Inactive,1,0,⚪ Top Watch,4.94,1.11,66.9,True,False,False,False,1.16,392,585,https://www.twse.com.tw/rwd/zh/afterTrading/MI_INDEX?type=ALL,https://www.twse.com.tw/rwd/zh/fund/BFI82U
2026-01-28,32803.82,32178.77,31002.74,4.98,14.27,多,47.6,332.8,85,🟢 Strong Risk ON,1.5,TOP,⚪ Top Watch,0,0,⚪ Inactive,1,0,⚪ Top Watch,5.81,1.07,100.0,True,False,False,False,1.14,470,517,https://www.twse.com.tw/rwd/zh/afterTrading/MI_INDEX?type=ALL,https://www.twse.com.tw/rwd/zh/fund/BFI82U
2026-01-29,32536.27,32336.81,31181.37,2.49,12.34,多,27.9,146.6,70,🟢 Risk ON,-0.82,TOP,⚪ Top Watch,0,0,⚪ Inactive,1,0,⚪ Top Watch,4.35,1.13,12.2,False,False,False,False,0.9,273,704,https://www.twse.com.tw/rwd/zh/afterTrading/MI_INDEX?type=ALL,https://www.twse.com.tw/rwd/zh/fund/BFI82U
2026-01-30,32063.75,32357.26,31317.07,0.32,9.25,多,17.5,-512.4,50,🟡 Neutral,-1.45,NORMAL,⚪ Normal,0,0,⚪ Inactive,0,0,⚪ Inactive,2.38,1.12,10.7,False,True,False,False,1.04,176,830,https://www.twse.com.tw/rwd/zh/afterTrading/MI_INDEX?type=ALL,https://www.twse.com.tw/rwd/zh/fund/BFI82U
2026-02-02,31624.03,32269.16,31393.02,-1.37,5.05,多,15.4,-480.5,44,🔴 Risk OFF,-1.37,NORMAL,⚪ Normal,0,0,⚪ Inactive,0,0,⚪ Inactive,0.74,0.85,40.7,False,True,False,False,1.29,157,861,https://www.twse.com.tw/rwd/zh/afterTrading/MI_INDEX?type=ALL,https://www.twse.com.tw/rwd/zh/fund/BFI82U
2026-02-03,32195.36,32244.65,31473.97,-0.38,5.3,多,64.8,72.7,89,🟢 Strong Risk ON,1.81,NORMAL,⚪ Normal,0,0,⚪ Inactive,0,0,⚪ Inactive,2.29,0.84,82.3,True,False,False,False,1.52,622,338,https://www.twse.com.tw/rwd/zh/afterTrading/MI_INDEX?type=ALL,https://www.twse.com.tw/rwd/zh/fund/BFI82U
2026-02-04,32289.81,32141.84,31566.69,-1.57,6.09,多,81.6,120.7,89,🟢 Strong Risk ON,0.29,NORMAL,⚪ Normal,0,0,⚪ Inactive,0,0,⚪ Inactive,2.29,0.76,79.4,False,False,False,False,1.18,809,182,https://www.twse.com.tw/rwd/zh/afterTrading/MI_INDEX?type=ALL,https://www.twse.com.tw/rwd/zh/fund/BFI82U
2026-02-05,31801.27,31994.84,31638.73,-2.26,4.75,多,33.8,-726.9,36,🔴 Risk OFF,-1.51,NORMAL,⚪ Normal,0,0,⚪ Inactive,0,0,⚪ Inactive,0.51,0.83,6.8,False,True,False,False,1.33,330,646,https://www.twse.com.tw/rwd/zh/afterTrading/MI_INDEX?type=ALL,https://www.twse.com.tw/rwd/zh/fund/BFI82U
2026-02-06,31782.92,31938.68,31713.42,-0.88,4.93,多,16.3,-71.5,40,🔴 Risk OFF,-0.06,NORMAL,⚪ Normal,0,0,⚪ Inactive,0,0,⚪ Inactive,0.22,0.79,91.2,False,False,False,False,1.04,165,846,https://www.twse.com.tw/rwd/zh/afterTrading/MI_INDEX?type=ALL,https://www.twse.com.tw/rwd/zh/fund/BFI82U
2026-02-09,32404.62,32094.8,31805.29,2.47,6.01,多,60.0,247.7,100,🟢 Strong Risk ON,1.96,NORMAL,⚪ Normal,0,0,⚪ Inactive,0,0,⚪ Inactive,1.88,0.71,63.2,True,False,False,False,1.23,583,388,https://www.twse.com.tw/rwd/zh/afterTrading/MI_INDEX?type=ALL,https://www.twse.com.tw/rwd/zh/fund/BFI82U
